MaddeID,SiraNo,Bolum,StandartGrubu,KaynakTuru,StandartMaddeNo,KontrolBasligi,DenetciYonlendirmesi,YontemKodu,DogrulamaYontemi,HazirSecenekler,Olcu1Adi,Olcu1Birimi,Olcu2Adi,Olcu2Birimi,TahrikKosulu,MDKosulu,EsikDeger,EsikOperator,Aktif,AranmazKosulu,GorselReferansi,OlcumTanimlariJSON,OtomatikAranmazKuraliJSON,ResmiMaddeMetni,KaynakFormKodu,KaynakFormRevizyonu,KaynakFormTabloNo,KaynakFormSatirNo,DenetimProfilleriJSON,KaynakFormBolumu,KaynakFormAltGrubu
MAD-0001,1,00 - Ön Kontrol,Genel,Standart / AVES Formu,Muayene öncesi 1,Yükler ve kalibrasyon belgeleri,Yük testi için gereken yükleri ve kalibrasyon belgelerini kontrol et.,null,null,null,null,null,null,null,null,null,null,null,true,null,null,[],null,null,null,null,null,null,"[""modul_g_tam""]",null,null
MAD-0002,2,00 - Ön Kontrol,Genel,Standart / AVES Formu,Muayene öncesi 2,Sahada rehberlik eden personel,Firma çalışanı ve gerekli personel bilgisini doğrula.,null,null,null,null,null,null,null,null,null,null,null,true,null,null,[],null,null,null,null,null,null,"[""modul_g_tam""]",null,null
MAD-0003,3,00 - Ön Kontrol,Genel,Standart / AVES Formu,Muayene öncesi 3,İş güvenliği önlemleri,Denetim başlamadan önce güvenli çalışma şartlarını kontrol et.,null,null,null,null,null,null,null,null,null,null,null,true,null,null,[],null,null,null,null,null,null,"[""modul_g_tam""]",null,null
MAD-0004,4,00 - Ön Kontrol,Genel,Standart / AVES Formu,Muayene öncesi 4,Asansörün muayeneye hazır olması,"Asansörün tamamlanmış, proje ve teknik dosyanın sahada olduğunu doğrula.",null,null,null,null,null,null,null,null,null,null,null,true,null,null,[],null,null,null,null,null,null,"[""modul_g_tam""]",null,null
MAD-0005,5,00 - Ön Kontrol,Genel,Standart / AVES Formu,ÜB.TL.03,Başlangıç güvenlik kontrolü,Kuyuya girmeden önce teknik uzmanın güvenlik kontrolünü tamamla.,null,null,null,null,null,null,null,null,null,null,null,true,null,null,[],null,null,null,null,null,null,"[""modul_g_tam""]",null,null
MAD-0006,6,01 - Kuyu Dibi,Genel,Ek Mühendislik,EK-M-001,Tampon kaidesi güvenliği,"Tampon kaidesinin zemine sabitlendiğini, gevşeme veya deformasyon olmadığını ve kaide ekseninin kılavuz ray ekseniyle çakıştığını kontrol edin.",null,null,Şüpheli uygulama|Kritik kusur,null,null,null,null,null,null,null,null,true,null,null,[],null,Tampon kaideleri sabit olmalı ve ray ekseninde olmalıdır.,ÜB.FR.38,R.04,null,null,"[""modul_g_tam""]",null,null
MAD-0007,7,01 - Kuyu Dibi,Genel,Ek Mühendislik,EK-M-002,Regülatör gergi taşıyıcısı,"Taşıyıcıda gevşeme, zayıf kaynak veya ayrılma riski olup olmadığını incele.",null,null,Şüpheli uygulama|Kritik kusur,null,null,null,null,null,null,null,null,false,null,null,[],null,null,null,null,null,null,"[""modul_g_tam""]",null,null
MAD-0008,8,01 - Kuyu Dibi,Genel,Ek Mühendislik,EK-M-003,Kabin altı karkas ve bağlantılar,"Deformasyon, eksik civata, çatlak kaynak ve zayıf yük taşıyan bağlantıları incele.",null,null,Şüpheli uygulama|Kritik kusur,null,null,null,null,null,null,null,null,false,null,null,[],null,null,null,null,null,null,"[""modul_g_tam""]",null,null
MAD-0008A,8,01 - Kuyu Dibi,Genel,Saha Ölçümü,ÜB.FR.38 R.04 / ÜB.FR.39 R.02 — Temel Kuyu Tasarım Ölçüleri,Kuyu dibinde alınacak temel yerleşim ölçüleri,"Kuyuya girdikten sonra erişilebilen sabit yüzeylerden kuyu genişliği ve derinliğini, kabin tampon yüksekliğini ve karşı ağırlığın kuyudaki yerini ölçüp kaydedin; bu alan otomatik uygunluk sonucu üretmez, yalnızca saha kaydıdır.",C,Ölçüm,null,null,null,null,null,null,null,null,null,true,null,null,"[{""id"":""kuyu_genisligi"",""etiket"":""Kuyu genişliği"",""birim"":""mm"",""tur"":""sayi"",""kaynak"":""ÜB.FR.38 R.04 — Temel Kuyu Tasarım Ölçüleri; ÜB.FR.39 R.02 — Temel Kuyu Tasarım Ölçüleri"",""referans_metni"":""Sahada görülen değer kaydedilir; uygulama otomatik uygunluk kararı vermez.""},{""id"":""kuyu_derinligi"",""etiket"":""Kuyu derinliği"",""birim"":""mm"",""tur"":""sayi"",""kaynak"":""ÜB.FR.38 R.04 — Temel Kuyu Tasarım Ölçüleri; ÜB.FR.39 R.02 — Temel Kuyu Tasarım Ölçüleri"",""referans_metni"":""Sahada görülen değer kaydedilir; uygulama otomatik uygunluk kararı vermez.""},{""id"":""karsi_agirlik_yeri"",""etiket"":""Karşı ağırlığın kuyudaki yeri"",""birim"":null,""tur"":""secim"",""secenekler"":[""Arka"",""Sol"",""Sağ""],""kaynak"":""ÜB.FR.38 R.04 — Temel Kuyu Tasarım Ölçüleri; ÜB.FR.39 R.02 — Temel Kuyu Tasarım Ölçüleri"",""referans_metni"":""Sahadaki yerleşime göre seçilir; uygulama otomatik uygunluk kararı vermez.""},{""id"":""kabin_tampon_yuksekligi"",""etiket"":""Kabin tampon yüksekliği"",""birim"":""mm"",""tur"":""sayi"",""kaynak"":""ÜB.FR.38 R.04 / ÜB.FR.39 R.02 — Temel Kuyu Tasarım Ölçüleri"",""referans_metni"":""Sahada görülen değer kaydedilir; uygulama otomatik uygunluk kararı vermez.""},{""id"":""kuyu_dibi_yuksekligi"",""etiket"":""Kuyu dibi yüksekliği"",""birim"":""mm"",""tur"":""sayi"",""kaynak"":""ÜB.FR.38 R.04 / ÜB.FR.39 R.02 — Temel Kuyu Tasarım Ölçüleri"",""referans_metni"":""Sahada görülen değer kaydedilir; uygulama otomatik uygunluk kararı vermez.""}]",null,"TEMEL KUYU TASARIM ÖLÇÜLERİ (mm): Kuyu genişliği, Kuyu derinliği, Kabin tampon yüksekliği, Ray ile kapı arası, Kuyu dibi yüksekliği, Karşı ağırlık yeri (Arka/Sol/Sağ), Kabin raylar arası, Karşı ağırlık raylar arası, Kabin kılavuz ray tipi, Karşı ağırlık kılavuz ray tipi, Kat kapısı net genişliği, Kat kapısı net yüksekliği, Kat kapısının tipi (Otomatik/Manuel) ve açılma yönü (Sağ/Sol/Merkezi/Düşey), Kabin genişliği, Kabin derinliği, Kabin kılavuz ray konsolları arası mesafe, Kabin patenleri arası düşey mesafe, Karşı ağırlık kılavuz ray konsolları arası mesafe, Karşı ağırlık patenleri arası düşey mesafe.",ÜB.FR.38,R.04,null,null,"[""modul_g_tam"",""saha_teyidi_e"",""saha_teyidi_h1""]",null,null
MAD-0008E,8,01 - Kuyu Dibi,81-1/2+A3,Saha Ölçümü,ÜB.FR.39 R.02 — Temel Kuyu Tasarım Ölçüleri,A3 setinde kuyu dibi ve tampon temel ölçüleri,FR.39 temel kuyu tasarım tablosu için kuyu dibi yüksekliğini ve kabin tampon yüksekliğini sahada ölçerek kaydedin; bu alan otomatik uygunluk sonucu üretmez.,C,Ölçüm,null,null,null,null,null,null,null,null,null,true,null,null,"[{""id"":""a3_kuyu_dibi_yuksekligi"",""etiket"":""Kuyu dibi yüksekliği"",""birim"":""mm"",""tur"":""sayi"",""kaynak"":""ÜB.FR.39 R.02 — Temel Kuyu Tasarım Ölçüleri"",""referans_metni"":""Sahada görülen değer kaydedilir; uygulama otomatik uygunluk kararı vermez.""},{""id"":""a3_kabin_tampon_yuksekligi"",""etiket"":""Kabin tampon yüksekliği"",""birim"":""mm"",""tur"":""sayi"",""kaynak"":""ÜB.FR.39 R.02 — Temel Kuyu Tasarım Ölçüleri"",""referans_metni"":""Sahada görülen değer kaydedilir; uygulama otomatik uygunluk kararı vermez.""}]",null,"TEMEL KUYU TASARIM ÖLÇÜLERİ (mm): Kuyu genişliği, Kuyu derinliği, Kabin tampon yüksekliği, Ray ile kapı arası, Kuyu dibi yüksekliği, Karşı ağırlık yeri (Arka/Sol/Sağ), Kabin raylar arası, Karşı ağırlık raylar arası, Kabin kılavuz ray tipi, Karşı ağırlık kılavuz ray tipi, Kat kapısı net genişliği, Kat kapısı net yüksekliği, Kat kapısının tipi (Otomatik/Manuel) ve açılma yönü (Sağ/Sol/Merkezi/Düşey), Kabin genişliği, Kabin derinliği.",ÜB.FR.39,R.02,null,null,"[""modul_g_tam""]",null,null
MAD-0009,9,01 - Kuyu Dibi,81-20,Standart / ÜB.FR.38,5.2.1.5.1 d,Kuyu dibi aydınlatma anahtarının erişim mesafeleri,Kuyu dibi aydınlatma anahtarının erişim kapısı çerçevesine yatay ve durak/erişim seviyesine dikey mesafesini ölçün.,"A,B,C,D,E",Görsel + Test + Ölçüm + Çizim/Hesap + Talimat/İşaret,null,null,null,null,null,null,null,null,null,true,null,null,"[{""id"":""aydinlatma_anahtari_yatay"",""etiket"":""Kapı çerçevesi iç kenarından yatay mesafe"",""birim"":""mm"",""tur"":""sayi"",""referans_metni"":""En fazla 750 mm"",""kaynak"":""TS EN 81-20:2020"",""paylasimli_anahtar"":null},{""id"":""aydinlatma_anahtari_dusey"",""etiket"":""Erişim/durak seviyesinden düşey yükseklik"",""birim"":""mm"",""tur"":""sayi"",""referans_metni"":""En az 1000 mm"",""kaynak"":""TS EN 81-20:2020"",""paylasimli_anahtar"":null}]",null,"Aydınlatma anahtarı (durak seviyesinden asgari 1,0 m, kapı çerçevesinden azami 0,75 m).",ÜB.FR.38,R.04,null,null,"[""modul_g_tam""]",null,null
MAD-0010,10,01 - Kuyu Dibi,81-20,Standart / ÜB.FR.38,5.2.2.2,Kuyu dibi erişim yolu aydınlatması,Kuyu dibi erişim yolundaki sabit aydınlatmanın varlığını doğrulayın ve zemin seviyesinde lüksmetre ile ölçün.,"A,C,E",Görsel + Ölçüm + Talimat/İşaret,null,null,null,null,null,null,null,null,null,true,null,null,[],null,Kuyuya erişime izin veren giriş yollarında en az 50 lüks aydınlatma sağlayan sabit bir aydınlatma sağlanmalıdır.,ÜB.FR.38,R.04,null,null,"[""modul_g_tam""]",null,null
MAD-0011,11,01 - Kuyu Dibi,81-20,Standart / ÜB.FR.38,5.2.1.4.1 b,Kuyu dibi çalışma alanı aydınlatması,"Tüm kapılar kapalıyken kuyu dibi zemininden 1000 mm yükseklikte, çalışma alanlarındaki aydınlığı lüksmetreyle ölçün.","A,B,C,D,E",Görsel + Test + Ölçüm + Çizim/Hesap + Talimat/İşaret,null,null,null,null,null,null,null,null,null,true,null,null,[],null,"Kuyu, kabinin kuyu içindeki seyri boyunca herhangi bir konumunda, tüm kapılar kapalı olduğunda bile, aşağıdaki aydınlatma yoğunluğunu sağlayan, kalıcı olarak kurulmuş elektrikli aydınlatma ile donatılmalıdır: bir kişinin kuyu alt boşluğu zemininin 1,0 m üzerinde ayakta durabileceği, çalışabileceği ve/veya çalışma alanları arasında hareket edebileceği her yerde en az 50 lüks.",ÜB.FR.38,R.04,null,null,"[""modul_g_tam""]",null,null
MAD-0012,12,01 - Kuyu Dibi,81-20,Standart / ÜB.FR.38,5.2.1.4.1 c,Kuyunun genel aydınlatılması,Kabin veya donanımın gölgelediği alanlar dışında kuyudaki en düşük aydınlık değerini lüksmetreyle ölçün.,"A,B,C,D,E",Görsel + Test + Ölçüm + Çizim/Hesap + Talimat/İşaret,null,null,null,null,null,null,null,null,null,true,null,null,[],null,"Kabin veya aksamın oluşturduğu gölgelerin haricinde, en az 20 lüks.",ÜB.FR.38,R.04,null,null,"[""modul_g_tam""]",null,null
MAD-0013,13,01 - Kuyu Dibi,81-20,Standart / ÜB.FR.38,5.2.1.5.1 a 1,Kuyu dibi derinliği ve sığ kuyu dibi durdurma anahtarı,Kuyu dibi derinliğini bir kez ölçün; 1600 mm veya altındaysa durdurma anahtarının yatay ve dikey konumunu bu sınırlara göre kontrol edin.,"A,B,C,D,E",Görsel + Test + Ölçüm + Çizim/Hesap + Talimat/İşaret,null,null,null,null,null,null,null,null,null,true,Kuyu dibi derinliği 1600 mm’den fazlaysa sistem Aranmaz olarak ön işaretler; mühendis değiştirebilir.,null,"[{""id"":""kuyu_dibi_derinligi"",""etiket"":""Kuyu dibi derinliği"",""birim"":""mm"",""tur"":""sayi"",""referans_metni"":""Bu değer sığ/derin stop ve erişim kapısı koşullarında ortak kullanılır."",""kaynak"":""TS EN 81-20:2020"",""paylasimli_anahtar"":""kuyu_dibi_derinligi""},{""id"":""sig_stop_yatay"",""etiket"":""Stopun kapı çerçevesinden yatay mesafesi"",""birim"":""mm"",""tur"":""sayi"",""referans_metni"":""En fazla 750 mm"",""kaynak"":""TS EN 81-20:2020"",""paylasimli_anahtar"":null},{""id"":""sig_stop_durak_ustu"",""etiket"":""Stopun en alt durak seviyesinden yüksekliği"",""birim"":""mm"",""tur"":""sayi"",""referans_metni"":""En az 400 mm"",""kaynak"":""TS EN 81-20:2020"",""paylasimli_anahtar"":null},{""id"":""sig_stop_pit_ustu"",""etiket"":""Stopun kuyu dibi zemininden yüksekliği"",""birim"":""mm"",""tur"":""sayi"",""referans_metni"":""En fazla 2000 mm"",""kaynak"":""TS EN 81-20:2020"",""paylasimli_anahtar"":null}]","{""paylasimli_anahtar"":""kuyu_dibi_derinligi"",""operator"":"">"",""deger"":1600}","Kuyu derinliği 1,60 m'den az veya eşit ise durdurma anahtarları (kapı çerçevesi iç kenarından azami 0,75 m yatay mesafede) kuyu dibinden en fazla 2,0 m ve durak seviyesinden en az 0,4 m.",ÜB.FR.38,R.04,null,null,"[""modul_g_tam"",""saha_teyidi_e"",""saha_teyidi_h1""]",null,null
MAD-0014,14,01 - Kuyu Dibi,81-20,Standart / ÜB.FR.38,5.2.1.5.1 a 2,Derin kuyu dibinde iki durdurma anahtarının konumu,Kuyu dibi derinliği 1600 mm'yi aşıyorsa iki durdurma anahtarının varlığını ve her birinin konum mesafelerini ayrı ayrı ölçün.,"A,B,C,D,E",Görsel + Test + Ölçüm + Çizim/Hesap + Talimat/İşaret,null,null,null,null,null,null,null,null,null,true,Kuyu dibi derinliği 1600 mm veya daha azsa sistem Aranmaz olarak ön işaretler; mühendis değiştirebilir.,null,"[{""id"":""derin_ust_stop_yatay"",""etiket"":""Üst stopun kapı çerçevesinden yatay mesafesi"",""birim"":""mm"",""tur"":""sayi"",""referans_metni"":""En fazla 750 mm"",""kaynak"":""TS EN 81-20:2020"",""paylasimli_anahtar"":null},{""id"":""derin_ust_stop_durak_ustu"",""etiket"":""Üst stopun en alt durak seviyesinden yüksekliği"",""birim"":""mm"",""tur"":""sayi"",""referans_metni"":""En az 1000 mm"",""kaynak"":""TS EN 81-20:2020"",""paylasimli_anahtar"":null},{""id"":""derin_alt_stop_pit_ustu"",""etiket"":""Alt stopun kuyu dibi zemininden yüksekliği"",""birim"":""mm"",""tur"":""sayi"",""referans_metni"":""En fazla 1200 mm"",""kaynak"":""TS EN 81-20:2020"",""paylasimli_anahtar"":null}]","{""paylasimli_anahtar"":""kuyu_dibi_derinligi"",""operator"":""<="",""deger"":1600}","Kuyu derinliği 1,60 m'den fazla ise durdurma anahtarları (kapı çerçevesi iç kenarından azami 0,75 m yatay mesafede) birinci anahtar kuyu dibinden en fazla 1,20 m ve ikinci anahtar durak seviyesinden en az 1,0 m dikey mesafe içinde olmalıdır.",ÜB.FR.38,R.04,null,null,"[""modul_g_tam""]",null,null
MAD-0015,15,01 - Kuyu Dibi,81-20,Standart / ÜB.FR.38,5.2.1.5.1 a 3,Ayrı kuyu dibi erişim kapısındaki durdurma anahtarı,"Ayrı bir kuyu dibi erişim kapısı varsa, bu kapıdan ulaşılan durdurma anahtarının yatay ve dikey konumunu ölçün.","A,B,C,D,E",Görsel + Test + Ölçüm + Çizim/Hesap + Talimat/İşaret,null,null,null,null,null,null,null,null,null,true,Ayrı kuyu dibi erişim kapısı yoksa Aranmaz.,null,"[{""id"":""ayri_giris_stop_yatay"",""etiket"":""Ayrı giriş çerçevesinden yatay mesafe"",""birim"":""mm"",""tur"":""sayi"",""referans_metni"":""En fazla 750 mm"",""kaynak"":""TS EN 81-20:2020"",""paylasimli_anahtar"":null},{""id"":""ayri_giris_stop_pit_ustu"",""etiket"":""Kuyu dibi zemininden yükseklik"",""birim"":""mm"",""tur"":""sayi"",""referans_metni"":""En fazla 1200 mm"",""kaynak"":""TS EN 81-20:2020"",""paylasimli_anahtar"":null}]",null,"Durak kapıları haricinde bir kuyu alt boşluğu erişim kapısı olması durumunda, kuyu alt boşluğu zemininden 1,20 m yükseklikte tek bir durdurma anahtarı sağlanmalıdır. Aynı seviyede kuyu alt boşluğuna erişim sağlayan iki durak kapısı varsa, biri erişim donanımına sahip kuyu alt boşluğu erişim kapısı olarak belirlenmelidir.",ÜB.FR.38,R.04,null,null,"[""modul_g_tam""]",null,null
MAD-0016,16,01 - Kuyu Dibi,81-20,Standart / ÜB.FR.38,5.12.1.11.1,Kuyu dibi durdurma anahtarının yapısı ve işareti,Durdurma anahtarını çalıştırarak iki kararlı konumunu ve kazara çalışmaya karşı korumasını deneyin; üzerinde/yakınında DUR-STOP işaretinin bulunduğunu görsel olarak kontrol edin.,"A,B,C,D,E",Görsel + Test + Ölçüm + Çizim/Hesap + Talimat/İşaret,null,null,null,null,null,null,null,null,null,true,null,null,[],null,"Kuyu alt boşluğundaki durdurma anahtarı; iki konumlu dengeye sahip olmalı, kazara çalışmaya karşı korunmalı, üstünde veya yakınında, ""DUR/STOP"" kelimesi bulunmalıdır.",ÜB.FR.38,R.04,null,null,"[""modul_g_tam""]",null,null
MAD-0017,17,01 - Kuyu Dibi,81-20,Standart / ÜB.FR.38,5.2.2.4 a; 5.2.3.2 a; 5.2.3.3,Derin kuyu dibi için ayrı erişim kapısı,"Kuyu dibi derinliği 2500 mm'yi aşıyorsa erişim kapısının varlığını, net yükseklik/genişlik ölçülerini ve mekanik dayanım deney sonucunu kontrol edin.","A,C,E",Görsel + Ölçüm + Talimat/İşaret,null,null,null,null,null,null,null,null,null,true,Kuyu dibi derinliği 2500 mm veya daha azsa sistem Aranmaz olarak ön işaretler; mühendis değiştirebilir.,null,"[{""id"":""erisim_kapisi_net_yukseklik"",""etiket"":""Erişim kapısı net yüksekliği"",""birim"":""mm"",""tur"":""sayi"",""referans_metni"":""En az 2000 mm"",""kaynak"":""TS EN 81-20:2020"",""paylasimli_anahtar"":null},{""id"":""erisim_kapisi_net_genislik"",""etiket"":""Erişim kapısı net genişliği"",""birim"":""mm"",""tur"":""sayi"",""referans_metni"":""En az 600 mm"",""kaynak"":""TS EN 81-20:2020"",""paylasimli_anahtar"":null}]","{""paylasimli_anahtar"":""kuyu_dibi_derinligi"",""operator"":""<="",""deger"":2500}","Kuyu alt boşluğu derinliğinin 2,50 m'yi aşması durumunda, bir erişim kapısı olmalıdır. Kuyuya erişim kapıları asgari 2,0 m yüksekliğe ve asgari 0,60 m genişliğe sahip olmalıdır. Yuvarlak veya kare kesitli 0,30 m x 0,30 m'lik bir alana eşit olarak dağıtılmış 1000 N'luk bir kuvvet, kuyu dışından herhangi bir noktada dik açılarla uygulandığında, 15 mm'den daha büyük elastik deformasyona uğramadan dayanım gösterecek bir mekanik dayanıma sahip olmalıdır.",ÜB.FR.38,R.04,null,null,"[""modul_g_tam""]",null,null
MAD-0018,18,01 - Kuyu Dibi,81-20,Standart / ÜB.FR.38,5.2.2.4 b,Kuyu dibine erişim yönteminin seçimi,Kuyu dibi derinliğini ölçüp 2500 mm sınırına göre erişim kapısı veya kuyu içi merdivenden hangisinin uygulandığını tespit edin.,"A,C,E",Görsel + Ölçüm + Talimat/İşaret,null,null,null,null,null,null,null,null,null,true,Kuyu dibi derinliği 2500 mm’den fazlaysa veya uygun ayrı erişim kapısı kullanılıyorsa merdiven için Aranmaz.,null,[],"{""paylasimli_anahtar"":""kuyu_dibi_derinligi"",""operator"":"">"",""deger"":2500}","Kuyu alt boşluğu derinliğinin 2,50 m'yi aşmaması durumunda ya bir erişim kapısı ya da durak kapısından kolayca erişilebilir kuyu içerisinde bir merdiven sağlanmalıdır.",ÜB.FR.38,R.04,null,null,"[""modul_g_tam""]",null,null
MAD-0019,19,01 - Kuyu Dibi,81-20,Standart / ÜB.FR.38,5.2.2.4,Kuyu dibi merdiveninin depolama ve hareket güvenliği,Merdivenin muhafaza konumunun hareketli parçalarla çakışıp çakışmadığını inceleyin; çakışıyorsa elektrikli güvenlik tertibatını işlevsel olarak deneyin ve topraklamasını kontrol edin.,"A,C,E",Görsel + Ölçüm + Talimat/İşaret,null,null,null,null,null,null,null,null,null,true,Kuyu dibine merdiven yerine ayrı erişim kapısından giriliyorsa Aranmaz.,null,[],null,"Taşınabilir merdiven hareketli parçaların alanına dâhil oluyorsa elektrikli güvenlik tertibatı ile donatılmalı, kuyu dibinde depolanıyorsa sığınma alanına dahil edilmemelidir. (topraklaması olmalıdır.)",ÜB.FR.38,R.04,null,null,"[""modul_g_tam""]",null,null
MAD-0020,20,01 - Kuyu Dibi,81-20,Standart / ÜB.FR.38,EK F,Kuyu dibi merdiveninin sabitlenmesi ve dayanımı,"Merdivenin kalıcı olarak muhafaza edildiğini ve kuyudan çıkarılamadığını doğrulayın; dayanım belgesini/deney sonucunu kontrol edin, deney kuvvetini ölçü alanına yazmayın.","A,C,E",Görsel + Ölçüm + Talimat/İşaret,null,null,null,null,null,null,null,null,null,true,Kuyu dibine merdiven yerine ayrı erişim kapısından giriliyorsa Aranmaz.,null,[],null,Kuyu dibi merdiven kuyudan sökülemeyecek şekilde olmalı ve en az 1500 N dayanıma sahip olmalıdır.,ÜB.FR.38,R.04,null,null,"[""modul_g_tam""]",null,null
MAD-0021,21,01 - Kuyu Dibi,81-20,Standart / ÜB.FR.38,EK F,Hareketli veya katlanabilir merdivenin elle taşınabilirliği,Hareketli veya katlanabilir merdivenin taşınma biçimini gözlemleyin ve kütlesinin 15 kg'ı aşmadığını tartarak veya belgeden doğrulayın.,"A,C,E",Görsel + Ölçüm + Talimat/İşaret,null,null,null,null,null,null,null,null,null,true,Sabit veya geri çekilebilir merdiven kullanılıyorsa ya da kuyu dibine ayrı erişim kapısından giriliyorsa Aranmaz.,null,[],null,"Merdivenin portatif olması durumunda azami ağırlığı, durak kapısı eşiğinden kolay ve güvenli şekilde taşınmasını sağlamak üzere 15 kg'ı aşmamalıdır. (Hareketli ve katlanabilir merdivenler (tip 3 ve tip 4) için geçerlidir.)",ÜB.FR.38,R.04,null,null,"[""modul_g_tam""]",null,null
MAD-0022,22,01 - Kuyu Dibi,81-20,Standart / ÜB.FR.38,EK F,Kuyu dibi merdiveninin malzemesi ve korozyon koruması,"Merdivenin malzemesinin alüminyum veya çelik olduğunu, ahşap kullanılmadığını görsel olarak kontrol edin; çelik ise korozyon korumasını inceleyin.","A,C,E",Görsel + Ölçüm + Talimat/İşaret,null,null,null,null,null,null,null,null,null,true,Kuyu dibine merdiven yerine ayrı erişim kapısından giriliyorsa Aranmaz.,null,[],null,Alüminyum veya çelikten yapılmalıdır. (yanan malzeme örneğin ahşaptan yapılmamalı),ÜB.FR.38,R.04,null,null,"[""modul_g_tam""]",null,null
MAD-0023,23,01 - Kuyu Dibi,81-20,Standart / ÜB.FR.38,EK F,Merdivenin durak eşiği üzerindeki tutunma yüksekliği,Merdiven kullanım konumundayken dikmelerin durak eşiği seviyesinden dikey yüksekliğini ölçün.,"A,C,E",Görsel + Ölçüm + Talimat/İşaret,null,null,null,null,null,null,null,null,null,true,Kuyu dibine merdiven yerine ayrı erişim kapısından giriliyorsa Aranmaz.,null,"[{""id"":""merdiven_tutunma_yuksekligi"",""etiket"":""Durak eşiği üzerindeki tutunma yüksekliği"",""birim"":""mm"",""tur"":""sayi"",""referans_metni"":""En az 1100 mm"",""kaynak"":""TS EN 81-20:2020""}]",null,"Uzunluğu durak eşiği seviyesinden dikey olarak asgari 1,10 m yükseklikte olmalıdır.",ÜB.FR.38,R.04,null,null,"[""modul_g_tam""]",null,null
MAD-0024,24,01 - Kuyu Dibi,81-20,Standart / ÜB.FR.38,EK F,Merdiven dikmelerinin kavrama kesiti,Merdiven dikmesinin kesit genişliğini ve derinliğini kumpasla ölçün.,"A,C,E",Görsel + Ölçüm + Talimat/İşaret,null,null,null,null,null,null,null,null,null,true,Kuyu dibine merdiven yerine ayrı erişim kapısından giriliyorsa Aranmaz.,null,"[{""id"":""merdiven_dikme_genisligi"",""etiket"":""Dikme genişliği"",""birim"":""mm"",""tur"":""sayi"",""referans_metni"":""En fazla 35 mm"",""kaynak"":""TS EN 81-20:2020""},{""id"":""merdiven_dikme_derinligi"",""etiket"":""Dikme derinliği"",""birim"":""mm"",""tur"":""sayi"",""referans_metni"":""En fazla 100 mm"",""kaynak"":""TS EN 81-20:2020""}]",null,Merdiven dikmelerinin kesit alanı genişliği 35 mm'yi aşmamalı ve 100 mm'yi derinliği aşmamalıdır.,ÜB.FR.38,R.04,null,null,"[""modul_g_tam""]",null,null
MAD-0025,25,01 - Kuyu Dibi,81-20,Standart / ÜB.FR.38,EK F,Merdiven basamağının kesiti ve kaymazlığı,"Basamak kesitinin biçimini ve çapını/düz yüzey ölçüsünü ölçün, kaymazlığını elle kontrol edin.","A,C,E",Görsel + Ölçüm + Talimat/İşaret,null,null,null,null,null,null,null,null,null,true,Kuyu dibine merdiven yerine ayrı erişim kapısından giriliyorsa Aranmaz.,null,"[{""id"":""merdiven_basamak_kesiti"",""etiket"":""Basamak çapı / düz basma yüzeyi"",""birim"":""mm"",""tur"":""sayi"",""referans_metni"":""En az 25 mm, en fazla 35 mm"",""kaynak"":""TS EN 81-20:2020""}]",null,Merdiven basamaklarının en kesiti; asgari 25 mm ve azami 35 mm düz basamağa veya çapa sahip dairesel veya çokgen (kare veya 4 kenardan fazla) olmalıdır.,ÜB.FR.38,R.04,null,null,"[""modul_g_tam""]",null,null
MAD-0026,26,01 - Kuyu Dibi,81-20,Standart / ÜB.FR.38,EK F,Merdiven basamaklarının net genişliği ve aralığı,Basamak net genişliğini ve ardışık basamaklar arası düşey aralığı ölçün.,"A,C,E",Görsel + Ölçüm + Talimat/İşaret,null,null,null,null,null,null,null,null,null,true,Kuyu dibine merdiven yerine ayrı erişim kapısından giriliyorsa Aranmaz.,null,"[{""id"":""merdiven_basamak_net_genisligi"",""etiket"":""Basamak net genişliği"",""birim"":""mm"",""tur"":""sayi"",""referans_metni"":""En az 280 mm"",""kaynak"":""TS EN 81-20:2020""},{""id"":""merdiven_basamak_araligi"",""etiket"":""Basamaklar arası düşey mesafe"",""birim"":""mm"",""tur"":""sayi"",""referans_metni"":""250–300 mm"",""kaynak"":""TS EN 81-20:2020""}]",null,"Basamaklar genişliği en az 0,28 m ve basamak aralıkları 0,25-0,3 m arasında eşit olmalıdır.",ÜB.FR.38,R.04,null,null,"[""modul_g_tam""]",null,null
MAD-0027,27,01 - Kuyu Dibi,81-20,Standart / ÜB.FR.38,EK F,Düşey merdivende basamak arkası net mesafe,Düşey merdivende en dar basamağın arkası ile kuyu duvarı arasındaki net mesafeyi ölçün.,"A,C,E",Görsel + Ölçüm + Talimat/İşaret,null,null,null,null,null,null,null,null,null,true,Merdiven düşey tipte değilse veya kuyu dibine ayrı erişim kapısından giriliyorsa Aranmaz.,null,"[{""id"":""merdiven_basamak_arka_mesafe"",""etiket"":""Basamak arkası–duvar net mesafesi"",""birim"":""mm"",""tur"":""sayi"",""referans_metni"":""En az 200 mm"",""kaynak"":""TS EN 81-20:2020""}]",null,"Düşey merdivenlerde, herhangi bir basamağın arkası ile kuyu alt boşluğu duvarı arasında asgari 200 mm net mesafe bulunmalıdır.",ÜB.FR.38,R.04,null,null,"[""modul_g_tam""]",null,null
MAD-0028,28,01 - Kuyu Dibi,81-20,Standart / ÜB.FR.38,EK F,Merdivenin muhafaza konumunda durak girişine uzaklığı,Merdiven muhafaza konumundayken durak girişi kenarına olan mesafeyi ölçün.,"A,C,E",Görsel + Ölçüm + Talimat/İşaret,null,null,null,null,null,null,null,null,null,true,Kuyu dibine merdiven yerine ayrı erişim kapısından giriliyorsa Aranmaz.,null,"[{""id"":""merdiven_muhafaza_giris_mesafesi"",""etiket"":""Muhafaza konumunda giriş kenarına mesafe"",""birim"":""mm"",""tur"":""sayi"",""referans_metni"":""En fazla 800 mm"",""kaynak"":""TS EN 81-20:2020""}]",null,"Durak girişi kenarı ile muhafaza konumundaki merdiven arasındaki mesafe, 800 mm'den fazla olmamalıdır.",ÜB.FR.38,R.04,null,null,"[""modul_g_tam""]",null,null
MAD-0029,29,01 - Kuyu Dibi,81-20,Standart / ÜB.FR.38,EK F,Merdivenin çalışma konumunda erişim mesafesi,Merdiven çalışma konumundayken durak girişi kenarı ile basamak ekseni arasındaki yatay mesafeyi ölçün.,"A,C,E",Görsel + Ölçüm + Talimat/İşaret,null,null,null,null,null,null,null,null,null,true,Kuyu dibine merdiven yerine ayrı erişim kapısından giriliyorsa Aranmaz.,null,"[{""id"":""merdiven_calisma_giris_mesafesi"",""etiket"":""Giriş kenarı–basamak orta ekseni mesafesi"",""birim"":""mm"",""tur"":""sayi"",""referans_metni"":""En fazla 600 mm"",""kaynak"":""TS EN 81-20:2020""}]",null,"Durak girişi kenarı ile çalışma konumundaki merdivenin basamak sırasının ortası arasındaki mesafe, kolayca ulaşılabilir olması için azami 600 mm olmalıdır.",ÜB.FR.38,R.04,null,null,"[""modul_g_tam""]",null,null
MAD-0030,30,01 - Kuyu Dibi,81-20,Standart / ÜB.FR.38,EK F,Merdivenin ilk basamağının durak eşiğine göre konumu,İlk basamağın kotu ile durak eşiği kotu arasındaki farkı ölçüp saha kaydı olarak not edin; standart kesin bir tolerans belirtmez.,"A,C,E",Görsel + Ölçüm + Talimat/İşaret,null,null,null,null,null,null,null,null,null,true,Kuyu dibine merdiven yerine ayrı erişim kapısından giriliyorsa Aranmaz.,null,"[{""id"":""merdiven_ilk_basamak_kot_farki"",""etiket"":""İlk basamak–durak eşiği kot farkı"",""birim"":""mm"",""tur"":""sayi"",""referans_metni"":""Mümkün olduğunca 0 mm; standart kesin tolerans vermez"",""kaynak"":""TS EN 81-20:2020""}]",null,"Merdivenin birinci basamak yüksekliği, durak eşiğinin seviyesine mümkün olduğu kadar yakın konumlandırılmalıdır.",ÜB.FR.38,R.04,null,null,"[""modul_g_tam""]",null,null
MAD-0031,31,01 - Kuyu Dibi,81-20,Standart / ÜB.FR.38,5.2.2.2,Merdiven erişim alanının aydınlatılması,Merdiven erişim yolunun kalıcı elektrikli aydınlatmasının bulunduğunu doğrulayın ve gerekiyorsa lüks değerini ölçün.,"A,C,E",Görsel + Ölçüm + Talimat/İşaret,null,null,null,null,null,null,null,null,null,true,Kuyu dibine merdiven yerine ayrı erişim kapısından giriliyorsa Aranmaz.,null,[],null,"Kuyuya erişim sağlayan herhangi bir kapıya/kapağa bitişik erişim yolu, kalıcı olarak kurulmuş en az 50 lüks aydınlatma şiddetine sahip elektrik aydınlatması ile aydınlatılmalıdır.",ÜB.FR.38,R.04,null,null,"[""modul_g_tam""]",null,null
MAD-0032,32,01 - Kuyu Dibi,81-20,Standart / ÜB.FR.38,5.3.9.3.5,Kuyu dibinden durak kapısı kilidinin güvenli açılması,"Ayrı erişim kapısı yoksa, merdivenden durak kapısı kilidine olan yatay ve dikey erişim mesafesini ölçün veya kalıcı kilit açma tertibatının işlevini deneyin.","A,B,E",Görsel + Test + Talimat/İşaret,null,null,null,null,null,null,null,null,null,true,Ayrı kuyu dibi erişim kapısı varsa veya kalıcı kilit açma tertibatı kullanılıyorsa ölçü alanları için Aranmaz.,null,"[{""id"":""kilit_acma_yuksekligi"",""etiket"":""Kilit açma noktasının erişim yüksekliği"",""birim"":""mm"",""tur"":""sayi"",""referans_metni"":""En fazla 1800 mm"",""kaynak"":""TS EN 81-20:2020""},{""id"":""kilit_acma_yatay_mesafesi"",""etiket"":""Merdivenden yatay erişim mesafesi"",""birim"":""mm"",""tur"":""sayi"",""referans_metni"":""En fazla 800 mm"",""kaynak"":""TS EN 81-20:2020""}]",null,"Giriş kapısı yoksa taşınabilir merdivenden 1,8 m yükseklikte azami 0,8 m yatay mesafede durak kapısının kilidi açılabilmelidir. (veya kalıcı bir tertibat kapı kilidini açabilmeli)",ÜB.FR.38,R.04,null,null,"[""modul_g_tam""]",null,null
MAD-0033,33,01 - Kuyu Dibi,81-20,Standart / ÜB.FR.38,5.2.1.5.1 b,Kuyu dibi muayene kumandasının sığınma alanından erişimi,Kalıcı muayene kumanda istasyonunun sığınma alanına olan mesafesini ölçün ve istasyonun bu alandan çalıştırılabildiğini deneyin.,"A,B,C,D,E",Görsel + Test + Ölçüm + Çizim/Hesap + Talimat/İşaret,null,null,null,null,null,null,null,null,null,true,null,null,"[{""id"":""muayene_kumandasi_siginma_mesafesi"",""etiket"":""Muayene kumandası–sığınma alanı mesafesi"",""birim"":""mm"",""tur"":""sayi"",""referans_metni"":""En fazla 300 mm"",""kaynak"":""TS EN 81-20:2020""}]",null,"Sığınma alanının 0,30 m içerisinde muayene kumanda istasyonu bulunmalıdır.",ÜB.FR.38,R.04,null,null,"[""modul_g_tam""]",null,null
MAD-0034,34,01 - Kuyu Dibi,81-20,Standart / ÜB.FR.38,5.12.1.5.1.2 a,Muayene anahtarının güvenli yapısı,null,"A,B,C,D,E",Görsel + Test + Ölçüm + Çizim/Hesap + Talimat/İşaret,null,Ölçülen değer,null,null,null,null,null,null,null,true,null,null,[],null,"Muayene kumanda istasyonu özellikleri; Elektrik güvenlik aygıtları için gereklilikleri sağlayan bir anahtar (kontrol çalışma anahtarı). İki konumlu olması gereken bu anahtar, yanlışlıkla çalıştırılmaya karşı korunmuş olmalıdır.",ÜB.FR.38,R.04,10,30,"[""modul_g_tam""]",KUYU ALT BOŞLUĞU DEĞERLENDİRME KRİTERLERİ,Kuyu dibi bakım kumandası
MAD-0035,35,01 - Kuyu Dibi,81-20,Standart / ÜB.FR.38,5.12.1.5.2.4 a,NORMAL ve KONTROL konum işaretleri,null,"A,B,C,D,E",Görsel + Test + Ölçüm + Çizim/Hesap + Talimat/İşaret,null,Ölçülen değer,null,null,null,null,null,null,null,true,null,null,[],null,Kontrol çalışma anahtarı üzerinde veya yanında “NORMAL” ve “KONTROL” kelimeleri olmalıdır.,ÜB.FR.38,R.04,10,31,"[""modul_g_tam""]",KUYU ALT BOŞLUĞU DEĞERLENDİRME KRİTERLERİ,Kuyu dibi bakım kumandası
MAD-0036,36,01 - Kuyu Dibi,81-20,Standart / ÜB.FR.38,5.12.1.5.1.2 b,Muayene kumandasında YUKARI ve AŞAĞI yön butonları,"Her iki yön butonuna ayrı ayrı basın. Kabinin seçilen yönde hareket ettiğini, yön işaretleri ile renk düzeninin doğru olduğunu ve istem dışı basmaya karşı koruma bulunduğunu doğrulayın.","A,B,C,D,E",Görsel + Test + Ölçüm + Çizim/Hesap + Talimat/İşaret,null,Ölçülen değer,null,null,null,null,null,null,null,true,null,null,[],null,Yön butonları açıkça işaretlenmiş ve kazara çalıştırılmaya karşı korunmuş olmalıdır. YUKARI butonu beyaz zemin üzerinde siyah; AŞAĞI butonu siyah zemin üzerinde beyaz yön sembolü taşımalıdır.,ÜB.FR.38,R.04,10,32,"[""modul_g_tam""]",KUYU ALT BOŞLUĞU DEĞERLENDİRME KRİTERLERİ,Kuyu dibi bakım kumandası
MAD-0037,37,01 - Kuyu Dibi,81-20,Standart / ÜB.FR.38,5.12.1.5.1.2 d,Muayene kumandasının durdurma aygıtı,Durdurma aygıtını çalıştırın; kabin hareketinin engellendiğini ve aygıt normal konumuna alınmadan hareketin yeniden başlayamadığını doğrulayın.,"A,B,C,D,E",Görsel + Test + Ölçüm + Çizim/Hesap + Talimat/İşaret,null,Ölçülen değer,null,null,null,null,null,null,null,true,null,null,[],null,Muayene kumanda istasyonunda bir durdurma aygıtı bulunmalıdır.,ÜB.FR.38,R.04,10,33,"[""modul_g_tam""]",KUYU ALT BOŞLUĞU DEĞERLENDİRME KRİTERLERİ,Kuyu dibi bakım kumandası
MAD-0038,38,01 - Kuyu Dibi,81-20,Standart / ÜB.FR.38,5.12.1.5.1.2 c,Muayene kumandası ÇALIŞTIR butonu,null,"A,B,C,D,E",Görsel + Test + Ölçüm + Çizim/Hesap + Talimat/İşaret,null,Ölçülen değer,null,null,null,null,null,null,null,true,null,null,[],null,"Kazara çalışmaya karşı korunmuş “ÇALIŞTIR"" basma butonu (Buton rengi mavi üstü beyaz) (IEC 60417:2002,5023) olmalıdır. (Çizelge 17 )",ÜB.FR.38,R.04,10,34,"[""modul_g_tam""]",KUYU ALT BOŞLUĞU DEĞERLENDİRME KRİTERLERİ,Kuyu dibi bakım kumandası
MAD-0039,39,01 - Kuyu Dibi,81-20,Standart / ÜB.FR.38,5.12.1.5.1.3,Muayene kumandasının dokunmaya karşı koruması,null,"A,B,C,D,E",Görsel + Test + Ölçüm + Çizim/Hesap + Talimat/İşaret,null,Ölçülen değer,mm,null,null,null,null,null,null,true,null,null,[],null,"Kontrol kumanda istasyonu, asgari IPXXD’ nin (EN 60529) koruma derecesine sahip olmalıdır.(1 mm çapında tel ile içerisine ulaşılamaz.)",ÜB.FR.38,R.04,10,35,"[""modul_g_tam""]",KUYU ALT BOŞLUĞU DEĞERLENDİRME KRİTERLERİ,Kuyu dibi bakım kumandası
MAD-0040,40,01 - Kuyu Dibi,81-20,Standart / ÜB.FR.38,5.12.1.5.2.1 i,Birden fazla muayene kumandasının eş zamanlı çalışması,"İki veya daha fazla muayene istasyonunu aynı anda KONTROL konumuna alıp, yalnızca tüm istasyonlarda aynı anda basıldığında kabinin hareket ettiğini deneyerek doğrulayın.","A,B,C,D,E",Görsel + Test + Ölçüm + Çizim/Hesap + Talimat/İşaret,null,Ölçülen değer,null,null,null,null,null,null,null,true,Yalnız bir muayene kumandası varsa Aranmaz.,null,[],null,"Birden fazla kontrol kumanda istasyonu, ""KONTROL""e geçmiş ise, kontrol kumanda istasyonunda aynı basma butonları aynı anda basılmadıkça, bunların herhangi birinden kabini hareket ettirmek mümkün olmamalıdır.",ÜB.FR.38,R.04,null,null,"[""modul_g_tam""]",null,null
MAD-0041,41,01 - Kuyu Dibi,81-20,Standart / ÜB.FR.38,5.10.7.2,Kuyu dibi servis prizi,"Prizin koruma iletkeni/toprak bağlantısını, fiziksel durumunu ve kuyu dibinden güvenli biçimde kullanılabilirliğini kontrol edin.","A,B,D,E",Görsel + Test + Çizim/Hesap + Talimat/İşaret,null,null,null,null,null,null,null,null,null,true,null,null,[],null,Kuyu dibinde topraklı priz bulunmalıdır.,ÜB.FR.38,R.04,10,37,"[""modul_g_tam""]",KUYU ALT BOŞLUĞU DEĞERLENDİRME KRİTERLERİ,Kuyu dibi bakım kumandası
MAD-0042,42,01 - Kuyu Dibi,81-20,Standart / ÜB.FR.38,5.2.1.6,Kuyu dibinde mahsur kalma alarmı,Kuyu dibinde mahsur kalma riski olup olmadığını değerlendirin; risk varsa sığınma alanından erişilebilen alarm başlatma cihazını işlevsel olarak deneyin.,"A,B,C,D,E",Görsel + Test + Ölçüm + Çizim/Hesap + Talimat/İşaret,null,Ölçülen değer,null,null,null,null,null,null,null,true,Mahsur kalma riski yoksa veya güvenli kaçış yolu sağlanmışsa Aranmaz.,null,[],null,Mahsur kalma tehlikesi varsa ve bu mahsur kalma durumu için hiçbir vasıta sağlanmamışsa EN 81-28'e göre sığınma alanından kullanılabilecek alarm başlatma cihazları bulunmalıdır.,ÜB.FR.38,R.04,null,null,"[""modul_g_tam""]",null,null
MAD-0043,43,01 - Kuyu Dibi,81-20,Standart / ÜB.FR.38,5.12.1.5.2.1 e,Muayene hızının üst sınırı,null,"A,B,C,D,E",Görsel + Test + Ölçüm + Çizim/Hesap + Talimat/İşaret,null,Ölçülen değer,m/s,null,null,null,null,null,null,true,null,null,[],null,"Kontrol konumunda kontrol çalışma anahtarı, kabin hızı 0,63 m/s’yi aşmamalıdır.",ÜB.FR.38,R.04,10,39,"[""modul_g_tam""]",KUYU ALT BOŞLUĞU DEĞERLENDİRME KRİTERLERİ,Kuyu dibi bakım kumandası
MAD-0044,44,01 - Kuyu Dibi,81-20,Standart / ÜB.FR.38,5.12.1.5.2.1 f,Dar çalışma alanında muayene hızının üst sınırı,null,"A,B,C,D,E",Görsel + Test + Ölçüm + Çizim/Hesap + Talimat/İşaret,null,Ölçülen değer,m,null,m/s,null,null,null,null,true,null,null,[],null,"Kontrol konumunda kontrol çalışma anahtarı, kuyu alt boşluğundaki herhangi bir ayakta durma alanındaki düşey yükseklik mesafesi 2,0 m veya daha az iken, kabin hızı 0,30 m/s’yi aşmamalıdır.",ÜB.FR.38,R.04,10,40,"[""modul_g_tam""]",KUYU ALT BOŞLUĞU DEĞERLENDİRME KRİTERLERİ,Kuyu dibi bakım kumandası
MAD-0045,45,01 - Kuyu Dibi,81-20,Standart / ÜB.FR.38,"5.2.5.5.1 b, c, d",Karşı ağırlık ayırıcı bölmesinin başlangıcı ve boyutları,"Karşı ağırlık ayırıcı bölmesinin alt kenarının kuyu dibi zeminine, üst kenarının ise yüksekliğine ve genişliğine göre ölçülerini alın.","A,B,C,D,E",Görsel + Test + Ölçüm + Çizim/Hesap + Talimat/İşaret,null,null,null,null,null,null,null,null,null,true,Karşı ağırlık veya dengeleme ağırlığı bulunmuyorsa Aranmaz.,null,"[{""id"":""separator_alt_kenar_yuksekligi"",""etiket"":""Separatör alt kenarının kuyu dibi zemininden yüksekliği"",""birim"":""mm"",""tur"":""sayi"",""referans_metni"":""En fazla 300 mm"",""kaynak"":""TS EN 81-20:2020""},{""id"":""separator_toplam_yuksekligi"",""etiket"":""Separatörün kuyu dibi zemininden üst kenar yüksekliği"",""birim"":""mm"",""tur"":""sayi"",""referans_metni"":""En az 2000 mm"",""kaynak"":""TS EN 81-20:2020""},{""id"":""separator_genisligi"",""etiket"":""Separatör genişliği"",""birim"":""mm"",""tur"":""sayi"",""referans_metni"":""En az karşı ağırlık / dengeleme ağırlığı genişliği"",""kaynak"":""TS EN 81-20:2020""},{""id"":""karsi_agirlik_genisligi"",""etiket"":""Karşı ağırlık / dengeleme ağırlığı genişliği"",""birim"":""mm"",""tur"":""sayi"",""referans_metni"":""Separatör genişliğiyle karşılaştırmak için ölçülür"",""kaynak"":""TS EN 81-20:2020""}]",null,"Karşı ağırlık bölme duvarı (kuyu dibinden en az 2,0 m yükseklik, kuyu dibi ile bölmenin en alt bölümü arası en fazla 0,3 m, genişlik en az karşı ağırlık genişliği) olmalıdır.",ÜB.FR.38,R.04,null,null,"[""modul_g_tam""]",null,null
MAD-0046,46,01 - Kuyu Dibi,81-20,Standart / ÜB.FR.38,5.2.5.5.1 e,Karşı ağırlık rayı ile kuyu duvarı arasındaki açıklığın korunması,Karşı ağırlık rayı ile kuyu duvarı arasındaki açıklığı ölçün; 300 mm'yi aşıyorsa bu alanın da bölme ile kapatıldığını kontrol edin.,"A,B,C,D,E",Görsel + Test + Ölçüm + Çizim/Hesap + Talimat/İşaret,null,null,null,null,null,null,null,null,null,true,Karşı ağırlık veya dengeleme ağırlığı bulunmuyorsa Aranmaz.,null,"[{""id"":""karsi_agirlik_rayi_duvar_acikligi"",""etiket"":""Karşı ağırlık rayı–kuyu duvarı açıklığı"",""birim"":""mm"",""tur"":""sayi"",""referans_metni"":""300 mm’yi aşarsa yan açıklık da korunmalıdır"",""kaynak"":""TS EN 81-20:2020""}]",null,"Karşı ağırlık rayı ile kuyu duvarı arası 0,3 m'den fazla ise bölme duvarı ile kapatılmalıdır.",ÜB.FR.38,R.04,null,null,"[""modul_g_tam""]",null,null
MAD-0047,47,01 - Kuyu Dibi,81-20,Standart / ÜB.FR.38,5.2.5.5.1 g,Karşı ağırlık ayırıcı bölmesinin rijitliği,Ayırıcı bölmeye 300 N'luk kuvvet uygulanan deney sonucunu inceleyin; bölmenin karşı ağırlıkla çarpışmaya yol açacak sapma göstermediğini kontrol edin.,"A,B,C,D,E",Görsel + Test + Ölçüm + Çizim/Hesap + Talimat/İşaret,null,null,null,null,null,null,null,null,null,true,Karşı ağırlık veya dengeleme ağırlığı bulunmuyorsa Aranmaz.,null,[],null,Herhangi bir noktada 5 cm² yuvarlak/kare alana 300 N'a karşı yeterli rijitliğe sahip olmalı.,ÜB.FR.38,R.04,null,null,"[""modul_g_tam""]",null,null
MAD-0048,48,01 - Kuyu Dibi,81-20,Standart / ÜB.FR.38,5.2.5.7.1,Karşı ağırlık–tampon azami açıklık işareti,Karşı ağırlık bölmesi üzerinde veya yakınında azami açıklık işaretinin bulunduğunu ve okunaklı olduğunu görsel olarak kontrol edin.,"A,B,C,D,E",Görsel + Test + Ölçüm + Çizim/Hesap + Talimat/İşaret,null,null,null,null,null,null,null,null,null,true,Karşı ağırlık veya dengeleme ağırlığı bulunmuyorsa Aranmaz.,null,[],null,"Kabin üst boşluğu boyutlarını korumak için kabin en üst durak seviyesinde iken, karşı ağırlık ve karşı ağırlık tamponları arasında müsaade edilen azami açıklıkları belirten bir işaret, karşı ağırlığı gösteren bölmeye yakın veya üzerine konmalıdır.",ÜB.FR.38,R.04,null,null,"[""modul_g_tam""]",null,null
MAD-0049,49,01 - Kuyu Dibi,81-20,Standart / ÜB.FR.38,"5.2.5.5.1 a; TS EN ISO 13857:2019, 4.2.4.1",Delikli karşı ağırlık ayırıcı bölmesinde açıklık ve güvenlik mesafesi,Ayırıcı bölme delikliyse açıklık ölçüsünü ve bölme ile hareketli parça arası mesafeyi ölçüp TS EN ISO 13857 Çizelge 4 ile karşılaştırın.,"A,B,C,D,E",Görsel + Test + Ölçüm + Çizim/Hesap + Talimat/İşaret,null,null,null,null,null,null,null,null,null,true,Karşı ağırlık ayırıcı bölmesi deliksizse veya karşı ağırlık/dengeleme ağırlığı yoksa Aranmaz.,G-ISO13857-C4 — Delik ölçüsü / güvenlik mesafesi tablosu,"[{""id"":""separator_delik_bicimi"",""etiket"":""Açıklık biçimi"",""birim"":null,""tur"":""secim"",""secenekler"":[""Yarık"",""Kare"",""Dairesel"",""Düzensiz""],""referans_metni"":""Güvenlik mesafesi tablosunda doğru sütunu seçmek için kaydedilir."",""kaynak"":""TS EN ISO 13857:2019""},{""id"":""separator_en_buyuk_aciklik"",""etiket"":""Açıklığın en büyük ölçüsü"",""birim"":""mm"",""tur"":""sayi"",""referans_metni"":""TS EN ISO 13857:2019 Çizelge 4’e göre değerlendirilir"",""kaynak"":""TS EN 81-20:2020""},{""id"":""separator_hareketli_parca_mesafesi"",""etiket"":""Açıklık–hareketli parça en kısa mesafesi"",""birim"":""mm"",""tur"":""sayi"",""referans_metni"":""TS EN ISO 13857:2019 Çizelge 4’e göre değerlendirilir"",""kaynak"":""TS EN 81-20:2020""}]",null,"Bu bölme duvarı delikli ise, EN ISO 13857 standardı 4.2.4.1'e uymalıdır. Sr: bölme ile hareketli parça arası mesafeyi, e: delikli kısmın açıklığını ifade etmektedir.",ÜB.FR.38,R.04,null,null,"[""modul_g_tam""]",null,null
MAD-0050,50,01 - Kuyu Dibi,81-20,Standart / ÜB.FR.38,5.2.5.4,Kuyunun altındaki erişilebilir hacimlerin korunması,"Kuyu altında erişilebilir hacim varsa, zemin tasarım yükünü teknik dosyadan doğrulayın ve karşı ağırlık/dengeleme ağırlığında güvenlik tertibatı bulunduğunu kontrol edin.","A,B,C,D,E",Görsel + Test + Ölçüm + Çizim/Hesap + Talimat/İşaret,null,null,null,null,null,null,null,null,null,true,Kuyunun altında insanların erişebildiği bir hacim yoksa Aranmaz.,null,[],null,"Kuyunun altında erişilebilir boşluklar mevcutsa, kuyu alt boşluğu zemini maruz kalınacak en az 5000 N/m²'lik bir yüke göre tasarlanmalı ve karşı ağırlık veya dengeleme ağırlığı güvenlik tertibatıyla donatılmalıdır.",ÜB.FR.38,R.04,null,null,"[""modul_g_tam""]",null,null
MAD-0051,51,01 - Kuyu Dibi,81-20,Standart / ÜB.FR.38,5.8.1.1,"Kabin ve karşı ağırlık tamponları, açıklıkları ve kaideleri","Kabin ve karşı ağırlık tamponlarının varlığını, çarpma alanındaki kaide/baba yüksekliğinin en az 300 mm olduğunu ölçüp kontrol edin.","A,B,C,D,E",Görsel + Test + Ölçüm + Çizim/Hesap + Talimat/İşaret,null,null,null,null,null,null,null,null,null,true,null,null,"[{""id"":""kabin_tampon_boslugu"",""etiket"":""Kabin tamponu–çarpma plakası açıklığı"",""birim"":""mm"",""tur"":""sayi"",""referans_metni"":""Saha/teknik dosya eşleşmesi için kaydedilir; otomatik kabul kararı yoktur."",""kaynak"":""ÜB.FR.38 Rev.04 — Temel Kuyu Tasarım Ölçüleri""},{""id"":""karsi_agirlik_tampon_boslugu"",""etiket"":""Karşı ağırlık tamponu–çarpma plakası açıklığı"",""birim"":""mm"",""tur"":""sayi"",""referans_metni"":""Saha/teknik dosya eşleşmesi ve ayırıcı bölme işaretinin kontrolü için kaydedilir."",""kaynak"":""ÜB.FR.38 Rev.04 — Temel Kuyu Tasarım Ölçüleri""},{""id"":""tampon_kaide_yuksekligi"",""etiket"":""Tampon çarpma alanı kaide yüksekliği"",""birim"":""mm"",""tur"":""sayi"",""referans_metni"":""Tampon/çarpma plakası kabin veya karşı ağırlığa sabitse en az 300 mm"",""kaynak"":""TS EN 81-20:2020""},{""id"":""kabin_tampon_yuksekligi"",""etiket"":""Kabin tampon yüksekliği"",""birim"":""mm"",""tur"":""sayi"",""referans_metni"":""ÜB.FR.38 saha/teknik dosya eşleşmesi için kaydedilir."",""kaynak"":""ÜB.FR.38 Rev.04 — Temel Kuyu Tasarım Ölçüleri""},{""id"":""kabin_tampon_strogu"",""etiket"":""Kabin tampon stroğu"",""birim"":""mm"",""tur"":""sayi"",""kaynak"":""ÜB.FR.65 R.00 — Teknik Dosya-Saha Eşleşme Formu"",""referans_metni"":""Sahada ölçülen değer bir kez kaydedilir; denetçi teknik dosya ve ilgili kontrol maddesiyle karşılaştırır.""},{""id"":""karsi_agirlik_tampon_strogu"",""etiket"":""Karşı ağırlık tampon stroğu"",""birim"":""mm"",""tur"":""sayi"",""kaynak"":""ÜB.FR.65 R.00 — Teknik Dosya-Saha Eşleşme Formu"",""referans_metni"":""Sahada ölçülen değer bir kez kaydedilir; denetçi teknik dosya ve ilgili kontrol maddesiyle karşılaştırır.""}]",null,"Asansörler, kabinin ve karşı ağırlığın seyrinin en alt sınırında tamponlarla donatılmalıdır. Kabine veya karşı ağırlığa sabitlenmiş tampon/tamponlar bulunması durumunda, tamponun/tamponların kuyu alt boşluğu zemini üzerindeki etki alanı/alanları, yüksekliği 300 mm'den az olmayan engel/engeller (kaide, baba) ile belirgin hâle getirilmelidir. Karşı ağırlık bölme duvarı kuyu alt boşluğu tabanından 50 mm'den fazla uzatılmadığı durumlarda karşı ağırlığa sabitlenmiş tampon/tamponlar için bir engel gerekli değildir.",ÜB.FR.38,R.04,null,null,"[""modul_g_tam"",""saha_teyidi_e"",""saha_teyidi_h1""]",null,null
MAD-0052,52,01 - Kuyu Dibi,81-20,Standart / ÜB.FR.38,5.8.2.1.1.1,Doğrusal enerji biriktiren tamponun kullanılabilir stroku,Doğrusal tamponun toplam kullanılabilir strokunu ölçüp beyan hızına göre gerekli asgari stroku mühendis hesabıyla karşılaştırın.,"A,B,D,E",Görsel + Test + Çizim/Hesap + Talimat/İşaret,null,null,null,null,null,null,null,null,null,true,Doğrusal enerji biriktiren tampon kullanılmıyorsa Aranmaz.,null,"[{""id"":""dogrusal_tampon_stroku"",""etiket"":""Doğrusal tampon toplam kullanılabilir stroku"",""birim"":""mm"",""tur"":""sayi"",""referans_metni"":""En az 0,135 × v² metre ve her durumda en az 65 mm"",""kaynak"":""TS EN 81-20:2020""}]",null,"Doğrusal özelliklere sahip tampon stroku, 0,135 v² ve 65 mm'den az olmamalıdır.",ÜB.FR.38,R.04,null,null,"[""modul_g_tam""]",null,null
MAD-0053,53,01 - Kuyu Dibi,81-20,Standart / ÜB.FR.38,5.8.1.5,Enerji biriktiren tamponun hız kapsamı,Doğrusal enerji biriktiren tampon kullanılmışsa asansörün beyan hızının 1 m/s'yi aşmadığını denetim bilgilerinden doğrulayın.,"A,B,C,D,E",Görsel + Test + Ölçüm + Çizim/Hesap + Talimat/İşaret,null,null,null,null,null,null,null,null,null,true,Enerji biriktiren tampon kullanılmıyorsa Aranmaz.,null,[],null,"Doğrusal özelliklere sahip enerji biriktiren tipte tamponlar, yalnızca asansörün anma hızı 1 m/s'yi geçmiyorsa kullanılmalıdır.",ÜB.FR.38,R.04,null,null,"[""modul_g_tam""]",null,null
MAD-0054,54,01 - Kuyu Dibi,81-20,Standart / ÜB.FR.38,5.8.2.2.1,Enerji dağıtan tamponun kullanılabilir stroku,Enerji dağıtan tamponun toplam kullanılabilir strokunu ölçüp beyan hızına göre gerekli asgari değerle karşılaştırın.,"A,B,D,E",Görsel + Test + Çizim/Hesap + Talimat/İşaret,null,null,null,null,null,null,null,null,null,true,Enerji dağıtan tampon kullanılmıyorsa Aranmaz.,null,"[{""id"":""enerji_dagitan_tampon_stroku"",""etiket"":""Enerji dağıtan tampon toplam kullanılabilir stroku"",""birim"":""mm"",""tur"":""sayi"",""referans_metni"":""En az 0,0674 × v² metre"",""kaynak"":""TS EN 81-20:2020""}]",null,"Enerji dağıtan tipteki tampon stroku, 0,0674 v² olmalıdır.",ÜB.FR.38,R.04,null,null,"[""modul_g_tam""]",null,null
MAD-0055,55,01 - Kuyu Dibi,81-20,Standart / ÜB.FR.38,5.8.2.2.2,Azaltılmış hızla hesaplanan tampon strokunun alt sınırı,"Beyan hızı 2,50 m/s'yi aşıyorsa tampon strokunun en az 420 mm olduğunu ölçerek kontrol edin.","A,B,D,E",Görsel + Test + Çizim/Hesap + Talimat/İşaret,null,null,null,null,null,null,null,null,null,true,"Beyan hızı 2,50 m/s veya daha düşükse ya da azaltılmış temas hızı hesabı kullanılmıyorsa Aranmaz.",null,[],null,"2,50 m/s'nin üzerindeki anma hızları için enerji dağıtan tipteki tampon stroku, 0,42 m'den küçük olmamalıdır.",ÜB.FR.38,R.04,null,null,"[""modul_g_tam""]",null,null
MAD-0056,56,01 - Kuyu Dibi,81-20,Standart / ÜB.FR.38,5.8.1.6; 5.8.2.2.4,Enerji dağıtan tamponun geri dönüş güvenlik kontağı,Enerji dağıtan tamponun normal konumuna dönüşünü denetleyen elektrikli güvenlik tertibatını deneyin ve topraklamasını kontrol edin.,"A,B,C,D,E",Görsel + Test + Ölçüm + Çizim/Hesap + Talimat/İşaret,null,null,null,null,null,null,null,null,null,true,Enerji dağıtan tampon kullanılmıyorsa Aranmaz.,null,[],null,"Enerjiyi dağıtan tipte tamponlar, asansörün anma hızı ne olursa olsun kullanılabilir. Emniyet kontağı olmalıdır. (topraklaması olmalıdır.)",ÜB.FR.38,R.04,null,null,"[""modul_g_tam""]",null,null
MAD-0057,57,01 - Kuyu Dibi,81-20,Standart / ÜB.FR.38,5.8.2.1.2.2,Doğrusal olmayan tamponda %90 sıkışma referansı,İlk montaj yüksekliğini ve deneyde ulaşılan en düşük yüksekliği ölçün; tam sıkışmanın ilk yüksekliğin %90'ına karşılık geldiğini kontrol edin.,"A,B,D,E",Görsel + Test + Çizim/Hesap + Talimat/İşaret,null,null,null,null,null,null,null,null,null,true,Doğrusal olmayan enerji biriktiren tampon kullanılmıyorsa Aranmaz.,null,"[{""id"":""dogrusal_olmayan_tampon_montaj_yuksekligi"",""etiket"":""Doğrusal olmayan tamponun montajlı yüksekliği"",""birim"":""mm"",""tur"":""sayi"",""referans_metni"":""Tam sıkışma kabulü: montajlı yüksekliğin %90’ı"",""kaynak"":""TS EN 81-20:2020""}]",null,Doğrusal olmayan özelliklere sahip tamponlar stroku tampon yüksekliğinin %90'ı olarak hesaplanır.,ÜB.FR.38,R.04,null,null,"[""modul_g_tam""]",null,null
MAD-0058,58,01 - Kuyu Dibi,81-20,Standart / ÜB.FR.38,5.8.1.5,Doğrusal olmayan enerji biriktiren tamponun hız kapsamı,Doğrusal olmayan enerji biriktiren tampon kullanılmışsa beyan hızının 1 m/s'yi aşmadığını denetim bilgilerinden doğrulayın.,"A,B,C,D,E",Görsel + Test + Ölçüm + Çizim/Hesap + Talimat/İşaret,null,null,null,null,null,null,null,null,null,true,Doğrusal olmayan enerji biriktiren tampon kullanılmıyorsa Aranmaz.,null,[],null,"Doğrusal olmayan özelliklere sahip enerji biriktiren tipte tamponlar, yalnızca asansörün anma hızı 1 m/s'yi geçmiyorsa kullanılmalıdır.",ÜB.FR.38,R.04,null,null,"[""modul_g_tam""]",null,null
MAD-0059,59,01 - Kuyu Dibi,81-20,Standart / ÜB.FR.38,5.8.1.7,Tamponun EN 81-50 doğrulaması,Tamponun tip inceleme belgesini ve ürün tanımını EN 81-50 kapsamındaki doğrulamayla karşılaştırın.,"A,B,C,D,E",Görsel + Test + Ölçüm + Çizim/Hesap + Talimat/İşaret,null,null,null,null,null,null,null,null,null,true,Yalnız doğrusal özellikli enerji biriktiren tampon kullanılıyorsa Aranmaz.,null,[],null,Doğrusal olmayan özelliklere sahip enerji biriktiren tipteki tamponlar ve enerjiyi yayan tipteki tamponlar güvenlik aksamı olarak kabul edilir ve EN 81-50 gerekliliklere göre doğrulanmalıdır.,ÜB.FR.38,R.04,null,null,"[""modul_g_tam""]",null,null
MAD-0060,60,01 - Kuyu Dibi,81-20,Standart / ÜB.FR.38,5.8.1.8,Tampon bilgi plakası,"Tampon bilgi plakasındaki imalatçı, belge numarası, tip ve (hidrolikte) akışkan bilgilerini teknik dosyayla karşılaştırın.","A,B,C,D,E",Görsel + Test + Ölçüm + Çizim/Hesap + Talimat/İşaret,null,null,null,null,null,null,null,null,null,true,Yalnız doğrusal özellikli enerji biriktiren tampon kullanılıyorsa Aranmaz.,null,[],null,"Doğrusal özelliklere sahip olanlar dışındaki tamponlarda (poliüretan ve hidrolik), aşağıdakileri gösteren bir bilgi plakası bulunmalıdır: a) tamponun imalatçısının adı; b) tip inceleme belgesi numarası; c) tamponun tipi; d) hidrolik tamponlarda akışkanın gösterimi ve türü. e) CE işareti.",ÜB.FR.38,R.04,null,null,"[""modul_g_tam""]",null,null
MAD-0061,61,01 - Kuyu Dibi,81-20,Standart / ÜB.FR.38,5.5.6.1 d,Germesiz dengeleme araçlarının kılavuzlanması,"Beyan hızı 1,75 m/s'yi aşıyorsa germesiz dengeleme aracının dönüş noktası yakınında kılavuzlandığını kontrol edin.","B,D",Test + Çizim/Hesap,null,null,null,null,null,null,null,null,null,true,"Dengeleme aracı yoksa veya hız 1,75 m/s ve altındaysa Aranmaz.",null,[],null,"1,75 m/s'yi aşan anma hızları için germesiz dengeleme araçları, dönüşün yakınında kılavuzlanmalıdır.",ÜB.FR.38,R.04,null,null,"[""modul_g_tam""]",null,null
MAD-0062,62,01 - Kuyu Dibi,81-20,Standart / ÜB.FR.38,5.5.6.1 a,"3,0 m/s ve altındaki hızlarda dengeleme aracı","Beyan hızı 3,0 m/s'yi aşmıyorsa kullanılan dengeleme aracının tipini (zincir/halat/kayış) tespit edin.","B,D",Test + Çizim/Hesap,null,null,null,null,null,null,null,null,null,true,"Dengeleme aracı yoksa veya hız 3,0 m/s'yi aşıyorsa Aranmaz.",null,[],null,"3,0 m/s'yi aşmayan anma hızları için, zincirler, halatlar veya kayışlar gibi araçlar kullanılabilir.",ÜB.FR.38,R.04,null,null,"[""modul_g_tam""]",null,null
MAD-0063,63,01 - Kuyu Dibi,81-20,Standart / ÜB.FR.38,5.5.6.1 b,"3,0 m/s üzerindeki hızlarda dengeleme halatı","Beyan hızı 3,0 m/s'yi aşıyorsa dengeleme aracının halat tipinde olduğunu kontrol edin.","B,D",Test + Çizim/Hesap,null,null,null,null,null,null,null,null,null,true,"Dengeleme aracı yoksa veya hız 3,0 m/s ve altındaysa Aranmaz.",null,[],null,"3,0 m/s'yi aşan anma hızları için dengeleme halatları sağlanmalıdır.",ÜB.FR.38,R.04,null,null,"[""modul_g_tam""]",null,null
MAD-0064,64,01 - Kuyu Dibi,81-20,Standart / ÜB.FR.38,5.5.6.1 c,"3,5 m/s üzerindeki hızlarda geri tepme koruması","Beyan hızı 3,5 m/s'yi aşıyorsa geri tepmeyi önleme aygıtının varlığını ve tetiklendiğinde makineyi durduran elektrik güvenlik tertibatını deneyin.","B,D",Test + Çizim/Hesap,null,null,null,null,null,null,null,null,null,true,"Dengeleme aracı yoksa veya hız 3,5 m/s ve altındaysa Aranmaz.",null,[],null,"Anma hızı 3,5 m/s'yi aşan asansörler için, ilave olarak bir geri tepmeyi önleme aygıtı bulunmalıdır; geri tepmeyi önleme aygıtının çalışması, asansör makinesinin bir elektrik güvenlik aygıtı tarafından durdurulmasını başlatmalıdır.",ÜB.FR.38,R.04,null,null,"[""modul_g_tam""]",null,null
MAD-0065,65,01 - Kuyu Dibi,81-20,Standart / ÜB.FR.38,5.5.6.2 c,Dengeleme halatı makarası çap oranı,Gergi makarası bölüm çapını ve dengeleme halatı anma çapını ölçüp oranın en az 30 olduğunu hesaplayın.,"B,D",Test + Çizim/Hesap,null,null,null,null,null,null,null,null,null,true,Dengeleme halatı ve gergi makarası yoksa Aranmaz.,null,[],null,Gergi makaralarının bölüm çapı ile dengeleme halatlarının anma çapı arasındaki oran en az 30 olmalıdır.,ÜB.FR.38,R.04,null,null,"[""modul_g_tam""]",null,null
MAD-0066,66,01 - Kuyu Dibi,81-20,Standart / ÜB.FR.38,5.2.5.5.2,Aynı kuyudaki asansörler arasında ayırıcı bölme,Ortak kuyudaki komşu asansörlerin hareketli parçaları arasında ayırıcı bölmenin bulunduğunu görsel olarak kontrol edin.,"A,B,C,D,E",Görsel + Test + Ölçüm + Çizim/Hesap + Talimat/İşaret,null,Ölçülen değer,null,null,null,null,null,null,null,true,Kuyuda yalnız bir asansör varsa Aranmaz.,null,[],null,"Asansör kuyusunda birden fazla asansör varsa, farklı asansörlere ait hareketli parçalar arasında ayırıcı bölme bulunmalıdır.",ÜB.FR.38,R.04,null,null,"[""modul_g_tam""]",null,null
MAD-0067,67,01 - Kuyu Dibi,81-20,Standart / ÜB.FR.38,5.2.5.5.2,Delikli ayırıcı bölmede güvenlik mesafeleri,Delikli ayırıcı bölmede açıklık biçimini ve ölçüsünü belirleyip hareketli parçaya olan mesafeyle birlikte TS EN ISO 13857 Çizelge 4'e göre değerlendirin.,"A,B,C,D,E",Görsel + Test + Ölçüm + Çizim/Hesap + Talimat/İşaret,null,Ölçülen değer,null,null,null,null,null,null,null,true,Ayırıcı bölme deliksiz malzemeden yapılmışsa veya ayırıcı bölme aranmıyorsa Aranmaz.,G-ISO13857-C4 — Delik ölçüsü / güvenlik mesafesi tablosu,[],null,"Ayırıcı bölme delikli malzemeden yapılmışsa, EN 13857 4.2.4.1 dikkate alınmalıdır.",ÜB.FR.38,R.04,null,null,"[""modul_g_tam""]",null,null
MAD-0068,68,01 - Kuyu Dibi,81-20,Standart / ÜB.FR.38,5.2.5.5.2,Asansörler arası ayırıcı bölmenin dayanımı,Asansörler arası ayırıcı bölmeye uygulanan 300 N'luk kuvvet deneyinin sonucunu inceleyip hareketli parçaya temas olmadığını kontrol edin.,"A,B,C,D,E",Görsel + Test + Ölçüm + Çizim/Hesap + Talimat/İşaret,null,Ölçülen değer,newton,null,null,null,null,null,null,true,Kuyuda yalnız bir asansör varsa Aranmaz.,null,[],null,"Ayırıcı bölme, yuvarlak veya kare kesitte 5 cm²'lik bir alana eşit olarak dağıtılmış 300 N'luk bir kuvvet, herhangi bir noktasına dik açıda uygulandığında, sapma göstererek hareketli kısımlarla çarpışmamasını sağlayacak yeterli rijitliğe sahip olmalıdır.",ÜB.FR.38,R.04,null,null,"[""modul_g_tam""]",null,null
MAD-0069,69,01 - Kuyu Dibi,81-20,Standart / ÜB.FR.38,5.2.5.5.2.1,Asansörler arası ayırıcı bölmenin alt bölüm yüksekliği,Ayırıcı bölmenin alt başlangıç kotunu ve üst uzandığı yüksekliği ölçün; genişliğinin kuyu dibinden diğerine geçişi engellediğini kontrol edin.,"A,B,C,D,E",Görsel + Test + Ölçüm + Çizim/Hesap + Talimat/İşaret,null,Ölçülen değer,m,null,m,null,null,null,null,true,Kuyuda yalnız bir asansör varsa Aranmaz.,null,[],null,"Ayırıcı bölme, kuyu alt boşluğu zemininden 0,30 m mesafe içinden en alt durak zemininin 2,5 m üstünde bir yüksekliğe kadar uzanmalıdır. Genişlik, bir kuyu alt boşluğundan diğerine erişimi engellemek için yeterli olmalıdır.",ÜB.FR.38,R.04,null,null,"[""modul_g_tam""]",null,null
MAD-0070,70,01 - Kuyu Dibi,81-20,Standart / ÜB.FR.38,5.2.5.5.2.2,Yakın hareketli parçalar arasında tam boy ayırıcı bölme,Korkuluk iç kenarı ile bitişik asansörün hareketli kısmı arasındaki yatay mesafeyi ölçün; 500 mm altındaysa bölmenin tam kuyu yüksekliği boyunca ve her yanda 100 mm fazlasıyla uzandığını kontrol edin.,"A,B,C,D,E",Görsel + Test + Ölçüm + Çizim/Hesap + Talimat/İşaret,null,Ölçülen değer,m,null,m,null,null,null,null,true,"Belirtilen yatay mesafe 0,50 m veya daha fazlaysa Aranmaz.",null,[],null,"Herhangi bir korkuluğun iç kenarı ile bitişik bir asansörün hareketli kısmı (kabin, karşı ağırlık veya dengeleme ağırlığı) arasındaki yatay mesafe 0,50 m'den az ise ayırıcı bölme kuyunun tüm yüksekliği boyunca uzanmalıdır. Bu ayırıcı bölme, en az hareketli kısmın genişliğinde olmalı ve kuyu yüksekliği boyunca her bir tarafta ilave 0,10 m uzatılmalıdır.",ÜB.FR.38,R.04,null,null,"[""modul_g_tam""]",null,null
MAD-0071,71,01 - Kuyu Dibi,81-20,Standart / ÜB.FR.38,5.5.7.1,Hız regülatörü gergi makarasının koruması,"Gergi makarası korumasının kişi yaralanmasını, halatın makaradan çıkmasını ve araya cisim girmesini önlediğini görsel olarak kontrol edin.","A,D",Görsel + Çizim/Hesap,null,null,null,null,null,null,null,null,null,true,null,null,[],null,"Hız regülatörü gergi ağırlığı makarasının koruması (Şahıs yaralanması, halatın makaralardan çıkması, halat ve makara arasına cisimlerin girmesi).",ÜB.FR.38,R.04,null,null,"[""modul_g_tam""]",null,null
MAD-0072,72,01 - Kuyu Dibi,81-20,Standart / ÜB.FR.38,5.6.2.2.1.3,Hız regülatörü halatının gerdirilmesi ve kılavuzlanması,null,"A,B,D,E",Görsel + Test + Çizim/Hesap + Talimat/İşaret,null,null,null,null,null,null,null,null,null,true,null,null,[],null,"Hız regülatörü halatı, bir germe ağırlığı ile bir makara tarafından gerilmelidir. Bu makara ya da onun germe ağırlığı kılavuzlanmalıdır.",ÜB.FR.38,R.04,10,78,"[""modul_g_tam""]",KUYU ALT BOŞLUĞU DEĞERLENDİRME KRİTERLERİ,Hız regülatörü halatı ve gergi tertibatı
MAD-0073,73,01 - Kuyu Dibi,81-20,Standart / ÜB.FR.38,5.6.2.2.1.3,Hız regülatörü halatının standardı ve güvenlik katsayısı,null,"A,B,D,E",Görsel + Test + Çizim/Hesap + Talimat/İşaret,null,null,null,null,null,null,null,null,null,true,null,null,[],null,"Hız regülatörü EN 12385-5 de belirtilen bir tel halat ile tahrik edilmeli ve halatın asgari kopma yükü, halat tahrikli tipteki hız regülatörü için 0,2’ye eşit bir μmax sürtünme faktörü dikkate alınarak, hız regülatörünün devreye girdiği anda regülatörün halatında oluşan çekme kuvveti ile, en az 8 güvenlik faktörü ile bulunmuş olmalıdır.",ÜB.FR.38,R.04,10,79,"[""modul_g_tam""]",KUYU ALT BOŞLUĞU DEĞERLENDİRME KRİTERLERİ,Hız regülatörü halatı ve gergi tertibatı
MAD-0074,74,01 - Kuyu Dibi,81-20,Standart / ÜB.FR.38,5.6.2.2.1.6,Hız regülatörü halatı gevşeme ve kopma güvenliği,Hız regülatörü halatı gevşediğinde veya koptuğunda devreye giren elektrikli güvenlik tertibatını deneyin ve gergi tertibatının topraklamasını kontrol edin.,"A,B,D,E",Görsel + Test + Çizim/Hesap + Talimat/İşaret,null,null,null,null,null,null,null,null,null,true,null,null,[],null,Kabin hız regülatörü halatının kopması veya aşırı uzaması durumunda bir elektrik güvenlik tertibatı asansörün motorunu durdurmalıdır. (topraklaması olmalıdır.),ÜB.FR.38,R.04,null,null,"[""modul_g_tam""]",null,null
MAD-0075,75,01 - Kuyu Dibi,81-20,Standart / ÜB.FR.38,5.6.2.2.1.3,Hız regülatörü halatı makarası çap oranı,null,"A,B,D,E",Görsel + Test + Çizim/Hesap + Talimat/İşaret,null,null,null,null,null,null,null,null,null,true,null,null,[],null,Hız regülatörü halatı için makaraların bölüm çapı ile halatın anma çapı arasındaki oran en az 30 olmalıdır.,ÜB.FR.38,R.04,10,81,"[""modul_g_tam""]",KUYU ALT BOŞLUĞU DEĞERLENDİRME KRİTERLERİ,Hız regülatörü halatı ve gergi tertibatı
MAD-0076,76,01 - Kuyu Dibi,81-20,Standart / ÜB.FR.38,5.2.5.8.1,Kuyu dibi sığınma alanı işareti,Kuyu dibi girişinden okunabilen sığınma alanı işaretindeki kişi sayısı ve duruş tipini sahadaki fiili sığınma alanlarıyla karşılaştırın.,"A,B,C,D,E",Görsel + Test + Ölçüm + Çizim/Hesap + Talimat/İşaret,null,null,null,null,null,null,null,null,null,true,null,null,[],null,"Kuyu alt boşluğu sığınma alanı (girişten okunabilir işaret, kişi sayısı ve duruş tipi). Birden fazla sığınma boşluğu bulunması durumunda, bunlar aynı tipte olmalı ve birbirine karışmamalıdır.",ÜB.FR.38,R.04,null,null,"[""modul_g_tam""]",null,null
MAD-0077,77,01 - Kuyu Dibi,81-20,Standart / ÜB.FR.38,5.2.5.8.1,"Kuyu dibi sığınma alanının tipi, sayısı ve net ölçüleri","Kabin en alt konumdayken kuyu dibi zemininde seçilen sığınma alanı tipini belirleyip net genişlik, derinlik ve yüksekliğini ölçün.","A,B,C,D,E",Görsel + Test + Ölçüm + Çizim/Hesap + Talimat/İşaret,null,null,null,null,null,null,null,null,null,true,null,G-PIT-REFUGE-TABLE4,"[{""id"":""pit_siginma_tipi"",""etiket"":""Sığınma alanı tipi"",""birim"":null,""tur"":""secim"",""secenekler"":[""Tip 1 — ayakta"",""Tip 2 — çömelmiş"",""Tip 3 — yatar""],""referans_metni"":""Çizelge 4 duruş tipi"",""kaynak"":""TS EN 81-20:2020, Çizelge 4""},{""id"":""pit_siginma_kisi_sayisi"",""etiket"":""İzin verilen kişi / alan sayısı"",""birim"":""adet"",""tur"":""sayi"",""referans_metni"":""Kuyu dibinde aynı anda bulunması gereken her kişi için bir alan"",""kaynak"":""TS EN 81-20:2020""},{""id"":""pit_siginma_net_genislik"",""etiket"":""Sığınma alanı net genişliği"",""birim"":""mm"",""tur"":""sayi"",""referans_metni"":""Seçilen tipe göre: 400 / 500 / 700 mm"",""kaynak"":""TS EN 81-20:2020""},{""id"":""pit_siginma_net_derinlik"",""etiket"":""Sığınma alanı net derinliği"",""birim"":""mm"",""tur"":""sayi"",""referans_metni"":""Seçilen tipe göre: 500 / 700 / 1000 mm"",""kaynak"":""TS EN 81-20:2020""},{""id"":""pit_siginma_net_yukseklik"",""etiket"":""Sığınma alanı net yüksekliği"",""birim"":""mm"",""tur"":""sayi"",""referans_metni"":""Seçilen tipe göre: 2000 / 1000 / 500 mm"",""kaynak"":""TS EN 81-20:2020""}]",null,"Kabin göre en alt konumdayken, kuyu alt boşluğu zemininde Çizelge 4'ten seçilen bir sığınma boşluğunun barındırılabileceği en az bir adet açık alan sağlanmalıdır. Tip 1 – Dik duruş vaziyetteki duruş (0,40 x 0,50 x 200) m; Tip 2 – Çömelmiş vaziyetteki duruş (0,50 x 0,70 x 100) m; Tip 3 – Yan yatmış duruş (0,70 x 1,0 x 50) m.",ÜB.FR.38,R.04,null,null,"[""modul_g_tam""]",null,null
MAD-0078,78,01 - Kuyu Dibi,81-20,Standart / ÜB.FR.38,"Ek-I, 2.2",Standart kuyu dibi sığınma alanı sağlanmadığında teknik dosya doğrulaması,Standart sığınma alanı sağlanmıyorsa teknik dosyadaki risk değerlendirmesini ve eşdeğer koruyucu tedbirlerin sahada aynen uygulandığını doğrulayın.,"A,B,C,D,E",Görsel + Test + Ölçüm + Çizim/Hesap + Talimat/İşaret,null,null,null,null,null,null,null,null,null,true,Çizelge 4’e uygun standart sığınma alanı eksiksiz sağlanıyorsa Aranmaz.,"G-PIT-REFUGE-TABLE4 — Kuyu dibi sığınma alanları, Çizelge 4",[],null,Bu sığınma boşluğu sağlanmıyor ise riskin önlenmesi için farklı uygulanabilir yöntemler (bkz. TS EN 12100 ve TS EN ISO 14798).,ÜB.FR.38,R.04,null,null,"[""modul_g_tam""]",null,null
MAD-0079,79,01 - Kuyu Dibi,81-20,Standart / ÜB.FR.38,5.2.5.8.2,Kuyu dibi zemini ile kabinin en alt parçaları arasındaki genel düşey açıklık,Kabin en alt konumdayken kuyu dibi zemini ile kabinin en alt parçası arasındaki serbest düşey mesafeyi ölçün.,"A,B,C,D,E",Görsel + Test + Ölçüm + Çizim/Hesap + Talimat/İşaret,null,null,null,null,null,null,null,null,null,true,null,null,"[{""id"":""pit_kabin_alti_genel_dusey_aciklik"",""etiket"":""Kuyu dibi–kabinin en alt parçası serbest düşey mesafesi"",""birim"":""mm"",""tur"":""sayi"",""referans_metni"":""Genel olarak en az 500 mm"",""kaynak"":""TS EN 81-20:2020""}]",null,"Kuyu tabanı ile kabinin en alt kısımları arasında en az 0,5 m düşey mesafe olmalıdır.",ÜB.FR.38,R.04,null,null,"[""modul_g_tam""]",null,null
MAD-0080,80,01 - Kuyu Dibi,81-20,Standart / ÜB.FR.38,5.2.5.8.2,Kabin eteği/kapı altındaki 100 mm açıklık istisnası,"Kabin eteği veya düşey sürgülü kapının bitişik duvara yatay mesafesini ölçün; 150 mm altındaysa düşey açıklığın en az 100 mm olduğunu, üzerindeyse genel 500 mm şartının uygulandığını kontrol edin.","A,B,C,D,E",Görsel + Test + Ölçüm + Çizim/Hesap + Talimat/İşaret,null,null,null,null,null,null,null,null,null,true,Kabin eteği veya düşey sürgülü kapı parçası bu istisna bölgesinde değilse Aranmaz.,null,"[{""id"":""etek_duvar_yatay_mesafe"",""etiket"":""Kabin eteği / kapı parçası–bitişik duvar yatay mesafesi"",""birim"":""mm"",""tur"":""sayi"",""referans_metni"":""İstisna için en fazla 150 mm"",""kaynak"":""TS EN 81-20:2020""},{""id"":""etek_alti_dusey_aciklik"",""etiket"":""Parçanın altındaki serbest düşey açıklık"",""birim"":""mm"",""tur"":""sayi"",""referans_metni"":""İstisna bölgesinde en az 100 mm; dışında en az 500 mm"",""kaynak"":""TS EN 81-20:2020""}]",null,Düşey mesafe bitişik duvara 15 cm yatay mesafede kabinin dikey sürgülü kapı parçaları veya eteğinin parçaları asgari 10 cm'ye kadar azaltma olabilir. Düşey mesafe bitişik duvara 15 cm yatay mesafeden fazla ise kabinin dikey sürgülü kapı parçaları veya eteğinin parçaları asgari 50 cm olmalıdır.,ÜB.FR.38,R.04,null,null,"[""modul_g_tam""]",null,null
MAD-0081,81,01 - Kuyu Dibi,81-20,Standart / ÜB.FR.38,5.2.5.8.2,Ray çevresindeki kabin altı parçalarının güvenlik açıklığı,Kabin çerçevesi/güvenlik tertibatı/kılavuz pabucu parçalarının kılavuz raya yatay uzaklığını ve kuyu dibine düşey mesafesini ölçüp Şekil 6-7'deki sınır eğrisiyle karşılaştırın.,"A,B,C,D,E",Görsel + Test + Ölçüm + Çizim/Hesap + Talimat/İşaret,null,null,null,null,null,null,null,null,null,true,Belirtilen kabin altı parçaları ray çevresinde bulunmuyorsa Aranmaz.,G-EN8120-FIG6-7,"[{""id"":""kabin_alti_parca_ray_yatay_mesafe"",""etiket"":""Kabin altı parça–kılavuz ray yatay mesafesi (XH)"",""birim"":""mm"",""tur"":""sayi"",""referans_metni"":""Şekil 6 ve 7’ye göre değerlendirilir"",""kaynak"":""TS EN 81-20:2020""},{""id"":""kabin_alti_parca_pit_dusey_mesafe"",""etiket"":""Kuyu dibi–kabin altı parça serbest düşey mesafesi"",""birim"":""mm"",""tur"":""sayi"",""referans_metni"":""XH değerine göre 100–500 mm arasında gerekli sınır"",""kaynak"":""TS EN 81-20:2020""}]",null,"Düşey mesafe kabin çerçevesi parçaları, güvenlik tertibatları, kılavuz pabuçları, oturma tertibatları için kılavuz raylardan azami yatay mesafe içinde, Şekil 6 ve 7'ye uygun olmalıdır.",ÜB.FR.38,R.04,null,null,"[""modul_g_tam""]",null,null
MAD-0082,82,01 - Kuyu Dibi,81-20,Standart / ÜB.FR.38,5.4.5.1,Kabin koruma eteğinin genişliği ve alt pahı,Koruma eteğinin durak kapısı açıklığını tam genişlikte kapladığını ve alt pahın açısı ile yatay izdüşümünü ölçün.,"A,C,D",Görsel + Ölçüm + Çizim/Hesap,null,null,null,null,null,null,null,null,null,true,null,null,"[{""id"":""kabin_etegi_genisligi"",""etiket"":""Kabin koruma eteği genişliği"",""birim"":""mm"",""tur"":""sayi"",""referans_metni"":""En az karşısındaki net durak kapısı açıklığı"",""kaynak"":""TS EN 81-20:2020""},{""id"":""durak_kapisi_net_acikligi"",""etiket"":""Karşısındaki net durak kapısı açıklığı"",""birim"":""mm"",""tur"":""sayi"",""referans_metni"":""Etek genişliğiyle karşılaştırmak için ölçülür"",""kaynak"":""TS EN 81-20:2020""},{""id"":""kabin_etegi_alt_pah_izdusumu"",""etiket"":""Alt pahın yatay izdüşümü"",""birim"":""mm"",""tur"":""sayi"",""referans_metni"":""En az 20 mm"",""kaynak"":""TS EN 81-20:2020""}]",null,"Her kabin eşiğine, karşısındaki net durak kapısının en az tam genişliğinde uzanan bir koruma eteği sacı monte edilmelidir. Bu düşey bölüm, yatay düzlemle en az 60°'lik açı yapan bir pah ile aşağıya doğru uzatılmalıdır. Bu pahın yatay düzlemden olan çıkıntısı 20 mm'den az olmamalıdır.",ÜB.FR.38,R.04,null,null,"[""modul_g_tam""]",null,null
MAD-0083,83,01 - Kuyu Dibi,81-20,Standart / ÜB.FR.38,5.4.5.1,Kabin koruma eteği yüzündeki çıkıntılar,Koruma eteği yüzeyindeki bağlantı çıkıntılarının boyutunu ölçün; 2 mm'yi aşanların pahlı olup olmadığını kontrol edin.,"A,C,D",Görsel + Ölçüm + Çizim/Hesap,null,null,null,null,null,null,null,null,null,true,null,null,"[{""id"":""kabin_etegi_en_buyuk_cikinti"",""etiket"":""Etek yüzündeki en büyük çıkıntı"",""birim"":""mm"",""tur"":""sayi"",""referans_metni"":""En fazla 5 mm"",""kaynak"":""TS EN 81-20:2020""}]",null,"Koruma eteğinin yüzü üzerindeki herhangi bir çıkıntı, örneğin bağlantı kısımları gibi, 5 mm'yi aşmamalıdır. 2 mm'yi aşan çıkıntılar, yatayla en az 75°'lik bir açı yapacak şekilde pahlanmalıdır.",ÜB.FR.38,R.04,null,null,"[""modul_g_tam""]",null,null
MAD-0084,84,01 - Kuyu Dibi,81-20,Standart / ÜB.FR.38,5.4.5.2,Kabin koruma eteğinin düşey bölüm yüksekliği,Koruma eteğinin düşey bölümünün net yüksekliğini ölçün.,"A,C,D",Görsel + Ölçüm + Çizim/Hesap,null,null,null,null,null,null,null,null,null,true,null,null,"[{""id"":""kabin_etegi_dusey_yukseklik"",""etiket"":""Kabin koruma eteği düşey bölüm yüksekliği"",""birim"":""mm"",""tur"":""sayi"",""referans_metni"":""En az 750 mm"",""kaynak"":""TS EN 81-20:2020""}]",null,"Düşey kısmın yüksekliği en az 0,75 m olmalıdır.",ÜB.FR.38,R.04,null,null,"[""modul_g_tam""]",null,null
MAD-0085,85,01 - Kuyu Dibi,81-20,Standart / ÜB.FR.38,5.4.5.3,Kabin koruma eteğinin mekanik dayanımı,Koruma eteğine uygulanan 300 N'luk kuvvet deneyinde ölçülen kalıcı ve elastik deformasyon değerlerini kaydedip sınırlarla karşılaştırın.,"A,C,D",Görsel + Ölçüm + Çizim/Hesap,null,null,null,null,null,null,null,null,null,true,null,null,"[{""id"":""kabin_etegi_kalici_deformasyon"",""etiket"":""Deney sonrası kalıcı deformasyon"",""birim"":""mm"",""tur"":""sayi"",""referans_metni"":""En fazla 1 mm"",""kaynak"":""TS EN 81-20:2020""},{""id"":""kabin_etegi_elastik_sapma"",""etiket"":""Yük altındaki elastik sapma"",""birim"":""mm"",""tur"":""sayi"",""referans_metni"":""En fazla 35 mm"",""kaynak"":""TS EN 81-20:2020""}]",null,"Yuvarlak veya kare kesitli 5 cm²'lik bir alana eşit olarak dağılan 300 N'luk bir kuvvet, koruma eteğinin durak tarafından, düşey kesitin alt kenarı boyunca herhangi bir noktada dik açılarda uygulandığında, aşağıdakiler olmaksızın koruma eteği bu kuvvete dayanmalıdır: a) 1 mm'den daha büyük kalıcı deformasyon; b) 35 mm'den daha büyük elastik deformasyon.",ÜB.FR.38,R.04,null,null,"[""modul_g_tam""]",null,null
MAD-0086,86,01 - Kuyu Dibi,81-20,Standart / ÜB.FR.38,5.4.7.6,Kabin altı kasnak ve dişli koruması,Kabin altı kasnak/dişli varsa korumasının halat çıkmasını ve araya cisim girmesini önlediğini görsel olarak kontrol edin.,"A,C,D",Görsel + Ölçüm + Çizim/Hesap,null,Ölçülen değer,null,null,null,null,null,null,null,true,Kabin altına sabitlenmiş kasnak veya dişli yoksa Aranmaz.,null,[],null,"Kabin altına sabitlenmiş kasnaklar veya dişliler varsa, korumaya sahip olmalı (Halatın makaralardan çıkması, halat ve makara arasına cisimlerin girmesi).",ÜB.FR.38,R.04,null,null,"[""modul_g_tam""]",null,null
MAD-0087,87,01 - Kuyu Dibi,81-20,Standart / ÜB.FR.38,5.2.1.9,Kuyu dibi yüzeylerinin uygunluğu,"Kuyu dibi zemininin kaymazlığını, su sızdırmazlığını ve toz oluşturmayan dayanıklı malzemeden yapıldığını, zeminin aynı seviyede olduğunu görsel olarak kontrol edin.","A,B,C,D,E",Görsel + Test + Ölçüm + Çizim/Hesap + Talimat/İşaret,null,Ölçülen değer,null,null,null,null,null,null,null,true,null,null,[],null,"Kuyu duvarları ve zemin yüzeyleri toz oluşturmayan (örneğin, beton, tuğla veya briket gibi), kaygan olmayan, su sızdırmayan dayanıklı malzemeden yapılmalı ve zemin yaklaşık aynı seviyede olmalıdır.",ÜB.FR.38,R.04,null,null,"[""modul_g_tam""]",null,null
MAD-0088,88,01 - Kuyu Dibi,81-20,Standart / ÜB.FR.38,5.11.2.2.1,Kuyu dibi güvenlik kontaklarının koruma derecesi,Kuyu dibindeki güvenlik kontaklarının mahfazasının en az IP4X koruma derecesinde olduğunu ve mekanik zorlanmaya dayanıklı yapıldığını kontrol edin.,"A,B,D,E",Görsel + Test + Çizim/Hesap + Talimat/İşaret,null,null,null,null,null,null,null,null,null,true,null,null,[],null,"Güvenlik kontakları, asgari koruma derecesi IP4X (EN 60529:1992) ve bu amaç için uygun mekanik dayanıklı olmalıdır.",ÜB.FR.38,R.04,null,null,"[""modul_g_tam""]",null,null
MAD-0089,89,01 - Kuyu Dibi,81-1/2+A3,Standart / ÜB.FR.39,"5.7.3.4 a | ZA: 1.2.1, 4.2",Kuyu dibi durdurma anahtarlarına erişim,null,"A,B",Görsel + Test,null,null,null,null,null,null,null,null,null,true,null,null,[],null,Giriş kapısından ve kuyu döşemesinden erişilebilen durdurma anahtar/lar (Stop),ÜB.FR.39,R.02,12,2,"[""modul_g_tam""]",null,null
MAD-0090,90,01 - Kuyu Dibi,81-1/2+A3,Standart / ÜB.FR.39,"5.7.3.4 b | ZA: 1.2.1, 4.2",Kuyu dibi servis prizi,null,"A,C",Görsel + Ölçüm,null,Ölçülen değer,null,null,null,null,null,null,null,true,null,null,[],null,"Kuyu alt boşluğu prizi (toprak bağlantısı, makineyi besleyen devreden bağımsız olmalı)",ÜB.FR.39,R.02,12,3,"[""modul_g_tam""]",null,null
MAD-0091,91,01 - Kuyu Dibi,81-1/2+A3,Standart / ÜB.FR.39,"5.7.3.4 c | ZA: 1.2.1, 4.2",Kuyu dibi aydınlatma anahtarına erişim,null,"A,B",Görsel + Test,null,null,null,null,null,null,null,null,null,true,null,null,[],null,Giriş kapısı açılınca kolay erişilebilen aydınlatma anahtarı,ÜB.FR.39,R.02,12,4,"[""modul_g_tam""]",null,null
MAD-0092,92,01 - Kuyu Dibi,81-1/2+A3,Standart / ÜB.FR.39,"5.7.3.2 | ZA: 1.2.1, 4.2",Kuyu dibine güvenli erişim tertibatı,null,A,Görsel,null,null,null,null,null,null,null,null,null,true,null,null,[],null,Giriş kapısından kolayca erişilebilen sabit bir merdiven,ÜB.FR.39,R.02,12,5,"[""modul_g_tam""]",null,null
MAD-0093,93,01 - Kuyu Dibi,81-1/2+A3,Standart / ÜB.FR.39,"5.7.3.1 | ZA: 1.2.1, 4.2",Kuyu dibi zemininin düzgünlüğü ve su yalıtımı,null,A,Görsel,null,null,null,null,null,null,null,null,null,true,null,null,[],null,Kuyu alt boşluğu zemini (düzün ve yatay yapısı / su sızdırmazlık),ÜB.FR.39,R.02,12,6,"[""modul_g_tam""]",null,null
MAD-0094,94,01 - Kuyu Dibi,81-1/2+A3,Standart / ÜB.FR.39,"Yangın Yön. M.53-1,2 | ZA: 1.5.6",Kuyu dibinde temizlik ve yanıcı madde kontrolü,null,A,Görsel,null,null,null,null,null,null,null,null,null,true,null,null,[],null,Kuyuda yanıcı maddelerin bulunmaması ve temizlik,ÜB.FR.39,R.02,12,7,"[""modul_g_tam""]",null,null
MAD-0095,95,01 - Kuyu Dibi,81-1/2+A3,Standart / ÜB.FR.39,"5.8 | ZA: 1.6, 4.2",Kuyuda asansör dışı donanım kontrolü,null,A,Görsel,null,null,null,null,null,null,null,null,null,true,null,null,[],null,Asansöre ait olmayan teçhizatlarının bulunmaması,ÜB.FR.39,R.02,12,8,"[""modul_g_tam""]",null,null
MAD-0096,96,01 - Kuyu Dibi,81-1/2+A3,Standart / ÜB.FR.39,"Ek D, D.2 İç Tes.Yön.M.57 | ZA: 1.6",Kuyu dibi koruyucu topraklama sürekliliği,null,"A,C",Görsel + Ölçüm,null,Ölçülen değer,null,null,null,null,MR,null,null,true,null,null,[],null,Topraklamanın sürekliliği (kablo renkleri yeşil-sarı),ÜB.FR.39,R.02,12,9,"[""modul_g_tam""]",null,null
MAD-0097,97,01 - Kuyu Dibi,81-1/2+A3,Standart / ÜB.FR.39,5.10 | ZA: 3.1,Kuyu dibi alarm ve iki yönlü haberleşme,null,"A,B",Görsel + Test,null,null,null,null,null,null,null,null,null,true,null,null,[],null,"Alarm tertibatı (acil durum besleme kaynağından, sürekli iki yönlü haberleşme)",ÜB.FR.39,R.02,12,10,"[""modul_g_tam""]",null,null
MAD-0098,98,01 - Kuyu Dibi,81-1/2+A3,Standart / ÜB.FR.39,5.6.1 | ZA: 1.6,Karşı ağırlık ayırıcı bölmesinin ölçüleri,"Karşı ağırlık ayırıcı bölmesinin başlangıç kotunu, yüksekliğini ve genişliğini ölçün.","A,C",Görsel + Ölçüm,null,yükseklik,null,null,null,null,null,null,null,true,null,null,[],null,"Karşı ağırlık seperatörü (kuyu tabanından en fazla 0,3 m'den başlayacak şekilde en az 2,5 m yükseklik, karşı ağırlığın genişliği + her iki yanına 0,1 m ilave genişlik).",ÜB.FR.39,R.02,null,null,"[""modul_g_tam""]",null,null
MAD-0099,99,01 - Kuyu Dibi,81-1/2+A3,Standart / ÜB.FR.39,9.9.6.5 | ZA: 4.2,Hız regülatörü gergi makarasının korunması,null,"A,B",Görsel + Test,null,null,null,null,null,null,null,null,null,true,null,null,[],null,"Gergi makarası (kontak, hareketli parçalar alanına girmeme, mahfaza, halat atma pimi)",ÜB.FR.39,R.02,12,12,"[""modul_g_tam""]",null,null
MAD-0100,100,01 - Kuyu Dibi,81-1/2+A3,Standart / ÜB.FR.39,8.3.2 | ZA: 4.2,Kabin tampon çarpma kirişinin uygunluğu,null,A,Görsel,null,null,null,null,null,null,null,null,null,true,null,null,[],null,Kabin tampon çarpma kirişi/kirişleri uygunluğu,ÜB.FR.39,R.02,12,13,"[""modul_g_tam""]",null,null
MAD-0101,101,01 - Kuyu Dibi,81-1/2+A3,Standart / ÜB.FR.39,"5.7.3.3 a Ek-I, 2.2 | ZA: 2.2",Eski standarda göre kuyu dibi güvenlik hacmi,"Kabin tamponları tamamen sıkışmışken kuyu dibinde 0,50x0,60x1,00 m'lik bloğun yerleşebileceği net hacmi ölçüp kaydedin.","A,C",Görsel + Ölçüm,null,X,null,X,null,null,null,null,null,true,null,null,[],null,"Kuyu alt boşluğu güvenlik hacmi (0,5 m x 0,6 m x 1 m).",ÜB.FR.39,R.02,null,null,"[""modul_g_tam""]",null,null
MAD-0102,102,01 - Kuyu Dibi,81-1/2+A3,Standart / ÜB.FR.39,"Ek-I, 2.2 | ZA: 2.2",Mevcut binada eşdeğer kuyu dibi güvenliği,Standart güvenlik hacmi sağlanamıyorsa teknik dosyada TS EN 81-21'e göre seçilmiş alternatif tedbirlerin sahada uygulandığını doğrulayın.,"A,C",Görsel + Ölçüm,null,Ölçülen değer,null,null,null,null,null,null,null,true,Standart güvenlik hacmi sağlanıyorsa Aranmaz.,null,[],null,Bu sığınma boşluğu sağlanmıyor ise (özellikle mevcut binalarda) riskin önlenmesi için farklı uygulanabilir yöntemler kullanılabilir. (bkz. TS EN 81-21),ÜB.FR.39,R.02,null,null,"[""modul_g_tam""]",null,null
MAD-0103,103,01 - Kuyu Dibi,81-1/2+A3,Standart / ÜB.FR.39,5.7.3.3 b | ZA: 2.3,Eski standarda göre kuyu dibi düşey mesafeleri,Kabin tamponları tamamen sıkışmışken kuyu dibi ile kabin en alt kısmı arası düşey mesafeyi ölçün; istisna şartlarındaki yatay mesafeleri de ayrıca kontrol edin.,"A,C",Görsel + Ölçüm,null,Ölçülen değer,null,null,null,null,null,0.5,>=,true,null,null,[],null,"Kuyu tabanı ile kabinin en alt kısımları arasında düşey mesafe en az 0,5 m. Bu mesafe aşağıdaki şartlarda 0,1 m'ye kadar düşebilir: kabin eteği ile duvarlar arası yatay mesafe en az 15 cm ise, kabinin en alt kısımları ile raylar arası yatay mesafe en az 15 cm ise.",ÜB.FR.39,R.02,null,null,"[""modul_g_tam""]",null,null
MAD-0104,104,01 - Kuyu Dibi,81-1/2+A3,Standart / ÜB.FR.39,5.7.3.3 c | ZA: 2.3,Kuyu dibi sabit parçaları ile kabin arasındaki mesafe,null,C,Ölçüm,null,Ölçülen değer,null,null,null,null,null,0.3,>=,true,null,null,[],null,"Kuyu dibinde en yüksek sabit parçalar ile kabinin en alt kısımları arasında en az 0,3 m",ÜB.FR.39,R.02,12,17,"[""modul_g_tam""]",null,null
MAD-0105,105,01 - Kuyu Dibi,81-1/2+A3,Standart / ÜB.FR.39,10.4.1.2 | ZA: 3.1,Poliüretan tamponun hız ve strok koşulu,Poliüretan tampon kullanılmışsa beyan hızının 1 m/s'yi aşmadığını doğrulayın ve tam sıkışmış strok mesafesini tampon yüksekliğinin %90'ı esasına göre ölçün.,"A,C",Görsel + Ölçüm,null,Ölçülen değer,null,null,null,null,null,1,<=,true,Doğrusal olmayan poliüretan tampon yoksa Aranmaz.,null,[],null,"Enerji depolayan doğrusal olmayan karakteristikli (poliüretan) tamponlar varsa; beyan hızı en fazla 1 m/s, strok mesafesi tamponun yüksekliğinin %90 oranı.",ÜB.FR.39,R.02,null,null,"[""modul_g_tam""]",null,null
MAD-0106,106,01 - Kuyu Dibi,81-1/2+A3,Standart / ÜB.FR.39,10.4.3 | ZA: 3.1,Hidrolik tamponun güvenlik kontrolleri,"Hidrolik tampon varsa yağ seviyesini ve sızıntı durumunu kontrol edin, tamponun uzamış konumunu denetleyen elektrikli güvenlik tertibatını deneyin.","A,B,C",Görsel + Test + Ölçüm,null,cm strok mesafesi,null,null,null,null,null,null,null,true,Hidrolik tampon yoksa Aranmaz.,null,[],null,"Hidrolik tamponlar varsa; elektrikli güvenlik tertibatı, hidrolik seviyesi kontrolü.",ÜB.FR.39,R.02,null,null,"[""modul_g_tam""]",null,null
MAD-0107,107,01 - Kuyu Dibi,81-1/2+A3,Standart / ÜB.FR.39,15.8 | ZA: 4.2,Tampon bilgi levhası,null,"A,E",Görsel + Talimat/İşaret,null,null,null,null,null,null,null,null,null,true,null,null,[],null,Tamponlar üzerinde bilgi levhası,ÜB.FR.39,R.02,12,20,"[""modul_g_tam""]",null,null
MAD-0108,108,01 - Kuyu Dibi,81-1/2+A3,Standart / ÜB.FR.39,5.5 | ZA: 1.4,Kuyu altındaki erişilebilir hacimlerin korunması,Kuyu altında erişilebilir hacim varsa zemin tasarım yükünü teknik dosyadan doğrulayın; karşı ağırlık altındaki beton kaidenin zemine ulaştığını veya güvenlik tertibatı bulunduğunu kontrol edin.,"A,B,E",Görsel + Test + Talimat/İşaret,null,null,null,null,null,null,null,null,null,true,Kuyunun altında insanların erişebildiği bir hacim yoksa Aranmaz.,null,[],null,"Kuyu altında erişilebilir boşluk varsa, zemin dayanımı en az 5000 N/m² (Karşı ağırlık altındaki beton kaide zemine kadar olmalı veya güvenlik tertibatıyla donatılmalıdır.)",ÜB.FR.39,R.02,null,null,"[""modul_g_tam""]",null,null
MAD-0008B,109,02 - Kuyu Boyunca,Genel,Saha Ölçümü,ÜB.FR.38 R.04 / ÜB.FR.39 R.02 — Temel Kuyu Tasarım Ölçüleri,Kabin üstünde alınacak ray ve kuyu yerleşim ölçüleri,Kabin üstüne güvenli biçimde çıktıktan sonra ölçüleri aynı kotta ve aynı referans yüzlerden alın. Standart dışı veya kuşkulu bir değer görülürse yerini madde açıklamasına yazın.,C,Ölçüm,null,null,null,null,null,null,null,null,null,true,null,null,"[{""id"":""ray_kapi_arasi"",""etiket"":""Kabin ana rayı–durak kapısı arası"",""birim"":""mm"",""tur"":""sayi"",""kaynak"":""ÜB.FR.38 R.04 — Temel Kuyu Tasarım Ölçüleri; ÜB.FR.39 R.02 — Temel Kuyu Tasarım Ölçüleri"",""referans_metni"":""Sahada görülen değer kaydedilir; uygulama otomatik uygunluk kararı vermez.""},{""id"":""kabin_raylar_arasi"",""etiket"":""Kabin ana rayları arası"",""birim"":""mm"",""tur"":""sayi"",""kaynak"":""ÜB.FR.38 R.04 — Temel Kuyu Tasarım Ölçüleri; ÜB.FR.39 R.02 — Temel Kuyu Tasarım Ölçüleri"",""referans_metni"":""Sahada görülen değer kaydedilir; uygulama otomatik uygunluk kararı vermez.""},{""id"":""karsi_agirlik_raylar_arasi"",""etiket"":""Karşı ağırlık rayları arası"",""birim"":""mm"",""tur"":""sayi"",""kaynak"":""ÜB.FR.38 R.04 — Temel Kuyu Tasarım Ölçüleri; ÜB.FR.39 R.02 — Temel Kuyu Tasarım Ölçüleri"",""referans_metni"":""Sahada görülen değer kaydedilir; uygulama otomatik uygunluk kararı vermez.""},{""id"":""kabin_karsi_agirlik_ray_arasi"",""etiket"":""Kabin ana rayı–karşı ağırlık rayı arası"",""birim"":""mm"",""tur"":""sayi"",""kaynak"":""AVES teknik dosya–saha eşleşme kaydı — kontrollü kurum içi alan"",""referans_metni"":""Sahada görülen değer kaydedilir; uygulama otomatik uygunluk kararı vermez.""},{""id"":""kabin_kilavuz_ray_tipi"",""etiket"":""Kabin kılavuz ray tipi"",""birim"":null,""tur"":""metin"",""kaynak"":""ÜB.FR.38 R.04 — Temel Kuyu Tasarım Ölçüleri; ÜB.FR.39 R.02 — Temel Kuyu Tasarım Ölçüleri"",""referans_metni"":""Etiket veya ray gövdesindeki tanımlama sahada görüldüğü biçimde kaydedilir.""},{""id"":""karsi_agirlik_kilavuz_ray_tipi"",""etiket"":""Karşı ağırlık kılavuz ray tipi"",""birim"":null,""tur"":""metin"",""kaynak"":""ÜB.FR.38 R.04 — Temel Kuyu Tasarım Ölçüleri; ÜB.FR.39 R.02 — Temel Kuyu Tasarım Ölçüleri"",""referans_metni"":""Etiket veya ray gövdesindeki tanımlama sahada görüldüğü biçimde kaydedilir.""},{""id"":""kabin_ray_kesit_olcusu"",""etiket"":""Kabin rayı kesit ölçüsü / profil tanımı"",""birim"":null,""tur"":""metin"",""kaynak"":""ÜB.FR.65 R.00 — Teknik Dosya-Saha Eşleşme Formu"",""referans_metni"":""Etiket, profil veya teknik dosyada görülen tanımlama sahadaki biçimiyle kaydedilir.""},{""id"":""karsi_agirlik_ray_kesit_olcusu"",""etiket"":""Karşı ağırlık rayı kesit ölçüsü / profil tanımı"",""birim"":null,""tur"":""metin"",""kaynak"":""ÜB.FR.65 R.00 — Teknik Dosya-Saha Eşleşme Formu"",""referans_metni"":""Etiket, profil veya teknik dosyada görülen tanımlama sahadaki biçimiyle kaydedilir.""}]",null,null,ÜB.FR.38 / ÜB.FR.39,R.04 / R.02,null,null,"[""modul_g_tam"",""saha_teyidi_e"",""saha_teyidi_h1""]",null,null
MAD-0008C,109,02 - Kuyu Boyunca,81-20,Saha Ölçümü,ÜB.FR.38 R.04 — Temel Kuyu Tasarım Ölçüleri,Kabin üstünde alınacak konsol ve paten ölçüleri,Her aralığı tek tek kaydetmeyin. Kuyu boyunca görülen en büyük ray konsolu aralığını ve görüldüğü katı/kotu yazın. Patenler arası düşey mesafeyi aynı referans noktalarından ölçün.,C,Ölçüm,null,null,null,null,null,null,null,null,null,true,null,null,"[{""id"":""kabin_konsol_en_buyuk_aralik"",""etiket"":""Kabin ray konsollarında ölçülen en büyük aralık"",""birim"":null,""tur"":""sayi"",""kaynak"":""ÜB.FR.38 R.04 — Temel Kuyu Tasarım Ölçüleri"",""referans_metni"":""Sahada görülen değer kaydedilir; uygulama otomatik uygunluk kararı vermez.""},{""id"":""kabin_konsol_en_buyuk_konum"",""etiket"":""En büyük kabin ray konsolu aralığının katı / kotu"",""birim"":null,""tur"":""metin"",""kaynak"":""ÜB.FR.38 R.04 — Temel Kuyu Tasarım Ölçüleri"",""referans_metni"":""Etiket veya ray gövdesindeki tanımlama sahada görüldüğü biçimde kaydedilir.""},{""id"":""karsi_agirlik_konsol_en_buyuk_aralik"",""etiket"":""Karşı ağırlık ray konsollarında ölçülen en büyük aralık"",""birim"":null,""tur"":""sayi"",""kaynak"":""ÜB.FR.38 R.04 — Temel Kuyu Tasarım Ölçüleri"",""referans_metni"":""Sahada görülen değer kaydedilir; uygulama otomatik uygunluk kararı vermez.""},{""id"":""karsi_agirlik_konsol_en_buyuk_konum"",""etiket"":""En büyük karşı ağırlık konsolu aralığının katı / kotu"",""birim"":null,""tur"":""metin"",""kaynak"":""ÜB.FR.38 R.04 — Temel Kuyu Tasarım Ölçüleri"",""referans_metni"":""Etiket veya ray gövdesindeki tanımlama sahada görüldüğü biçimde kaydedilir.""},{""id"":""kabin_patenleri_dusey_aralik"",""etiket"":""Kabin patenleri arası düşey mesafe"",""birim"":null,""tur"":""sayi"",""kaynak"":""ÜB.FR.38 R.04 — Temel Kuyu Tasarım Ölçüleri"",""referans_metni"":""Sahada görülen değer kaydedilir; uygulama otomatik uygunluk kararı vermez.""},{""id"":""karsi_agirlik_patenleri_dusey_aralik"",""etiket"":""Karşı ağırlık patenleri arası düşey mesafe"",""birim"":null,""tur"":""sayi"",""kaynak"":""ÜB.FR.38 R.04 — Temel Kuyu Tasarım Ölçüleri"",""referans_metni"":""Sahada görülen değer kaydedilir; uygulama otomatik uygunluk kararı vermez.""}]",null,null,ÜB.FR.38,R.04,null,null,"[""modul_g_tam"",""saha_teyidi_e"",""saha_teyidi_h1""]",null,null
MAD-0008F,109,02 - Kuyu Boyunca,Genel,Saha Ölçümü,ÜB.FR.65 R.00 — Teknik Dosya-Saha Eşleşme Formu; ÜB.RP.08 R.02 — Modül E/H1 Gözetim Denetimi Kontrol Raporu,Kuyu boyunca düşey geometri ölçüleri,"Kabin üstünde ve duraklarda erişilebilen referanslardan seyir mesafesi, toplam kuyu yüksekliği, son kat yüksekliği ve toplam ray boyunu kaydedin. Denetçi değeri teknik dosya ile sahada karşılaştırır.","C,D",Ölçüm + Çizim/Hesap,null,null,null,null,null,null,null,null,null,true,null,null,"[{""id"":""seyir_mesafesi"",""etiket"":""Seyir mesafesi"",""birim"":""mm"",""tur"":""sayi"",""kaynak"":""ÜB.FR.65 R.00 — Teknik Dosya-Saha Eşleşme Formu"",""referans_metni"":""Sahada ölçülen değer bir kez kaydedilir; denetçi teknik dosya ve ilgili kontrol maddesiyle karşılaştırır.""},{""id"":""toplam_kuyu_yuksekligi"",""etiket"":""Toplam kuyu yüksekliği"",""birim"":""mm"",""tur"":""sayi"",""kaynak"":""ÜB.FR.65 R.00 — Teknik Dosya-Saha Eşleşme Formu"",""referans_metni"":""Sahada ölçülen değer bir kez kaydedilir; denetçi teknik dosya ve ilgili kontrol maddesiyle karşılaştırır.""},{""id"":""son_kat_yuksekligi"",""etiket"":""Son kat yüksekliği"",""birim"":""mm"",""tur"":""sayi"",""kaynak"":""ÜB.FR.65 R.00 — Teknik Dosya-Saha Eşleşme Formu"",""referans_metni"":""Sahada ölçülen değer bir kez kaydedilir; denetçi teknik dosya ve ilgili kontrol maddesiyle karşılaştırır.""},{""id"":""toplam_kuyu_ray_boyu"",""etiket"":""Toplam kuyu ray boyu"",""birim"":""mm"",""tur"":""sayi"",""kaynak"":""ÜB.FR.65 R.00 — Teknik Dosya-Saha Eşleşme Formu"",""referans_metni"":""Sahada ölçülen değer bir kez kaydedilir; denetçi teknik dosya ve ilgili kontrol maddesiyle karşılaştırır.""}]",null,null,ÜB.FR.65,R.00,null,null,"[""modul_g_tam"",""saha_teyidi_e"",""saha_teyidi_h1""]",null,null
MAD-0008G,109,02 - Kuyu Boyunca,Genel,Saha Ölçümü,ÜB.FR.65 R.00 — Teknik Dosya-Saha Eşleşme Formu; ÜB.RP.08 R.02 — Modül E/H1 Gözetim Denetimi Kontrol Raporu,Karşı ağırlığın saha ölçüleri,Karşı ağırlık kütlelerinin adedini ve taşıyıcı çerçevenin erişilebilen dış ölçülerini kaydedin. Ölçülemeyen tarafı tahmin etmeyin; Eksik olarak işaretleyip kısa açıklama yazın.,"C,D",Ölçüm + Çizim/Hesap,null,null,null,null,null,Elektrikli,null,null,null,true,null,null,"[{""id"":""karsi_agirlik_adedi"",""etiket"":""Karşı ağırlık kütlesi adedi"",""birim"":""adet"",""tur"":""sayi"",""kaynak"":""ÜB.FR.65 R.00 — Teknik Dosya-Saha Eşleşme Formu"",""referans_metni"":""Sahada görülen adet kaydedilir ve teknik dosya ile karşılaştırılır.""},{""id"":""karsi_agirlik_genisligi"",""etiket"":""Karşı ağırlık taşıyıcı genişliği"",""birim"":""mm"",""tur"":""sayi"",""kaynak"":""ÜB.FR.65 R.00 — Teknik Dosya-Saha Eşleşme Formu"",""referans_metni"":""Sahada ölçülen değer bir kez kaydedilir; denetçi teknik dosya ve ilgili kontrol maddesiyle karşılaştırır.""},{""id"":""karsi_agirlik_derinligi"",""etiket"":""Karşı ağırlık taşıyıcı derinliği"",""birim"":""mm"",""tur"":""sayi"",""kaynak"":""ÜB.FR.65 R.00 — Teknik Dosya-Saha Eşleşme Formu"",""referans_metni"":""Sahada ölçülen değer bir kez kaydedilir; denetçi teknik dosya ve ilgili kontrol maddesiyle karşılaştırır.""},{""id"":""karsi_agirlik_yuksekligi"",""etiket"":""Karşı ağırlık taşıyıcı yüksekliği"",""birim"":""mm"",""tur"":""sayi"",""kaynak"":""ÜB.FR.65 R.00 — Teknik Dosya-Saha Eşleşme Formu"",""referans_metni"":""Sahada ölçülen değer bir kez kaydedilir; denetçi teknik dosya ve ilgili kontrol maddesiyle karşılaştırır.""}]",null,null,ÜB.FR.65,R.00,null,null,"[""modul_g_tam"",""saha_teyidi_e"",""saha_teyidi_h1""]",null,null
MAD-0109,109,01 - Kuyu Dibi,81-1/2+A3,Standart / ÜB.FR.39,"📘 Kısa Teknik Açıklamalar 1.2.1 → kuyu dibi/alt boşlukta erişim, çalışma alanı ve güvenli hareket için asgarî açıklıklar, servis için güvenli yaklaşım 4.2 → bakım ve muayene personelinin kuyu içinde çalışırken korunması 1.5.6 → yangınla ilgili ulusal düzenlemelerin (burada: Yangın Yön. 53-1,2) asansör güvenliğiyle ilişkilendirilmesi 1.6 → kuyu içinde/alt boşlukta bulunan elektrikli donanımın, butonların, aydınlatmanın güvenliği 2.2 / 2.3 → kuyu içinde erişilebilen kapı/kapak varsa açılma-kilitlenme güvenliği 3.1 → kurtarma / acil durum işletmesi (özellikle 5.10, 10.4.* maddeleri) 1.4 → kişilerin düşme / sıkışma / hareketli parçaya temas riskine karşı korunması | ZA: 📘 Kısa Teknik Açıklamalar 1.2.1 → kuyu dibi/alt boşlukta erişim, çalışma alanı ve güvenli hareket için asgarî açıklıklar, servis için güvenli yaklaşım 4.2 → bakım ve muayene personelinin kuyu içinde çalışırken korunması 1.5.6 → yangınla ilgili ulusal düzenlemelerin (burada: Yangın Yön. 53-1,2) asansör güvenliğiyle ilişkilendirilmesi 1.6 → kuyu içinde/alt boşlukta bulunan elektrikli donanımın, butonların, aydınlatmanın güvenliği 2.2 / 2.3 → kuyu içinde erişilebilen kapı/kapak varsa açılma-kilitlenme güvenliği 3.1 → kurtarma / acil durum işletmesi (özellikle 5.10, 10.4.* maddeleri) 1.4 → kişilerin düşme / sıkışma / hareketli parçaya temas riskine karşı korunması",Bölüm açıklama kaydı — kontrol maddesi değildir,Bu satır önceki sürümde açıklama amacıyla eklenmiş tekrar kaydıdır. Denetçiye ayrı bir kontrol maddesi olarak gösterilmez.,"📘KısaTeknikAçıklamalar1.2.1→kuyudibi/altboşluktaerişim,çalışmaalanıvegüvenlihareketiçinasgarîaçıklıklar,servisiçingüvenliyaklaşım4.2→bakımvemuayenepersonelininkuyuiçindeçalışırkenkorunması1.5.6→yangınlailgiliulusaldüzenlemelerin(burada:YangınYön.53-1,2)asansörgüvenliğiyleilişkilendirilmesi1.6→kuyuiçinde/altboşluktabulunanelektriklidonanımın,butonların,aydınlatmanıngüvenliği2.2/2.3→kuyuiçindeerişilebilenkapı/kapakvarsaaçılma-kilitlenmegüvenliği3.1→kurtarma/acildurumişletmesi(özellikle5.10,10.4.*maddeleri)1.4→kişilerindüşme/sıkışma/hareketliparçayatemasriskinekarşıkorunması",null,null,null,null,null,null,null,null,null,null,false,null,null,[],null,null,null,null,null,null,"[""modul_g_tam""]",null,null
MAD-0110,110,02 - Kuyu Boyunca,Genel,Ek Mühendislik,EK-M-004,Ray konsolu uygulama güvenliği,"2.000 mm üzerindeki aralıkları; konsol rijitliği, kaynak, ankraj ve duvar yapısıyla birlikte değerlendir.",null,null,2.000 mm üzerinde|Konsol zayıf veya deforme|Ankraj şüpheli,null,null,null,null,null,null,null,null,true,null,null,[],null,null,null,null,null,null,"[""modul_g_tam""]",null,null
MAD-0111,111,02 - Kuyu Boyunca,Genel,Ek Mühendislik,EK-M-005,Kat kapısı taşıyıcı bağlantıları,"Gevşeklik, deformasyon, zayıf duvara montaj ve yetersiz bağlantıyı incele.",null,null,Şüpheli uygulama|Kritik kusur,null,null,null,null,null,null,null,null,true,null,null,[],null,null,null,null,null,null,"[""modul_g_tam""]",null,null
MAD-0112,112,02 - Kuyu Boyunca,81-20,Standart / ÜB.FR.38,5.4.8 a,Kabin üstündeki bakım kumandası,"Bir sığınma boşluğundan yatay olarak 0,30 m içinde çalıştırılabilen kumanda aygıtı bulunmalıdır.","A,B,D,E",Görsel + Test + Çizim/Hesap + Talimat/İşaret,null,null,null,null,null,null,null,null,null,true,null,null,[],null,"Bir sığınma boşluğundan yatay olarak 0,30 m içinde çalıştırılabilen kumanda aygıtı bulunmalıdır.",ÜB.FR.38,R.04,11,57,"[""modul_g_tam""]",KABİN ÜSTÜ VE KUYU BOYU DEĞERLENDİRME KRİTERLERİ,Kabin üstündeki bakım kumandası
MAD-0113,113,02 - Kuyu Boyunca,81-20,Standart / ÜB.FR.38,5.4.8 b,Kabin üstündeki bakım kumandası,"Kontrol veya bakım personeli için giriş noktasından 1m’den daha fazla olmayan , kolayca erişilebilir,iki konumda kararlı ve yanlışlıkla çalışmaya karşı korunmuş bir durdurma aygıtı bulunmalıdır. Bu aygıt, erişim noktasından 1m'den daha uzağa yerleştirilmemişse, kontrol çalışması kumandasının yanında bulunan aygıt olabilir.","A,B,D,E",Görsel + Test + Çizim/Hesap + Talimat/İşaret,null,null,null,null,null,null,null,null,null,true,null,null,[],null,"Kontrol veya bakım personeli için giriş noktasından 1m’den daha fazla olmayan , kolayca erişilebilir,iki konumda kararlı ve yanlışlıkla çalışmaya karşı korunmuş bir durdurma aygıtı bulunmalıdır. Bu aygıt, erişim noktasından 1m'den daha uzağa yerleştirilmemişse, kontrol çalışması kumandasının yanında bulunan aygıt olabilir.",ÜB.FR.38,R.04,11,58,"[""modul_g_tam""]",KABİN ÜSTÜ VE KUYU BOYU DEĞERLENDİRME KRİTERLERİ,Kabin üstündeki bakım kumandası
MAD-0114,114,02 - Kuyu Boyunca,81-20,Standart / ÜB.FR.38,5.12.1.1.1.1,Kabin üstündeki bakım kumandası,"Kabin üstü durdurma anahtarının üstünde veya yakınında, “DUR/STOP” kelimesi olmalıdır.","A,B,C,D,E",Görsel + Test + Ölçüm + Çizim/Hesap + Talimat/İşaret,null,Ölçülen değer,null,null,null,null,null,null,null,true,null,null,[],null,"Kabin üstü durdurma anahtarının üstünde veya yakınında, “DUR/STOP” kelimesi olmalıdır.",ÜB.FR.38,R.04,11,59,"[""modul_g_tam""]",KABİN ÜSTÜ VE KUYU BOYU DEĞERLENDİRME KRİTERLERİ,Kabin üstündeki bakım kumandası
MAD-0115,115,02 - Kuyu Boyunca,81-20,Standart / ÜB.FR.38,5.4.8 c,Kabin üstündeki bakım kumandası,Topraklı priz çıkışı bulunmalıdır.,"A,B,D,E",Görsel + Test + Çizim/Hesap + Talimat/İşaret,null,null,null,null,null,null,null,null,null,true,null,null,[],null,Topraklı priz çıkışı bulunmalıdır.,ÜB.FR.38,R.04,11,60,"[""modul_g_tam""]",KABİN ÜSTÜ VE KUYU BOYU DEĞERLENDİRME KRİTERLERİ,Kabin üstündeki bakım kumandası
MAD-0116,116,02 - Kuyu Boyunca,81-20,Standart / ÜB.FR.38,5.12.1.5.1.2 a,Kabin üstündeki bakım kumandası,"Muayene kumanda istasyonu özellikleri; Elektrik güvenlik aygıtları için gereklilikleri sağlayan bir anahtar (kontrol çalışma anahtarı). İki konumlu olması gereken bu anahtar, yanlışlıkla çalıştırılmaya karşı korunmuş olmalıdır.","A,B,C,D,E",Görsel + Test + Ölçüm + Çizim/Hesap + Talimat/İşaret,null,Ölçülen değer,null,null,null,null,null,null,null,true,null,null,[],null,"Muayene kumanda istasyonu özellikleri; Elektrik güvenlik aygıtları için gereklilikleri sağlayan bir anahtar (kontrol çalışma anahtarı). İki konumlu olması gereken bu anahtar, yanlışlıkla çalıştırılmaya karşı korunmuş olmalıdır.",ÜB.FR.38,R.04,11,61,"[""modul_g_tam""]",KABİN ÜSTÜ VE KUYU BOYU DEĞERLENDİRME KRİTERLERİ,Kabin üstündeki bakım kumandası
MAD-0117,117,02 - Kuyu Boyunca,81-20,Standart / ÜB.FR.38,5.12.1.5.2.4 a,Kabin üstündeki bakım kumandası,Kontrol çalışma anahtarı üzerinde veya yanında “NORMAL” ve “KONTROL” kelimeleri olmalıdır.,"A,B,C,D,E",Görsel + Test + Ölçüm + Çizim/Hesap + Talimat/İşaret,null,Ölçülen değer,null,null,null,null,null,null,null,true,null,null,[],null,Kontrol çalışma anahtarı üzerinde veya yanında “NORMAL” ve “KONTROL” kelimeleri olmalıdır.,ÜB.FR.38,R.04,11,62,"[""modul_g_tam""]",KABİN ÜSTÜ VE KUYU BOYU DEĞERLENDİRME KRİTERLERİ,Kabin üstündeki bakım kumandası
MAD-0118,118,02 - Kuyu Boyunca,81-20,Standart / ÜB.FR.38,5.12.1.5.1.2 b,Kabin üstündeki bakım kumandası,"Açıkça gösterilen yön yardımıyla kazara çalışmaya karşı korunmuş “YUKARI” yönlü basma butonu ( Buton rengi beyaz üstü siyah ) ve “AŞAĞI” yönlü basma butonu (Buton rengi siyah üstü beyaz) (IEC 60417:2002,5022) olmalıdır. (Çizelge 17 )","A,B,C,D,E",Görsel + Test + Ölçüm + Çizim/Hesap + Talimat/İşaret,null,Ölçülen değer,null,null,null,null,null,null,null,true,null,null,[],null,"Açıkça gösterilen yön yardımıyla kazara çalışmaya karşı korunmuş “YUKARI” yönlü basma butonu ( Buton rengi beyaz üstü siyah ) ve “AŞAĞI” yönlü basma butonu (Buton rengi siyah üstü beyaz) (IEC 60417:2002,5022) olmalıdır. (Çizelge 17 )",ÜB.FR.38,R.04,11,63,"[""modul_g_tam""]",KABİN ÜSTÜ VE KUYU BOYU DEĞERLENDİRME KRİTERLERİ,Kabin üstündeki bakım kumandası
MAD-0119,119,02 - Kuyu Boyunca,81-20,Standart / ÜB.FR.38,5.12.1.5.1.2 c,Kabin üstündeki bakım kumandası,"Kazara çalışmaya karşı korunmuş “ÇALIŞTIR"" basma butonu (Buton rengi mavi üstü beyaz) (IEC 60417:2002,5023) olmalıdır. (Çizelge 17 )","A,B,C,D,E",Görsel + Test + Ölçüm + Çizim/Hesap + Talimat/İşaret,null,Ölçülen değer,null,null,null,null,null,null,null,true,null,null,[],null,"Kazara çalışmaya karşı korunmuş “ÇALIŞTIR"" basma butonu (Buton rengi mavi üstü beyaz) (IEC 60417:2002,5023) olmalıdır. (Çizelge 17 )",ÜB.FR.38,R.04,11,64,"[""modul_g_tam""]",KABİN ÜSTÜ VE KUYU BOYU DEĞERLENDİRME KRİTERLERİ,Kabin üstündeki bakım kumandası
MAD-0120,120,02 - Kuyu Boyunca,81-20,Standart / ÜB.FR.38,5.12.1.5.1.3,Kabin üstündeki bakım kumandası,"Kontrol kumanda istasyonu, asgari IPXXD’ nin (EN 60529) koruma derecesine sahip olmalıdır.(1 mm çapında tel ile içerisine ulaşılamaz.)","A,B,C,D,E",Görsel + Test + Ölçüm + Çizim/Hesap + Talimat/İşaret,null,Ölçü 1,mm,null,null,null,null,null,null,true,null,null,[],null,"Kontrol kumanda istasyonu, asgari IPXXD’ nin (EN 60529) koruma derecesine sahip olmalıdır.(1 mm çapında tel ile içerisine ulaşılamaz.)",ÜB.FR.38,R.04,11,65,"[""modul_g_tam""]",KABİN ÜSTÜ VE KUYU BOYU DEĞERLENDİRME KRİTERLERİ,Kabin üstündeki bakım kumandası
MAD-0121,121,02 - Kuyu Boyunca,81-20,Standart / ÜB.FR.38,5.12.1.5.2.1 i,Kabin üstündeki bakım kumandası,"Birden fazla kontrol kumanda istasyonu, “KONTROL”e geçmiş ise, kontrol kumanda istasyonunda aynı basma butonları aynı anda basılmadıkça, bunların herhangi birinden kabini hareket ettirmek mümkün olmamalıdır.","A,B,C,D,E",Görsel + Test + Ölçüm + Çizim/Hesap + Talimat/İşaret,null,Ölçülen değer,null,null,null,null,null,null,null,true,null,null,[],null,"Birden fazla kontrol kumanda istasyonu, “KONTROL”e geçmiş ise, kontrol kumanda istasyonunda aynı basma butonları aynı anda basılmadıkça, bunların herhangi birinden kabini hareket ettirmek mümkün olmamalıdır.",ÜB.FR.38,R.04,11,66,"[""modul_g_tam""]",KABİN ÜSTÜ VE KUYU BOYU DEĞERLENDİRME KRİTERLERİ,Kabin üstündeki bakım kumandası
MAD-0122,122,02 - Kuyu Boyunca,81-20,Standart / ÜB.FR.38,5.12.1.5.2.1,Kabin üstündeki bakım kumandası,"Kabin üstü bakım kumandası devreye alındığında, otomatik kapıların kumandaları dahil, normal kumandalar, elektrikli elle kumanda ve varsa yükleme rampası hareketi kumandası devre dışı kalmalıdır.","A,B,C,D,E",Görsel + Test + Ölçüm + Çizim/Hesap + Talimat/İşaret,null,Ölçülen değer,null,null,null,null,null,null,null,true,null,null,[],null,"Kabin üstü bakım kumandası devreye alındığında, otomatik kapıların kumandaları dahil, normal kumandalar, elektrikli elle kumanda ve varsa yükleme rampası hareketi kumandası devre dışı kalmalıdır.",ÜB.FR.38,R.04,11,67,"[""modul_g_tam""]",KABİN ÜSTÜ VE KUYU BOYU DEĞERLENDİRME KRİTERLERİ,Kabin üstündeki bakım kumandası
MAD-0123,123,02 - Kuyu Boyunca,81-20,Standart / ÜB.FR.38,5.12.1.5.2.1 g,Kabin üstündeki bakım kumandası,"Bakım kumandası devrede iken , normal kabin seyir sınırları aşılmamalıdır, yani normal çalışmada durma konumları aşılmamalıdır.","A,B,C,D,E",Görsel + Test + Ölçüm + Çizim/Hesap + Talimat/İşaret,null,Ölçülen değer,null,null,null,null,null,null,null,true,null,null,[],null,"Bakım kumandası devrede iken , normal kabin seyir sınırları aşılmamalıdır, yani normal çalışmada durma konumları aşılmamalıdır.",ÜB.FR.38,R.04,11,68,"[""modul_g_tam""]",KABİN ÜSTÜ VE KUYU BOYU DEĞERLENDİRME KRİTERLERİ,Kabin üstündeki bakım kumandası
MAD-0124,124,02 - Kuyu Boyunca,81-20,Standart / ÜB.FR.38,5.12.1.5.2.1 h,Kabin üstündeki bakım kumandası,"Bakım kumandası devrede iken ,asansörün çalışması güvenlik aygıtlarına bağlı kalmalıdır.","A,B,C,D,E",Görsel + Test + Ölçüm + Çizim/Hesap + Talimat/İşaret,null,Ölçülen değer,null,null,null,null,null,null,null,true,null,null,[],null,"Bakım kumandası devrede iken ,asansörün çalışması güvenlik aygıtlarına bağlı kalmalıdır.",ÜB.FR.38,R.04,11,69,"[""modul_g_tam""]",KABİN ÜSTÜ VE KUYU BOYU DEĞERLENDİRME KRİTERLERİ,Kabin üstündeki bakım kumandası
MAD-0125,125,02 - Kuyu Boyunca,81-20,Standart / ÜB.FR.38,5.12.1.5.2.1 e,Kabin üstündeki bakım kumandası,"Kontrol konumunda kontrol çalışma anahtarı, kabin hızı 0,63 m/s’yi aşmamalıdır.","A,B,C,D,E",Görsel + Test + Ölçüm + Çizim/Hesap + Talimat/İşaret,null,Ölçü 1,m/s,null,null,null,null,null,null,true,null,null,[],null,"Kontrol konumunda kontrol çalışma anahtarı, kabin hızı 0,63 m/s’yi aşmamalıdır.",ÜB.FR.38,R.04,11,70,"[""modul_g_tam""]",KABİN ÜSTÜ VE KUYU BOYU DEĞERLENDİRME KRİTERLERİ,Kabin üstündeki bakım kumandası
MAD-0126,126,02 - Kuyu Boyunca,81-20,Standart / ÜB.FR.38,5.12.1.5.2.1 f,Kabin üstündeki bakım kumandası,"Kontrol konumunda kontrol çalışma anahtarı, kabin üstü üzerindeki herhangi bir ayakta durma alanındaki düşey yükseklik mesafesi 2,0 m veya daha az iken, kabin hızı 0,30 m/s’yi aşmamalıdır.","A,B,C,D,E",Görsel + Test + Ölçüm + Çizim/Hesap + Talimat/İşaret,null,Ölçü 1,m,Ölçü 2,m/s,null,null,null,null,true,null,null,[],null,"Kontrol konumunda kontrol çalışma anahtarı, kabin üstü üzerindeki herhangi bir ayakta durma alanındaki düşey yükseklik mesafesi 2,0 m veya daha az iken, kabin hızı 0,30 m/s’yi aşmamalıdır.",ÜB.FR.38,R.04,11,71,"[""modul_g_tam""]",KABİN ÜSTÜ VE KUYU BOYU DEĞERLENDİRME KRİTERLERİ,Kabin üstündeki bakım kumandası
MAD-0127,127,02 - Kuyu Boyunca,81-20,Standart / ÜB.FR.38,5.2.1.6,Kabin üstündeki bakım kumandası,Mahsur kalma tehlikesi varsa ve bu mahsur kalma durumu için hiçbir vasıta sağlanmamışsa EN 81-28’e göre sığınma alanından kullanılabilecek alarm başlatma cihazları bulunmalıdır.,"A,B,C,D,E",Görsel + Test + Ölçüm + Çizim/Hesap + Talimat/İşaret,null,Ölçülen değer,null,null,null,null,null,null,null,true,null,null,[],null,Mahsur kalma tehlikesi varsa ve bu mahsur kalma durumu için hiçbir vasıta sağlanmamışsa EN 81-28’e göre sığınma alanından kullanılabilecek alarm başlatma cihazları bulunmalıdır.,ÜB.FR.38,R.04,11,72,"[""modul_g_tam""]",KABİN ÜSTÜ VE KUYU BOYU DEĞERLENDİRME KRİTERLERİ,Kabin üstündeki bakım kumandası
MAD-0128,128,02 - Kuyu Boyunca,81-20,Standart / ÜB.FR.38,5.4.7.1 a,Kabin üstü,"Kabin üstü, azami insan sayısını taşıyacak şekilde yeterli dayanıma sahip olmalıdır. Ancak kabin üstü, kalıcı deformasyon geçirmeksizin, 0,30 m x 0,30 m'lik bir alan üzerinde herhangi bir konumda asgari 2000 N'luk bir kuvvete dayanabilmelidir.","A,C,D",Görsel + Ölçüm + Çizim/Hesap,null,Ölçü 1,m,Ölçü 2,N,null,null,2000,>=,true,null,null,[],null,"Kabin üstü, azami insan sayısını taşıyacak şekilde yeterli dayanıma sahip olmalıdır. Ancak kabin üstü, kalıcı deformasyon geçirmeksizin, 0,30 m x 0,30 m'lik bir alan üzerinde herhangi bir konumda asgari 2000 N'luk bir kuvvete dayanabilmelidir.",ÜB.FR.38,R.04,11,74,"[""modul_g_tam""]",KABİN ÜSTÜ VE KUYU BOYU DEĞERLENDİRME KRİTERLERİ,Kabin üstü
MAD-0129,129,02 - Kuyu Boyunca,81-20,Standart / ÜB.FR.38,5.4.7.1 b,Kabin üstü,"Kabin üstünün, bir kişinin çalışması veya çalışma alanları arasında hareket etmesi gereken yüzeyi, kaymaz özellikte olmalıdır.","A,C,D",Görsel + Ölçüm + Çizim/Hesap,null,Ölçülen değer,null,null,null,null,null,null,null,true,null,null,[],null,"Kabin üstünün, bir kişinin çalışması veya çalışma alanları arasında hareket etmesi gereken yüzeyi, kaymaz özellikte olmalıdır.",ÜB.FR.38,R.04,11,75,"[""modul_g_tam""]",KABİN ÜSTÜ VE KUYU BOYU DEĞERLENDİRME KRİTERLERİ,Kabin üstü
MAD-0130,130,02 - Kuyu Boyunca,81-20,Standart / ÜB.FR.38,5.4.10.4,Kabin üstü acil durum aydınlatması,"Normal aydınlatma kesildiğinde otomatik devreye giren, yeniden şarj edilebilir acil durum beslemesini kontrol edin. Aydınlatma; kabin üstündeki her alarm başlatma aygıtında ve kabin üstü merkezinde, zeminden 1 m yükseklikte en az 5 lüksü 1 saat boyunca sağlamalıdır.","A,C,D,E",Görsel + Ölçüm + Çizim/Hesap + Talimat/İşaret,null,Ölçü 1,lüks,Ölçü 2,m,null,null,5,>=,true,null,null,[],null,"1h boyunca en az 5 lüks bir aydınlatma şiddeti sağlayabilecek, otomatik olarak yeniden şarj edilebilir bir acil durum beslemesi olan acil durum ışıkları bulunmalıdır: a) kabin üstündeki her alarm başlatma aygıtında; b) zeminden 1m yükseklikte, kabin üstünün merkezinde. Bu aydınlatma, normal aydınlatma beslemesinin arızasında otomatik olarak devreye girmelidir.",ÜB.FR.38,R.04,11,77,"[""modul_g_tam""]",KABİN ÜSTÜ VE KUYU BOYU DEĞERLENDİRME KRİTERLERİ,Kabin üstü ve kuyu aydınlatması
MAD-0131,131,02 - Kuyu Boyunca,81-20,Standart / ÜB.FR.38,5.2.1.4.1,Kabin üstü ve kuyu aydınlatması,"Kabinin kuyu içindeki seyri boyunca herhangi bir konumunda, tüm kapılar kapalı olduğunda bile, aşağıdaki aydınlatma yoğunluğunu sağlayan, kalıcı olarak kurulmuş elektrikli aydınlatma ile donatılmalıdır: a) düşey izdüşümü içinde kabin üstünün 1,0 m üzerinde en az 50 lüks; b) kabin veya aksamın oluşturduğu gölgelerin haricinde, a)’da tanımlanan yerlerin dışında enaz 20 lüks. Lüks seviyesi okumaları alınırken, ışıkölçer en güçlü ışık kaynağına doğru yöneltilmelidir.","A,C,D,E",Görsel + Ölçüm + Çizim/Hesap + Talimat/İşaret,null,Ölçü 1,m,Ölçü 2,lüks,null,null,50,>=,true,null,null,[],null,"Kabinin kuyu içindeki seyri boyunca herhangi bir konumunda, tüm kapılar kapalı olduğunda bile, aşağıdaki aydınlatma yoğunluğunu sağlayan, kalıcı olarak kurulmuş elektrikli aydınlatma ile donatılmalıdır: a) düşey izdüşümü içinde kabin üstünün 1,0 m üzerinde en az 50 lüks; b) kabin veya aksamın oluşturduğu gölgelerin haricinde, a)’da tanımlanan yerlerin dışında enaz 20 lüks. Lüks seviyesi okumaları alınırken, ışıkölçer en güçlü ışık kaynağına doğru yöneltilmelidir.",ÜB.FR.38,R.04,11,78,"[""modul_g_tam""]",KABİN ÜSTÜ VE KUYU BOYU DEĞERLENDİRME KRİTERLERİ,Kabin üstü ve kuyu aydınlatması
MAD-0132,132,02 - Kuyu Boyunca,81-20,Standart / ÜB.FR.38,5.4.7.2 a,Korkuluk,"Kabin üstü, aşağıda verilenlerden birine uygun asgari 0,10 m yüksekliğe konumlandırılmış korkuluk eteği ile donatılmalıdır: 1) kabin üstünün dış kenarı üzerinde, veya 2) bir korkuluk bulunduğunda, dış kenar ile korkuluğun konumu arasında.","A,C,D",Görsel + Ölçüm + Çizim/Hesap,null,Ölçü 1,m,null,null,null,null,0.1,>=,true,null,null,[],null,"Kabin üstü, aşağıda verilenlerden birine uygun asgari 0,10 m yüksekliğe konumlandırılmış korkuluk eteği ile donatılmalıdır: 1) kabin üstünün dış kenarı üzerinde, veya 2) bir korkuluk bulunduğunda, dış kenar ile korkuluğun konumu arasında.",ÜB.FR.38,R.04,11,80,"[""modul_g_tam""]",KABİN ÜSTÜ VE KUYU BOYU DEĞERLENDİRME KRİTERLERİ,Korkuluk
MAD-0133,133,02 - Kuyu Boyunca,81-20,Standart / ÜB.FR.38,5.4.7.2 b,Korkuluk,"Kabin üstünün dış kenarının ötesinde ve onun dikine olarak asansör kuyusunun duvarına olan yatay düzlemdeki serbest mesafe 0,30 m'yi aştığı yerlerde, verilen boyutlarda bir korkuluk sağlanmalıdır.","A,C,D",Görsel + Ölçüm + Çizim/Hesap,null,Ölçü 1,m,null,null,null,null,null,null,true,null,null,[],null,"Kabin üstünün dış kenarının ötesinde ve onun dikine olarak asansör kuyusunun duvarına olan yatay düzlemdeki serbest mesafe 0,30 m'yi aştığı yerlerde, verilen boyutlarda bir korkuluk sağlanmalıdır.",ÜB.FR.38,R.04,11,81,"[""modul_g_tam""]",KABİN ÜSTÜ VE KUYU BOYU DEĞERLENDİRME KRİTERLERİ,Korkuluk
MAD-0134,134,02 - Kuyu Boyunca,81-20,Standart / ÜB.FR.38,5.4.7.3,Korkuluk,"Kabin üstünün dış kenarı ile kuyu duvarı arasındaki mesafesinin 0,30 m'den fazla olduğu yerlerde, kabin üstünün dış kenarı ile ilgili aksamın arasına veya korkuluğun ucu ile aksamın arasına 0,30 m'den daha büyük çaplı yatay bir daire yerleştirmek mümkün olmamalıdır.","A,C,D",Görsel + Ölçüm + Çizim/Hesap,null,Ölçü 1,m,null,null,null,null,null,null,true,null,null,[],null,"Kabin üstünün dış kenarı ile kuyu duvarı arasındaki mesafesinin 0,30 m'den fazla olduğu yerlerde, kabin üstünün dış kenarı ile ilgili aksamın arasına veya korkuluğun ucu ile aksamın arasına 0,30 m'den daha büyük çaplı yatay bir daire yerleştirmek mümkün olmamalıdır.",ÜB.FR.38,R.04,11,82,"[""modul_g_tam""]",KABİN ÜSTÜ VE KUYU BOYU DEĞERLENDİRME KRİTERLERİ,Korkuluk
MAD-0135,135,02 - Kuyu Boyunca,81-20,Standart / ÜB.FR.38,5.4.7.4 a,Korkuluk,"Korkuluklar, korkulukların yarı yüksekliğinde bir ara çubuk ve bir el tutamağından oluşmalıdırlar.","A,C,D",Görsel + Ölçüm + Çizim/Hesap,null,Ölçülen değer,null,null,null,null,null,null,null,true,null,null,[],null,"Korkuluklar, korkulukların yarı yüksekliğinde bir ara çubuk ve bir el tutamağından oluşmalıdırlar.",ÜB.FR.38,R.04,11,83,"[""modul_g_tam""]",KABİN ÜSTÜ VE KUYU BOYU DEĞERLENDİRME KRİTERLERİ,Korkuluk
MAD-0136,136,02 - Kuyu Boyunca,81-20,Standart / ÜB.FR.38,5.4.7.4 b,Korkuluk,"Korkuluğun el tutamağının iç kenarı ile kuyu duvarının ötesindeki yatay düzlemdeki serbest mesafe düşünüldüğünde yüksekliği en az aşağıdaki gibi olmalıdır: 1) mesafenin 0,50 m'ye kadar olduğu yerlerde 0,70 m, 2) mesafenin 0,50 m'yi aştığı yerlerde 1,10m.","A,C,D",Görsel + Ölçüm + Çizim/Hesap,null,Ölçü 1,m,Ölçü 2,m,null,null,null,null,true,null,null,[],null,"Korkuluğun el tutamağının iç kenarı ile kuyu duvarının ötesindeki yatay düzlemdeki serbest mesafe düşünüldüğünde yüksekliği en az aşağıdaki gibi olmalıdır: 1) mesafenin 0,50 m'ye kadar olduğu yerlerde 0,70 m, 2) mesafenin 0,50 m'yi aştığı yerlerde 1,10m.",ÜB.FR.38,R.04,11,84,"[""modul_g_tam""]",KABİN ÜSTÜ VE KUYU BOYU DEĞERLENDİRME KRİTERLERİ,Korkuluk
MAD-0137,137,02 - Kuyu Boyunca,81-20,Standart / ÜB.FR.38,5.4.7.4 c,Korkuluk,"Korkuluk, kabin üstünün kenarlarından en fazla 0,15 m mesafede yerleştirilmelidir.","A,C,D",Görsel + Ölçüm + Çizim/Hesap,null,Ölçü 1,m,null,null,null,null,0.15,<=,true,null,null,[],null,"Korkuluk, kabin üstünün kenarlarından en fazla 0,15 m mesafede yerleştirilmelidir.",ÜB.FR.38,R.04,11,85,"[""modul_g_tam""]",KABİN ÜSTÜ VE KUYU BOYU DEĞERLENDİRME KRİTERLERİ,Korkuluk
MAD-0138,138,02 - Kuyu Boyunca,81-20,Standart / ÜB.FR.38,5.4.7.4 d,Korkuluk,"El tutamağının dış kenarı ile kuyu duvarındaki herhangi bir parça (karşı ağırlık veya dengeleme ağırlığı, anahtarlar, raylar, konsollar, vb.) arasındaki yatay mesafe en az 0,10 m olmalıdır.","A,C,D",Görsel + Ölçüm + Çizim/Hesap,null,Ölçü 1,m,null,null,null,null,0.1,>=,true,null,null,[],null,"El tutamağının dış kenarı ile kuyu duvarındaki herhangi bir parça (karşı ağırlık veya dengeleme ağırlığı, anahtarlar, raylar, konsollar, vb.) arasındaki yatay mesafe en az 0,10 m olmalıdır.",ÜB.FR.38,R.04,11,86,"[""modul_g_tam""]",KABİN ÜSTÜ VE KUYU BOYU DEĞERLENDİRME KRİTERLERİ,Korkuluk
MAD-0139,139,02 - Kuyu Boyunca,81-20,Standart / ÜB.FR.38,5.4.7.4,Korkuluk,"Korkuluğun üstünde herhangi bir noktaya dik açılarda yatay olarak 1000N'luk bir kuvvet uygulandığında, korkuluk 50 mm'nin üzerinde bir elastik deformasyon göstermeden bu kuvvete dayanmalıdır.","A,C,D",Görsel + Ölçüm + Çizim/Hesap,null,Ölçü 1,N,Ölçü 2,mm,null,null,null,null,true,null,null,[],null,"Korkuluğun üstünde herhangi bir noktaya dik açılarda yatay olarak 1000N'luk bir kuvvet uygulandığında, korkuluk 50 mm'nin üzerinde bir elastik deformasyon göstermeden bu kuvvete dayanmalıdır.",ÜB.FR.38,R.04,11,87,"[""modul_g_tam""]",KABİN ÜSTÜ VE KUYU BOYU DEĞERLENDİRME KRİTERLERİ,Korkuluk
MAD-0140,140,02 - Kuyu Boyunca,81-20,Standart / ÜB.FR.38,5.4.7.4,Korkuluk,Kabin üstü korkuluk üzerinde uyarı levhası veya yazısı olmalıdır.,"A,C,D",Görsel + Ölçüm + Çizim/Hesap,null,Ölçülen değer,null,null,null,null,null,null,null,true,null,null,[],null,Kabin üstü korkuluk üzerinde uyarı levhası veya yazısı olmalıdır.,ÜB.FR.38,R.04,11,88,"[""modul_g_tam""]",KABİN ÜSTÜ VE KUYU BOYU DEĞERLENDİRME KRİTERLERİ,Korkuluk
MAD-0141,141,02 - Kuyu Boyunca,81-20,Standart / ÜB.FR.38,5.2.5.7.1,"Kabin üstü sığınma alanının tipi, sayısı ve net ölçüleri","Kabin en yüksek konumundayken kabin üstünde en az bir net sığınma alanı bulunmalıdır. Tip 1 ayakta duruş: 400 × 500 × 2000 mm; Tip 2 çömelmiş duruş: 500 × 700 × 1000 mm. Kabin üstünde aynı anda birden fazla kişinin bulunması gerekiyorsa her ilave kişi için aynı tipte, birbiriyle çakışmayan ilave alan bulunmalıdır. En küçük net ölçüleri kaydedin.","A,C",Görsel + Ölçüm,null,null,null,null,null,null,null,null,null,true,null,"G-8120-C3-S4 — Kabin üstü sığınma alanları, Çizelge 3 ve Şekil 4","[{""id"":""kabin_ustu_siginma_tipi"",""etiket"":""Sığınma alanı tipi"",""birim"":null,""tur"":""secim"",""secenekler"":[""Tip 1 — ayakta"",""Tip 2 — çömelmiş""],""referans_metni"":""TS EN 81-20 Çizelge 3"",""kaynak"":""TS EN 81-20:2020, Çizelge 3""},{""id"":""kabin_ustu_siginma_kisi_sayisi"",""etiket"":""İzin verilen kişi / alan sayısı"",""birim"":""adet"",""tur"":""sayi"",""referans_metni"":""Kabin üstünde gerekli her kişi için aynı tipte ayrı bir alan"",""kaynak"":""TS EN 81-20:2020, 5.2.5.7.1""},{""id"":""kabin_ustu_siginma_net_genislik"",""etiket"":""Sığınma alanı net genişliği"",""birim"":""mm"",""tur"":""sayi"",""referans_metni"":""Tip 1: 400 mm; Tip 2: 500 mm"",""kaynak"":""TS EN 81-20:2020""},{""id"":""kabin_ustu_siginma_net_derinlik"",""etiket"":""Sığınma alanı net derinliği"",""birim"":""mm"",""tur"":""sayi"",""referans_metni"":""Tip 1: 500 mm; Tip 2: 700 mm"",""kaynak"":""TS EN 81-20:2020""},{""id"":""kabin_ustu_siginma_net_yukseklik"",""etiket"":""Sığınma alanı net yüksekliği"",""birim"":""mm"",""tur"":""sayi"",""referans_metni"":""Tip 1: 2000 mm; Tip 2: 1000 mm"",""kaynak"":""TS EN 81-20:2020""}]",null,"Kabin, en yüksek konumundayken, kabin üstünde Çizelge 3'ten seçilen bir sığınma boşluğunun yer alabileceği en az bir adet net alan sağlanmalıdır. Tip 1 – Tip 2 Dik duruş Çömelmiş vaziyetteki duruş (0,40 x 0,50x 200) m - (0,50 x 0,70x100) m 0,035 v² değerinin dikkate alınmasına gereklidir.",ÜB.FR.38,R.04,11,90,"[""modul_g_tam""]",KABİN ÜSTÜ VE KUYU BOYU DEĞERLENDİRME KRİTERLERİ,Kabin üstü sığınma alanları ve güvenlik mesafeleri
MAD-0142,142,02 - Kuyu Boyunca,81-20,Standart / ÜB.FR.38,5.2.5.7.1,Tip 2 kabin üstü sığınma alanındaki izin verilen yerel azaltma,"Yalnız Tip 2 sığınma alanında, kabin üstüne sabitlenmiş parçaları barındırmak için alanın kabin üstüne temas eden alt kenarının bir tarafında azaltma yapılabilir. Azaltmanın genişliği en fazla 100 mm, yüksekliği en fazla 300 mm olmalıdır. Şekil 4’e göre ölçün.","A,C",Görsel + Ölçüm,null,Azaltma genişliği,mm,Azaltma yüksekliği,mm,null,null,null,null,true,Kabin üstü sığınma alanı Tip 1 ise veya Tip 2 alanda azaltma yapılmamışsa Aranmaz.,"G-8120-C3-S4 — Kabin üstü sığınma alanları, Çizelge 3 ve Şekil 4",[],null,"Tip 2 sığınma boşluklarında, sığınma boşluğunun kabin üstüne temas ettiği alt kenarda bir tarafta bir azaltmaya izin verilir. Kabin üstüne sabitlenmiş parçaları bulundurmak için 0,10 m genişliğinde ve 0,30 m yüksekliğinde bir azaltma dâhil edilebilir. (bk. Şekil 4)",ÜB.FR.38,R.04,11,91,"[""modul_g_tam""]",KABİN ÜSTÜ VE KUYU BOYU DEĞERLENDİRME KRİTERLERİ,Kabin üstü sığınma alanları ve güvenlik mesafeleri
MAD-0143,143,02 - Kuyu Boyunca,81-20,Standart / ÜB.FR.38,5.2.5.7.1,Kabin üstü sığınma alanları ve güvenlik mesafeleri,"Kontrol ve bakım çalışmaları için kabin üstünde birden fazla kişinin bulunması gerekliyse, her ilave kişi için ek bir sığınma boşluğu sağlanmalıdır. Birden fazla sığınma boşluğu bulunması durumunda, bunlar aynı tipte olmalı ve birbirine karışmamalıdır.","A,C",Görsel + Ölçüm,null,Ölçülen değer,null,null,null,null,null,null,null,true,null,null,[],null,"Kontrol ve bakım çalışmaları için kabin üstünde birden fazla kişinin bulunması gerekliyse, her ilave kişi için ek bir sığınma boşluğu sağlanmalıdır. Birden fazla sığınma boşluğu bulunması durumunda, bunlar aynı tipte olmalı ve birbirine karışmamalıdır.",ÜB.FR.38,R.04,11,92,"[""modul_g_tam""]",KABİN ÜSTÜ VE KUYU BOYU DEĞERLENDİRME KRİTERLERİ,Kabin üstü sığınma alanları ve güvenlik mesafeleri
MAD-0144,144,02 - Kuyu Boyunca,81-20,Standart / ÜB.FR.38,5.2.5.7.1,Kabin üstü sığınma alanı işareti,"Kabin üstüne erişim sağlayan duraklardan okunabilen bir işaret bulunmalıdır. İşaret, kabin üstünde izin verilen kişi sayısını ve sığınma alanı için kullanılan duruş tipini (Tip 1 ayakta veya Tip 2 çömelmiş) açıkça göstermelidir.","A,C",Görsel + Ölçüm,null,null,null,null,null,null,null,null,null,true,null,"G-8120-C3-S4 — Kabin üstü sığınma alanları, Çizelge 3 ve Şekil 4",[],null,"Kabin üstüne erişim sağlayan duraklardan okunabilen kabin üstündeki bir işaret, sığınma boşluğunda/boşluklarında bulunmasına izin verilen kişi sayısını ve bu alanlar için düşünülen duruş tipini (Çizelge 3) açıkça belirtmelidir.",ÜB.FR.38,R.04,11,93,"[""modul_g_tam""]",KABİN ÜSTÜ VE KUYU BOYU DEĞERLENDİRME KRİTERLERİ,Kabin üstü sığınma alanları ve güvenlik mesafeleri
MAD-0145,145,02 - Kuyu Boyunca,81-20,Standart / ÜB.FR.38,"Ek-I, 2.2",Kabin üstü sığınma alanları ve güvenlik mesafeleri,Bu sığınma boşluğu sağlanmıyor ise riskin önlenmesi için farklı uygulanabilir yöntemler uygulanmalıdır. (bkz. TS EN 12100 ve TS EN ISO 14798),"A,C",Görsel + Ölçüm,null,Ölçülen değer,null,null,null,null,null,null,null,true,null,null,[],null,Bu sığınma boşluğu sağlanmıyor ise riskin önlenmesi için farklı uygulanabilir yöntemler uygulanmalıdır. (bkz. TS EN 12100 ve TS EN ISO 14798),ÜB.FR.38,R.04,11,94,"[""modul_g_tam""]",KABİN ÜSTÜ VE KUYU BOYU DEĞERLENDİRME KRİTERLERİ,Kabin üstü sığınma alanları ve güvenlik mesafeleri
MAD-0146,146,02 - Kuyu Boyunca,81-20,Standart / ÜB.FR.38,5.2.5.7.3,Kabin üstü sığınma alanları ve güvenlik mesafeleri,"Kabin üstü veya kabin üstündeki donanım üzerindeki, asgari 0,12 m2 net alana ve asgari boyutu 0,25 m'den büyük olan en küçük kenara sahip herhangi bir sürekli alan, bir kişinin durabildiği bir yer olarak kabul edilir. Kabin, en yüksek konumunda olduğunda, bu tür bir alanın üzeri ile kuyu tavanının en alt kısımları (kirişler ve tavanın altında bulunan kısımlar dâhil) arasındaki düşey açıklık, ilgili sığınma boşluğu/boşlukları yüksekliğinde olmalıdır. 0,035 v² değerinin dikkate alınmasına gereklidir.","A,B,C,D,E",Görsel + Test + Ölçüm + Çizim/Hesap + Talimat/İşaret,null,Ölçü 1,m2,Ölçü 2,m,null,null,0.12,>=,true,null,null,[],null,"Kabin üstü veya kabin üstündeki donanım üzerindeki, asgari 0,12 m2 net alana ve asgari boyutu 0,25 m'den büyük olan en küçük kenara sahip herhangi bir sürekli alan, bir kişinin durabildiği bir yer olarak kabul edilir. Kabin, en yüksek konumunda olduğunda, bu tür bir alanın üzeri ile kuyu tavanının en alt kısımları (kirişler ve tavanın altında bulunan kısımlar dâhil) arasındaki düşey açıklık, ilgili sığınma boşluğu/boşlukları yüksekliğinde olmalıdır. 0,035 v² değerinin dikkate alınmasına gereklidir.",ÜB.FR.38,R.04,11,95,"[""modul_g_tam""]",KABİN ÜSTÜ VE KUYU BOYU DEĞERLENDİRME KRİTERLERİ,Kabin üstü sığınma alanları ve güvenlik mesafeleri
MAD-0147,147,02 - Kuyu Boyunca,81-20,Standart / ÜB.FR.38,5.2.5.6.2,Kabin üstü sığınma alanları ve güvenlik mesafeleri,"Kabin/karşı ağırlık en yüksek konumunda, kılavuz rayların uzunluğu, en az 0,10 m ilave kılavuzlanmış hareket seyri sağlayacak şekilde olmalıdır. 0,035 v² değerinin dikkate alınmasına gereklidir.","A,B,C,D,E",Görsel + Test + Ölçüm + Çizim/Hesap + Talimat/İşaret,null,Ölçü 1,m,null,null,null,null,0.1,>=,true,null,null,[],null,"Kabin/karşı ağırlık en yüksek konumunda, kılavuz rayların uzunluğu, en az 0,10 m ilave kılavuzlanmış hareket seyri sağlayacak şekilde olmalıdır. 0,035 v² değerinin dikkate alınmasına gereklidir.",ÜB.FR.38,R.04,11,96,"[""modul_g_tam""]",KABİN ÜSTÜ VE KUYU BOYU DEĞERLENDİRME KRİTERLERİ,Kabin üstü sığınma alanları ve güvenlik mesafeleri
MAD-0148,148,02 - Kuyu Boyunca,81-20,Standart / ÜB.FR.38,5.2.5.7.2 a,Kabin üstü sığınma alanları ve güvenlik mesafeleri,"Kabin, en yüksek konumundayken kabin üstüne sabitlenmiş donanımın en yüksek kısımları, kabinin izdüşümü içinde herhangi bir düşey veya eğimli yönde en az 0,50 m olmalıdır. 0,035 v² değerinin dikkate alınmasına gereklidir.","A,B,C,D,E",Görsel + Test + Ölçüm + Çizim/Hesap + Talimat/İşaret,null,Ölçü 1,m,null,null,null,null,0.5,>=,true,null,null,[],null,"Kabin, en yüksek konumundayken kabin üstüne sabitlenmiş donanımın en yüksek kısımları, kabinin izdüşümü içinde herhangi bir düşey veya eğimli yönde en az 0,50 m olmalıdır. 0,035 v² değerinin dikkate alınmasına gereklidir.",ÜB.FR.38,R.04,11,97,"[""modul_g_tam""]",KABİN ÜSTÜ VE KUYU BOYU DEĞERLENDİRME KRİTERLERİ,Kabin üstü sığınma alanları ve güvenlik mesafeleri
MAD-0149,149,02 - Kuyu Boyunca,81-20,Standart / ÜB.FR.38,5.2.5.7.2 b,Kabin üstü sığınma alanları ve güvenlik mesafeleri,"Kabin, en yüksek konumundayken kılavuz patenlerinin veya makaralarının, halat bağlantı uçlarının ve varsa düşey sürgülü kapıların üst tertibatlarının veya parçalarının en üst kısmı, kabinin izdüşümü içinde 0,40 m'lik bir yatay mesafe içinde herhangi bir düşey yönde en az 0,10 m olmalıdır. 0,035 v² değerinin dikkate alınmasına gereklidir.","A,B,C,D,E",Görsel + Test + Ölçüm + Çizim/Hesap + Talimat/İşaret,null,Ölçü 1,m,Ölçü 2,m,null,null,0.1,>=,true,null,null,[],null,"Kabin, en yüksek konumundayken kılavuz patenlerinin veya makaralarının, halat bağlantı uçlarının ve varsa düşey sürgülü kapıların üst tertibatlarının veya parçalarının en üst kısmı, kabinin izdüşümü içinde 0,40 m'lik bir yatay mesafe içinde herhangi bir düşey yönde en az 0,10 m olmalıdır. 0,035 v² değerinin dikkate alınmasına gereklidir.",ÜB.FR.38,R.04,11,98,"[""modul_g_tam""]",KABİN ÜSTÜ VE KUYU BOYU DEĞERLENDİRME KRİTERLERİ,Kabin üstü sığınma alanları ve güvenlik mesafeleri
MAD-0150,150,02 - Kuyu Boyunca,81-20,Standart / ÜB.FR.38,5.2.5.7.2 c,Kabin üstü sığınma alanları ve güvenlik mesafeleri,"Kabin, en yüksek konumundayken korkuluğun en yüksek kısmı en az aşağıda verildiği gibi olmalıdır: 1) kabinin izdüşümü içinde 0,40 m'lik ve korkuluğun dışında 0,10 m'lik yatay bir mesafe içinde 0,30m; 2) kabinin izdüşümü içinde 0,40 m'nin ilerisinde herhangi bir eğimli mesafede 0,50 m. 0,035 v² değerinin dikkate alınmasına gereklidir.","A,B,C,D,E",Görsel + Test + Ölçüm + Çizim/Hesap + Talimat/İşaret,null,Ölçü 1,m,Ölçü 2,m,null,null,null,null,true,null,null,[],null,"Kabin, en yüksek konumundayken korkuluğun en yüksek kısmı en az aşağıda verildiği gibi olmalıdır: 1) kabinin izdüşümü içinde 0,40 m'lik ve korkuluğun dışında 0,10 m'lik yatay bir mesafe içinde 0,30m; 2) kabinin izdüşümü içinde 0,40 m'nin ilerisinde herhangi bir eğimli mesafede 0,50 m. 0,035 v² değerinin dikkate alınmasına gereklidir.",ÜB.FR.38,R.04,11,99,"[""modul_g_tam""]",KABİN ÜSTÜ VE KUYU BOYU DEĞERLENDİRME KRİTERLERİ,Kabin üstü sığınma alanları ve güvenlik mesafeleri
MAD-0151,151,02 - Kuyu Boyunca,81-20,Standart / ÜB.FR.38,Yangın Yön.  M.62- (4),Kuyu havalandırması,"Kuyu alanının 0,025 katı kadar ve en az 0,1 m2 olmak üzere kuyu havalandırması sağlanmalıdır.","A,C",Görsel + Ölçüm,null,Ölçü 1,m2,null,null,null,null,0.1,>=,true,null,null,[],null,"Kuyu alanının 0,025 katı kadar ve en az 0,1 m2 olmak üzere kuyu havalandırması sağlanmalıdır.",ÜB.FR.38,R.04,11,101,"[""modul_g_tam""]",KABİN ÜSTÜ VE KUYU BOYU DEĞERLENDİRME KRİTERLERİ,Kuyu havalandırması
MAD-0152,152,02 - Kuyu Boyunca,81-20,Standart / ÜB.FR.38,5.6.2.1.1.1,Güvenlik tertibatı,"Güvenlik tertibatı aşağı yönde çalışabilir olmalı ve anma yükünü taşıyan bir kabini veya bir karşı ağırlığı veya dengeleme ağırlığını, hız regülatörünün devreye girme hızında veya eğer askı aygıtları koparsa, kılavuz rayları kavrayarak durdurabilecek ve kabini, karşı ağırlığı veya dengeleme ağırlığını orada tutacak özellikte olmalıdır.","A,B,D,E",Görsel + Test + Çizim/Hesap + Talimat/İşaret,null,null,null,null,null,null,null,null,null,true,null,null,[],null,"Güvenlik tertibatı aşağı yönde çalışabilir olmalı ve anma yükünü taşıyan bir kabini veya bir karşı ağırlığı veya dengeleme ağırlığını, hız regülatörünün devreye girme hızında veya eğer askı aygıtları koparsa, kılavuz rayları kavrayarak durdurabilecek ve kabini, karşı ağırlığı veya dengeleme ağırlığını orada tutacak özellikte olmalıdır.",ÜB.FR.38,R.04,11,103,"[""modul_g_tam""]",KABİN ÜSTÜ VE KUYU BOYU DEĞERLENDİRME KRİTERLERİ,Güvenlik tertibatı
MAD-0153,153,02 - Kuyu Boyunca,81-20,Standart / ÜB.FR.38,6.6.2.1.1.3,Güvenlik tertibatı,"Güvenlik tertibatı üzerine aşağıda belirtilen bilgileri içeren bir plaka sabitlenmelidir: a) güvenlik tertibatının imalatçısının ismi; b) tip inceleme belgesi numarası; c) güvenlik tertibatının tipi; d) eğer ayarlanabilir ise, güvenlik tertibatı izin verilen yük aralığı ile veya kullanma talimatında yük aralığı ile olan ilişki belirtilmişse ayar parametresi ile işaretlenmelidir.","A,B,D,E",Görsel + Test + Çizim/Hesap + Talimat/İşaret,null,null,null,null,null,null,null,null,null,true,null,null,[],null,"Güvenlik tertibatı üzerine aşağıda belirtilen bilgileri içeren bir plaka sabitlenmelidir: a) güvenlik tertibatının imalatçısının ismi; b) tip inceleme belgesi numarası; c) güvenlik tertibatının tipi; d) eğer ayarlanabilir ise, güvenlik tertibatı izin verilen yük aralığı ile veya kullanma talimatında yük aralığı ile olan ilişki belirtilmişse ayar parametresi ile işaretlenmelidir.",ÜB.FR.38,R.04,11,104,"[""modul_g_tam""]",KABİN ÜSTÜ VE KUYU BOYU DEĞERLENDİRME KRİTERLERİ,Güvenlik tertibatı
MAD-0154,154,02 - Kuyu Boyunca,81-20,Standart / ÜB.FR.38,5.6.2.1.2.1,Güvenlik tertibatı,"Kabin güvenlik tertibatı (kaymalı tip veya beyan hızı 0,63 m/s’ yi aşmıyorsa anlık tip) olmalıdır.","A,B,D,E",Görsel + Test + Çizim/Hesap + Talimat/İşaret,null,null,null,null,null,null,null,null,null,true,null,null,[],null,"Kabin güvenlik tertibatı (kaymalı tip veya beyan hızı 0,63 m/s’ yi aşmıyorsa anlık tip) olmalıdır.",ÜB.FR.38,R.04,11,105,"[""modul_g_tam""]",KABİN ÜSTÜ VE KUYU BOYU DEĞERLENDİRME KRİTERLERİ,Güvenlik tertibatı
MAD-0155,155,02 - Kuyu Boyunca,81-20,Standart / ÜB.FR.38,5.6.2.1.2.2,Güvenlik tertibatı,"Eğer kabin veya karşı ağırlık veya dengeleme ağırlığı birkaç güvenlik tertibatı taşıyorsa, bunların hepsi kademeli tip olmalıdır.","A,B,D,E",Görsel + Test + Çizim/Hesap + Talimat/İşaret,null,null,null,null,null,null,null,null,null,true,null,null,[],null,"Eğer kabin veya karşı ağırlık veya dengeleme ağırlığı birkaç güvenlik tertibatı taşıyorsa, bunların hepsi kademeli tip olmalıdır.",ÜB.FR.38,R.04,11,106,"[""modul_g_tam""]",KABİN ÜSTÜ VE KUYU BOYU DEĞERLENDİRME KRİTERLERİ,Güvenlik tertibatı
MAD-0156,156,02 - Kuyu Boyunca,81-20,Standart / ÜB.FR.38,5.6.2.1.2.3,Güvenlik tertibatı,"Karşı ağırlığın veya dengeleme ağırlığının güvenlik tertibatı, eğer anma hızı 1 m/s'yi aşıyorsa kademeli tip olmalıdır, aksi hâlde güvenlik tertibatı ani etkili tip olabilir.","A,B,D,E",Görsel + Test + Çizim/Hesap + Talimat/İşaret,null,null,null,null,null,null,null,null,null,true,null,null,[],null,"Karşı ağırlığın veya dengeleme ağırlığının güvenlik tertibatı, eğer anma hızı 1 m/s'yi aşıyorsa kademeli tip olmalıdır, aksi hâlde güvenlik tertibatı ani etkili tip olabilir.",ÜB.FR.38,R.04,11,107,"[""modul_g_tam""]",KABİN ÜSTÜ VE KUYU BOYU DEĞERLENDİRME KRİTERLERİ,Güvenlik tertibatı
MAD-0157,157,02 - Kuyu Boyunca,81-20,Standart / ÜB.FR.38,5.6.2.1.5,Güvenlik tertibatı,"Kabin güvenlik tertibatı devreye girdiğinde, kabin üzerine monte edilmiş bir elektrik güvenlik aygıtı, güvenlik tertibatının çalışmasından önce veya o esnada makinenin durdurulmasını başlatmalıdır.","A,B,D,E",Görsel + Test + Çizim/Hesap + Talimat/İşaret,null,null,null,null,null,null,null,null,null,true,null,null,[],null,"Kabin güvenlik tertibatı devreye girdiğinde, kabin üzerine monte edilmiş bir elektrik güvenlik aygıtı, güvenlik tertibatının çalışmasından önce veya o esnada makinenin durdurulmasını başlatmalıdır.",ÜB.FR.38,R.04,11,108,"[""modul_g_tam""]",KABİN ÜSTÜ VE KUYU BOYU DEĞERLENDİRME KRİTERLERİ,Güvenlik tertibatı
MAD-0158,158,02 - Kuyu Boyunca,81-20,Standart / ÜB.FR.38,5.5.1.2,Askı halatları ve bağlantıları,Halatların anma çapı en az 8 mm olmalıdır. **Makine modeli gereği 8 mm den düşük çapta halat kullanılacaksa test sertifikası sunulacaktır,"A,C,D,E",Görsel + Ölçüm + Çizim/Hesap + Talimat/İşaret,null,Ölçü 1,mm,null,null,null,null,8,>=,true,null,null,[],null,Halatların anma çapı en az 8 mm olmalıdır. **Makine modeli gereği 8 mm den düşük çapta halat kullanılacaksa test sertifikası sunulacaktır,ÜB.FR.38,R.04,11,112,"[""modul_g_tam""]",KABİN ÜSTÜ VE KUYU BOYU DEĞERLENDİRME KRİTERLERİ,Askı halatları ve bağlantıları
MAD-0159,159,02 - Kuyu Boyunca,81-20,Standart / ÜB.FR.38,5.5.1.3,Askı halatları ve bağlantıları,Asgari halat veya zincir sayısı iki olmalıdır. İki halat veya zincir kullanılması durumunda birinin diğerine oranla uzaması bir elektrikli güvenlik tertibatı yardımıyla kontrol edilmelidir.,"A,C,D,E",Görsel + Ölçüm + Çizim/Hesap + Talimat/İşaret,null,Ölçülen değer,null,null,null,null,null,null,null,true,null,null,[],null,Asgari halat veya zincir sayısı iki olmalıdır. İki halat veya zincir kullanılması durumunda birinin diğerine oranla uzaması bir elektrikli güvenlik tertibatı yardımıyla kontrol edilmelidir.,ÜB.FR.38,R.04,11,113,"[""modul_g_tam""]",KABİN ÜSTÜ VE KUYU BOYU DEĞERLENDİRME KRİTERLERİ,Askı halatları ve bağlantıları
MAD-0160,160,02 - Kuyu Boyunca,81-20,Standart / ÜB.FR.38,5.5.2.3.1,Askı halatları ve bağlantıları,"Halatların ucu kabine, karşı ağırlığa veya dengeleme ağırlığına, ya da halat donanımının ölü parçalarının askı noktalarına, soket tipi (geçmeli) kendinden sıkı geçmeli vasıtalarla (örneğin,EN 13411-6 veya EN 13411-7'ye göre), yüksükle emniyete alınmış gözlerle (örneğin, EN 13411-3'e göre) veya dövme bağlantı tespit uçlarıyla (örneğin EN 13411-8'e göre) sabitlenmelidir. Halat şişesi üstünde bilgileri olmalıdır. 1- Asimetrik Kamalı Soket (TS-EN 13411-6 ) =X ölçüsü, soket gövdesinin en yakın parçası ile klemens arasındaki mesafe, X oldukça küçükse halatın şekil bozukluğuna uğramasını önlemek için ve eğer halat gevşek ve X oldukça büyükse kamanın soket gövdesinden çıkmasını önlemek için kamanın toplam uzunluğunun % 75’inden daha fazla olmamalıdır. 2- Simetrik Kamalı Soket (TS-EN 13411-7 ) Soket gövdesinin en yakın parçasından klemens mesafesi, (Şekil B.1, X mesafesi,) halatın deformasyona uğramasını önlemek için (mesafe oldukça küçükse) veya kamanın soket gövdesinden çıkmasını önlemek için (halat gevşek ve X oldukça büyükse) kamanın boydan boya uzunluğunun % 40’ından daha fazla olmamalıdır.","A,C,D",Görsel + Ölçüm + Çizim/Hesap,null,Ölçülen değer,null,null,null,null,null,null,null,true,null,null,[],null,"Halatların ucu kabine, karşı ağırlığa veya dengeleme ağırlığına, ya da halat donanımının ölü parçalarının askı noktalarına, soket tipi (geçmeli) kendinden sıkı geçmeli vasıtalarla (örneğin,EN 13411-6 veya EN 13411-7'ye göre), yüksükle emniyete alınmış gözlerle (örneğin, EN 13411-3'e göre) veya dövme bağlantı tespit uçlarıyla (örneğin EN 13411-8'e göre) sabitlenmelidir. Halat şişesi üstünde bilgileri olmalıdır. 1- Asimetrik Kamalı Soket (TS-EN 13411-6 ) =X ölçüsü, soket gövdesinin en yakın parçası ile klemens arasındaki mesafe, X oldukça küçükse halatın şekil bozukluğuna uğramasını önlemek için ve eğer halat gevşek ve X oldukça büyükse kamanın soket gövdesinden çıkmasını önlemek için kamanın toplam uzunluğunun % 75’inden daha fazla olmamalıdır. 2- Simetrik Kamalı Soket (TS-EN 13411-7 ) Soket gövdesinin en yakın parçasından klemens mesafesi, (Şekil B.1, X mesafesi,) halatın deformasyona uğramasını önlemek için (mesafe oldukça küçükse) veya kamanın soket gövdesinden çıkmasını önlemek için (halat gevşek ve X oldukça büyükse) kamanın boydan boya uzunluğunun % 40’ından daha fazla olmamalıdır.",ÜB.FR.38,R.04,11,114,"[""modul_g_tam""]",KABİN ÜSTÜ VE KUYU BOYU DEĞERLENDİRME KRİTERLERİ,Askı halatları ve bağlantıları
MAD-0161,161,02 - Kuyu Boyunca,81-20,Standart / ÜB.FR.38,5.5.5.1,Askı halatları ve bağlantıları,"Askı halatlarının veya zincirlerinin, en azından uçlarından birinde gerilimi eşitlemek için otomatik bir aygıt bulunmalıdır. (yay veya esnek eleman olmalıdır.)","A,C,D",Görsel + Ölçüm + Çizim/Hesap,null,Ölçülen değer,null,null,null,null,null,null,null,true,null,null,[],null,"Askı halatlarının veya zincirlerinin, en azından uçlarından birinde gerilimi eşitlemek için otomatik bir aygıt bulunmalıdır. (yay veya esnek eleman olmalıdır.)",ÜB.FR.38,R.04,11,115,"[""modul_g_tam""]",KABİN ÜSTÜ VE KUYU BOYU DEĞERLENDİRME KRİTERLERİ,Askı halatları ve bağlantıları
MAD-0162,162,02 - Kuyu Boyunca,81-20,Standart / ÜB.FR.38,5.5.2.3.2,Askı halatları ve bağlantıları,"Halatların tamburlara sabitlenmesi, kamalı klemensler ile engelleyici bir sistem kullanılarak veya en az iki adet klemens kullanılarak gerçekleştirilmelidir. Halat bağlantılarında kontra somun ve gupilya olmalıdır.","A,C,D",Görsel + Ölçüm + Çizim/Hesap,null,Ölçülen değer,null,null,null,null,null,null,null,true,null,null,[],null,"Halatların tamburlara sabitlenmesi, kamalı klemensler ile engelleyici bir sistem kullanılarak veya en az iki adet klemens kullanılarak gerçekleştirilmelidir. Halat bağlantılarında kontra somun ve gupilya olmalıdır.",ÜB.FR.38,R.04,11,116,"[""modul_g_tam""]",KABİN ÜSTÜ VE KUYU BOYU DEĞERLENDİRME KRİTERLERİ,Askı halatları ve bağlantıları
MAD-0163,163,02 - Kuyu Boyunca,81-20,Standart / ÜB.FR.38,5.3.9.1.2,Kat kapısı kilitleme tertibatı,"Elektrikli güvenlik tertibatı, kilitleme elemanları en az 7 mm bağlanmadıkça etkin olmamalıdır.","A,B,E",Görsel + Test + Talimat/İşaret,null,null,null,null,null,null,null,null,null,true,null,null,[],null,"Elektrikli güvenlik tertibatı, kilitleme elemanları en az 7 mm bağlanmadıkça etkin olmamalıdır.",ÜB.FR.38,R.04,11,118,"[""modul_g_tam""]",KABİN ÜSTÜ VE KUYU BOYU DEĞERLENDİRME KRİTERLERİ,Kat kapısı kilitleme tertibatı
MAD-0164,164,02 - Kuyu Boyunca,81-20,Standart / ÜB.FR.38,5.3.9.1.1.3,Kat kapısı kilitleme tertibatı,Kilitleme tertibatı üzerinde bilgi plakası olmalıdır. a) kilitleme aygıtının imalatçısının adı; b) tip inceleme belgesi numarası; c) kilitleme aygıtının tipi.,"A,B,E",Görsel + Test + Talimat/İşaret,null,null,null,null,null,null,null,null,null,true,null,null,[],null,Kilitleme tertibatı üzerinde bilgi plakası olmalıdır. a) kilitleme aygıtının imalatçısının adı; b) tip inceleme belgesi numarası; c) kilitleme aygıtının tipi.,ÜB.FR.38,R.04,11,119,"[""modul_g_tam""]",KABİN ÜSTÜ VE KUYU BOYU DEĞERLENDİRME KRİTERLERİ,Kat kapısı kilitleme tertibatı
MAD-0165,165,02 - Kuyu Boyunca,81-20,Standart / ÜB.FR.38,5.4.11.2,Karşı ağırlık,Karşı ağırlık bloklarının yerinden çıkması önlenmeli (çerçeve içinde güvenli hale gelmeli),"A,D",Görsel + Çizim/Hesap,null,null,null,null,null,null,null,null,null,true,null,null,[],null,Karşı ağırlık bloklarının yerinden çıkması önlenmeli (çerçeve içinde güvenli hale gelmeli),ÜB.FR.38,R.04,11,122,"[""modul_g_tam""]",KABİN ÜSTÜ VE KUYU BOYU DEĞERLENDİRME KRİTERLERİ,Karşı ağırlık
MAD-0166,166,02 - Kuyu Boyunca,81-20,Standart / ÜB.FR.38,5.4.11.3,Karşı ağırlık,"Karşı ağırlığına monte edilmiş saptırma kasnakları varsa koruma tertibatına sahip olmalı, Halatın makaralardan çıkması, halat ve makara arasına cisimlerin girmesi)","A,D",Görsel + Çizim/Hesap,null,null,null,null,null,null,null,null,null,true,null,null,[],null,"Karşı ağırlığına monte edilmiş saptırma kasnakları varsa koruma tertibatına sahip olmalı, Halatın makaralardan çıkması, halat ve makara arasına cisimlerin girmesi)",ÜB.FR.38,R.04,11,123,"[""modul_g_tam""]",KABİN ÜSTÜ VE KUYU BOYU DEĞERLENDİRME KRİTERLERİ,Karşı ağırlık
MAD-0167,167,02 - Kuyu Boyunca,81-20,Standart / ÜB.FR.38,5.7.1.1,Karşı ağırlık,"Kabin, karşı ağırlık veya dengeleme ağırlığının her biri, en az iki rijit çelik kılavuz raylar tarafından kılavuzlanmalıdır.","A,D,E",Görsel + Çizim/Hesap + Talimat/İşaret,null,null,null,null,null,null,null,null,null,true,null,null,[],null,"Kabin, karşı ağırlık veya dengeleme ağırlığının her biri, en az iki rijit çelik kılavuz raylar tarafından kılavuzlanmalıdır.",ÜB.FR.38,R.04,11,124,"[""modul_g_tam""]",KABİN ÜSTÜ VE KUYU BOYU DEĞERLENDİRME KRİTERLERİ,Karşı ağırlık
MAD-0168,168,02 - Kuyu Boyunca,81-20,Standart / ÜB.FR.38,5.2.5.5.1 h,Kabin ile karşı ağırlık arasındaki asgari açıklık,Kabin ve kabine bağlı parçalar ile karşı ağırlık ve karşı ağırlığa bağlı parçalar arasındaki en kısa yatay mesafenin en az 50 mm olduğunu ölçerek doğrulayın.,"A,B,D",Görsel + Test + Çizim/Hesap,null,null,null,null,null,null,null,null,null,true,null,null,[],null,"Kabin ve ilgili parçaları, karşı ağırlığın ilgili parçalarından en az 50 mm mesafede olmalı",ÜB.FR.38,R.04,11,126,"[""modul_g_tam""]",KABİN ÜSTÜ VE KUYU BOYU DEĞERLENDİRME KRİTERLERİ,Karşı ağırlık
MAD-0169,169,02 - Kuyu Boyunca,81-20,Standart / ÜB.FR.38,5.7.1.4,Raylar,"Kılavuz rayların konsollarına ve binaya sabitlendikleri bağlantılar, binanın normal oturması veya betonun çekmesinden kaynaklanan etkilerin ya otomatik olarak ya da basit bir ayarlama ile telafi edilmesine izin vermelidir. Bağlantı parçalarının, kılavuz rayların yerinden kurtulmasına yol açabilecek şekilde dönmesi önlenmelidir.","A,D,E",Görsel + Çizim/Hesap + Talimat/İşaret,null,null,null,null,null,null,null,null,null,true,null,null,[],null,"Kılavuz rayların konsollarına ve binaya sabitlendikleri bağlantılar, binanın normal oturması veya betonun çekmesinden kaynaklanan etkilerin ya otomatik olarak ya da basit bir ayarlama ile telafi edilmesine izin vermelidir. Bağlantı parçalarının, kılavuz rayların yerinden kurtulmasına yol açabilecek şekilde dönmesi önlenmelidir.",ÜB.FR.38,R.04,11,128,"[""modul_g_tam""]",KABİN ÜSTÜ VE KUYU BOYU DEĞERLENDİRME KRİTERLERİ,Raylar
MAD-0170,170,02 - Kuyu Boyunca,81-20,Standart / ÜB.FR.38,5.7.2.1.1,Raylar,"Kılavuz raylar, rayların bağlantıları ve bağlantı elemanları, asansörün güvenli çalışmasının sağlanması için üzerlerine uygulanan yüklere ve kuvvetlere dayanabilmelidir. Asansörün güvenli çalışmasının kılavuz raylarla ilgili hususları şunlardır: a) kabinin, karşı ağırlık veya dengeleme ağırlığının kılavuzlanması sağlanmalıdır; b) sehimler, aşağıdakiler yaşanmayacak şekilde sınırlandırılmalıdır: 1) kapıların kilidi istemsiz şekilde açılmamalı; 2) güvenlik aygıtlarının çalışması etkilenmemeli ve 3) hareketli parçalar diğer parçalarla çarpışmamalıdır.","A,D",Görsel + Çizim/Hesap,null,null,null,null,null,null,null,null,null,true,null,null,[],null,"Kılavuz raylar, rayların bağlantıları ve bağlantı elemanları, asansörün güvenli çalışmasının sağlanması için üzerlerine uygulanan yüklere ve kuvvetlere dayanabilmelidir. Asansörün güvenli çalışmasının kılavuz raylarla ilgili hususları şunlardır: a) kabinin, karşı ağırlık veya dengeleme ağırlığının kılavuzlanması sağlanmalıdır; b) sehimler, aşağıdakiler yaşanmayacak şekilde sınırlandırılmalıdır: 1) kapıların kilidi istemsiz şekilde açılmamalı; 2) güvenlik aygıtlarının çalışması etkilenmemeli ve 3) hareketli parçalar diğer parçalarla çarpışmamalıdır.",ÜB.FR.38,R.04,11,129,"[""modul_g_tam""]",KABİN ÜSTÜ VE KUYU BOYU DEĞERLENDİRME KRİTERLERİ,Raylar
MAD-0171,171,02 - Kuyu Boyunca,81-20,Standart / ÜB.FR.38,"Ek D, D.2 İç Tes. Yön. M.57",Kat kapıları topraklama sürekliliği,"Kat kapılarında paralel bağlı, pabuçlu topraklama hattı olmalıdır. Topraklamanın sürekliliği (kablo renkleri yeşil-sarı)","A,C",Görsel + Ölçüm,null,Ölçülen değer,null,null,null,null,null,null,null,true,null,null,[],null,"Kat kapılarında paralel bağlı, pabuçlu topraklama hattı olmalıdır. Topraklamanın sürekliliği (kablo renkleri yeşil-sarı)",ÜB.FR.38,R.04,11,131,"[""modul_g_tam""]",KABİN ÜSTÜ VE KUYU BOYU DEĞERLENDİRME KRİTERLERİ,Kapı ve kuyu duvarları
MAD-0172,172,02 - Kuyu Boyunca,81-20,Standart / ÜB.FR.38,5.2.1.8.3 5.3.5.3.5,Cam panel lamine yapısı ve darbe dayanımı,"Cam paneller lamine olmalı, her iki tarafında (iç ve dış) herhangi bir noktadaki 30x30 cm alan üzerinde yatay statik 1000 N kuvvete kalıcı şekil bozukluğu olmaksızın dayanmalı","A,B,C,D,E",Görsel + Test + Ölçüm + Çizim/Hesap + Talimat/İşaret,null,Ölçü 1,cm,Ölçü 2,N,null,null,null,null,true,null,null,[],null,"Cam paneller lamine olmalı, her iki tarafında (iç ve dış) herhangi bir noktadaki 30x30 cm alan üzerinde yatay statik 1000 N kuvvete kalıcı şekil bozukluğu olmaksızın dayanmalı",ÜB.FR.38,R.04,11,132,"[""modul_g_tam""]",KABİN ÜSTÜ VE KUYU BOYU DEĞERLENDİRME KRİTERLERİ,Kapı ve kuyu duvarları
MAD-0173,173,02 - Kuyu Boyunca,81-20,Standart / ÜB.FR.38,5.3.5.3.7,Cam panel etiketi,"Cam paneller varsa, (Tedarikçinin ismi/ticari markası, tipi ve kalınlık) etiketine sahip olmalı","A,B,C,D,E",Görsel + Test + Ölçüm + Çizim/Hesap + Talimat/İşaret,null,Ölçülen değer,null,null,null,null,null,null,null,true,null,null,[],null,"Cam paneller varsa, (Tedarikçinin ismi/ticari markası, tipi ve kalınlık) etiketine sahip olmalı",ÜB.FR.38,R.04,11,133,"[""modul_g_tam""]",KABİN ÜSTÜ VE KUYU BOYU DEĞERLENDİRME KRİTERLERİ,Kapı ve kuyu duvarları
MAD-0174,174,02 - Kuyu Boyunca,81-20,Standart / ÜB.FR.38,5.3.1.1 - 5.3.1.2,Kuyu açıklıklarının durak kapılarıyla donatılması,"Kabine normal girişi sağlayan kuyudaki açıklıklar durak kapıları ile donatılmalı ve kabine giriş, bir kabin kapısıyla olmalıdır. Kapılar deliksiz olmalıdır.","A,B,C,D,E",Görsel + Test + Ölçüm + Çizim/Hesap + Talimat/İşaret,null,Ölçülen değer,null,null,null,null,null,null,null,true,null,null,[],null,"Kabine normal girişi sağlayan kuyudaki açıklıklar durak kapıları ile donatılmalı ve kabine giriş, bir kabin kapısıyla olmalıdır. Kapılar deliksiz olmalıdır.",ÜB.FR.38,R.04,11,134,"[""modul_g_tam""]",KABİN ÜSTÜ VE KUYU BOYU DEĞERLENDİRME KRİTERLERİ,Kapı ve kuyu duvarları
MAD-0175,175,02 - Kuyu Boyunca,81-20,Standart / ÜB.FR.38,5.3.1.3,Kapalı durak/kabin kapılarının kuyuyu tam kapatması,"Durak ve kabin kapıları kapatılmış iken, gerekli açıklıklar hariç, durak ve kabin girişlerini tamamen kapatmalıdır.","A,B,C,D,E",Görsel + Test + Ölçüm + Çizim/Hesap + Talimat/İşaret,null,Ölçülen değer,null,null,null,null,null,null,null,true,null,null,[],null,"Durak ve kabin kapıları kapatılmış iken, gerekli açıklıklar hariç, durak ve kabin girişlerini tamamen kapatmalıdır.",ÜB.FR.38,R.04,11,135,"[""modul_g_tam""]",KABİN ÜSTÜ VE KUYU BOYU DEĞERLENDİRME KRİTERLERİ,Kapı ve kuyu duvarları
MAD-0176,176,02 - Kuyu Boyunca,81-20,Standart / ÜB.FR.38,5.3.5.3.2,Yatay sürgülü kapı kılavuz elemanı arızasında güvenlik,"Yatay sürgülü durak ve kabin kapıları, kapı paneline sabitlenmiş olan kılavuz elemanın çalışmaması durumunda, kapı panelini/panellerini gereken konumda tutmak için aygıt ile donatılmalıdır.","A,B,C,D,E",Görsel + Test + Ölçüm + Çizim/Hesap + Talimat/İşaret,null,Ölçülen değer,null,null,null,null,null,null,null,true,null,null,[],null,"Yatay sürgülü durak ve kabin kapıları, kapı paneline sabitlenmiş olan kılavuz elemanın çalışmaması durumunda, kapı panelini/panellerini gereken konumda tutmak için aygıt ile donatılmalıdır.",ÜB.FR.38,R.04,11,136,"[""modul_g_tam""]",KABİN ÜSTÜ VE KUYU BOYU DEĞERLENDİRME KRİTERLERİ,Kapı ve kuyu duvarları
MAD-0177,177,02 - Kuyu Boyunca,81-20,Standart / ÜB.FR.38,5.2.5.3.1,Kabin çalışmasının kapı kilitlenmesine bağlı olması,"Asansör çalışması, seviyeleme ve ön çalışma hariç kabin kapısı kilitlenmesine bağlı olmalı","A,B,D",Görsel + Test + Çizim/Hesap,null,null,null,null,null,null,null,null,null,true,null,null,[],null,"Asansör çalışması, seviyeleme ve ön çalışma hariç kabin kapısı kilitlenmesine bağlı olmalı",ÜB.FR.38,R.04,11,137,"[""modul_g_tam""]",KABİN ÜSTÜ VE KUYU BOYU DEĞERLENDİRME KRİTERLERİ,Kapı ve kuyu duvarları
MAD-0178,178,02 - Kuyu Boyunca,81-20,Standart / ÜB.FR.38,5.3.9.4.1,Durak kapısının kapanmasını sağlayan elektriksel güvenlik tertibatı,Durak kapısının kapanmasının sağlanması için elektrikli güvenlik tertibatıyla donatılmalı,"A,B,E",Görsel + Test + Talimat/İşaret,null,null,null,null,null,null,null,null,null,true,null,null,[],null,Durak kapısının kapanmasının sağlanması için elektrikli güvenlik tertibatıyla donatılmalı,ÜB.FR.38,R.04,11,138,"[""modul_g_tam""]",KABİN ÜSTÜ VE KUYU BOYU DEĞERLENDİRME KRİTERLERİ,Kapı ve kuyu duvarları
MAD-0179,179,02 - Kuyu Boyunca,81-20,Standart / ÜB.FR.38,5.3.8.1,Kilit açılma bölgesi genişliği,"Kilit açılma bölgesi, kabin durak seviyesindeyken durak kapısının kilidinin açılabildiği düşey aralıktır. Bu aralığın kat seviyesinin üstünde ve altında en fazla 0,20 m (otomatik açılıp kapanan durak-kabin kapılarında en fazla 0,35 m) olduğunu kumanda/tahrik ayarlarından veya sahada seviye kontrolüyle doğrulayın.","A,B,E",Görsel + Test + Talimat/İşaret,null,null,null,null,null,null,null,null,null,true,null,null,[],null,"Kilit açılma bölgesi en fazla 0,20 m, otomatik durak-kabin kapılarında en fazla 0,35 m",ÜB.FR.38,R.04,11,139,"[""modul_g_tam""]",KABİN ÜSTÜ VE KUYU BOYU DEĞERLENDİRME KRİTERLERİ,Kapı ve kuyu duvarları
MAD-0180,180,02 - Kuyu Boyunca,81-20,Standart / ÜB.FR.38,5.3.9.3.4,Kilit açılma bölgesi dışında kapı açıldığında hareketin engellenmesi,"Kabin kilit açılma bölgesi dışında ise durak kapısı açıldığında, bir tertibat kapının kapanmasını ve kilitlenmesini sağlamalı (Durak kapısı kabin kapısı ile tahrik ediliyorsa)","A,B,E",Görsel + Test + Talimat/İşaret,null,null,null,null,null,null,null,null,null,true,null,null,[],null,"Kabin kilit açılma bölgesi dışında ise durak kapısı açıldığında, bir tertibat kapının kapanmasını ve kilitlenmesini sağlamalı (Durak kapısı kabin kapısı ile tahrik ediliyorsa)",ÜB.FR.38,R.04,11,140,"[""modul_g_tam""]",KABİN ÜSTÜ VE KUYU BOYU DEĞERLENDİRME KRİTERLERİ,Kapı ve kuyu duvarları
MAD-0181,181,02 - Kuyu Boyunca,81-20,Standart / ÜB.FR.38,5.3.8.1,Durak kapılarının kilit açma bölgesi dışında kapalı olması,Durak kapılarının kilit açma bölgesinin dışında kapalı olması (mekanik ve elektriksel),"A,B,E",Görsel + Test + Talimat/İşaret,null,null,null,null,null,null,null,null,null,true,null,null,[],null,Durak kapılarının kilit açma bölgesinin dışında kapalı olması (mekanik ve elektriksel),ÜB.FR.38,R.04,11,141,"[""modul_g_tam""]",KABİN ÜSTÜ VE KUYU BOYU DEĞERLENDİRME KRİTERLERİ,Kapı ve kuyu duvarları
MAD-0182,182,02 - Kuyu Boyunca,81-20,Standart / ÜB.FR.38,6.3.14,Kilit açma bölgesi dışında durak kapısının otomatik kapanması,Kilit açma bölgesi dışında 100 mm aralıkla durak kapısının serbest bırakılması ile kapı kapanmalı ve kilitlenmelidir,"A,C",Görsel + Ölçüm,null,Ölçü 1,mm,null,null,null,null,null,null,true,null,null,[],null,Kilit açma bölgesi dışında 100 mm aralıkla durak kapısının serbest bırakılması ile kapı kapanmalı ve kilitlenmelidir,ÜB.FR.38,R.04,11,142,"[""modul_g_tam""]",KABİN ÜSTÜ VE KUYU BOYU DEĞERLENDİRME KRİTERLERİ,Kapı ve kuyu duvarları
MAD-0183,183,02 - Kuyu Boyunca,81-20,Standart / ÜB.FR.38,5.3.4.2,Kabin kapısı-durak kapısı arası yatay mesafe,"Kabin kapısının kılavuz kenarı ile durak kapıları arasında kuyuya erişimi sağlayan yatay mesafe, 0,12 m’yi aşmamalı,","A,B,C,D,E",Görsel + Test + Ölçüm + Çizim/Hesap + Talimat/İşaret,null,Ölçü 1,m,null,null,null,null,null,null,true,null,null,[],null,"Kabin kapısının kılavuz kenarı ile durak kapıları arasında kuyuya erişimi sağlayan yatay mesafe, 0,12 m’yi aşmamalı,",ÜB.FR.38,R.04,11,143,"[""modul_g_tam""]",KABİN ÜSTÜ VE KUYU BOYU DEĞERLENDİRME KRİTERLERİ,Kapı ve kuyu duvarları
MAD-0184,184,02 - Kuyu Boyunca,81-20,Standart / ÜB.FR.38,5.3.4.3,Kapalı kapılar arasındaki boşluğun sınırlandırılması,Durak ve kabin kapıları tamamen kapalıyken aralarında kalan boşluğu kontrol edin. 150 mm çapındaki küre biçimli kontrol mastarı bu boşluğa tamamen yerleştirilememelidir.,"A,B,C,D,E",Görsel + Test + Ölçüm + Çizim/Hesap + Talimat/İşaret,null,Ölçü 1,cm,null,null,null,null,null,null,true,null,null,[],null,Kapalı kapılar arası herhangi bir boşluğa 15cm çapında bir topun yerleştirilememeli,ÜB.FR.38,R.04,11,144,"[""modul_g_tam""]",KABİN ÜSTÜ VE KUYU BOYU DEĞERLENDİRME KRİTERLERİ,Kapı ve kuyu duvarları
MAD-0185,185,02 - Kuyu Boyunca,81-20,Standart / ÜB.FR.38,5.3.1.9.8,Durak kapısı yayının tipi ve kilit açıkken davranışı,"Durak kapısı yayları kılavuzlanmış ve sıkıştırma ile çalışan tipten olmalı, kilidin açık olduğu anda yayların sarımları sıkışmış durumda olmamalı (birbirine değmemelidir)","A,C,D",Görsel + Ölçüm + Çizim/Hesap,null,Ölçülen değer,null,null,null,null,null,null,null,true,null,null,[],null,"Durak kapısı yayları kılavuzlanmış ve sıkıştırma ile çalışan tipten olmalı, kilidin açık olduğu anda yayların sarımları sıkışmış durumda olmamalı (birbirine değmemelidir)",ÜB.FR.38,R.04,11,145,"[""modul_g_tam""]",KABİN ÜSTÜ VE KUYU BOYU DEĞERLENDİRME KRİTERLERİ,Kapı ve kuyu duvarları
MAD-0186,186,02 - Kuyu Boyunca,81-20,Standart / ÜB.FR.38,5.3.3.2.1,Kapı panellerinin kılavuzlanması ve yerinde tutulması,"Durak ve kabin kapısı panellerinin normal çalışmada kılavuzlarından çıkmadığını, mekanik olarak sıkışmadığını ve yerinden ayrılmadığını görsel ve işlevsel olarak kontrol edin.","A,D",Görsel + Çizim/Hesap,null,null,null,null,null,null,null,null,null,true,null,null,[],null,"Durak/kabin kapıları raydan çıkma, mekanik sıkışma veya yerinden çıkmayı önlemeli",ÜB.FR.38,R.04,11,146,"[""modul_g_tam""]",KABİN ÜSTÜ VE KUYU BOYU DEĞERLENDİRME KRİTERLERİ,Kapı ve kuyu duvarları
MAD-0187,187,02 - Kuyu Boyunca,81-20,Standart / ÜB.FR.38,5.3.6.2.2.1 a,Kapı kapanma kinetik enerjisi,"Durak veya kabin kapısının ve kapıya rijit bağlı mekanik elemanların, ortalama kapanma hızındaki kinetik enerjisi 10 joule değerini aşmamalıdır.","A,B,C,D,E",Görsel + Test + Ölçüm + Çizim/Hesap + Talimat/İşaret,null,Ölçülen değer,null,null,null,null,null,null,null,true,null,null,[],null,Durak/kabin kapısının kinetik enerjisinin kapanma hızındaki değeri 10J’ü aşmamalı,ÜB.FR.38,R.04,11,147,"[""modul_g_tam""]",KABİN ÜSTÜ VE KUYU BOYU DEĞERLENDİRME KRİTERLERİ,Kapı ve kuyu duvarları
MAD-0188,188,02 - Kuyu Boyunca,81-20,Standart / ÜB.FR.38,5.3.8.2,Durak kapısı açıkken asansörün hareket etmemesi,"Seviyeleme, ön çalışma ve bypas durumlar hariç, durak kapısının açık olması durumunda, asansörü hareket ettirmek veya hareket halinde tutmak mümkün olmamalı","A,B,E",Görsel + Test + Talimat/İşaret,null,null,null,null,null,null,null,null,null,true,null,null,[],null,"Seviyeleme, ön çalışma ve bypas durumlar hariç, durak kapısının açık olması durumunda, asansörü hareket ettirmek veya hareket halinde tutmak mümkün olmamalı",ÜB.FR.38,R.04,11,148,"[""modul_g_tam""]",KABİN ÜSTÜ VE KUYU BOYU DEĞERLENDİRME KRİTERLERİ,Kapı ve kuyu duvarları
MAD-0189,189,02 - Kuyu Boyunca,81-20,Standart / ÜB.FR.38,5.3.9.1.1,Durak kapısı kilitlenmesinin kabin hareketinden önce sağlanması,"Seviyeleme, ön çalışma ve bypas durumlar hariç, durak kapısının kilitlenmesi, kabinin hareketinden önce olmalı. Kilitlenme, bir elektrikli güvenlik tertibatı ile sağlanmalı","A,B,E",Görsel + Test + Talimat/İşaret,null,null,null,null,null,null,null,null,null,true,null,null,[],null,"Seviyeleme, ön çalışma ve bypas durumlar hariç, durak kapısının kilitlenmesi, kabinin hareketinden önce olmalı. Kilitlenme, bir elektrikli güvenlik tertibatı ile sağlanmalı",ÜB.FR.38,R.04,11,149,"[""modul_g_tam""]",KABİN ÜSTÜ VE KUYU BOYU DEĞERLENDİRME KRİTERLERİ,Kapı ve kuyu duvarları
MAD-0190,190,02 - Kuyu Boyunca,81-20,Standart / ÜB.FR.38,5.3.9.1.6,Kapı açılma yönündeki kuvvetin kilitlenmeyi etkilememesi,Kapının açılma yönünde uygulanan 300N’luk bir kuvvet kilitlenme etkisini azaltmamalı,"A,B,E",Görsel + Test + Talimat/İşaret,null,null,null,null,null,null,null,null,null,true,null,null,[],null,Kapının açılma yönünde uygulanan 300N’luk bir kuvvet kilitlenme etkisini azaltmamalı,ÜB.FR.38,R.04,11,150,"[""modul_g_tam""]",KABİN ÜSTÜ VE KUYU BOYU DEĞERLENDİRME KRİTERLERİ,Kapı ve kuyu duvarları
MAD-0191,191,02 - Kuyu Boyunca,81-20,Standart / ÜB.FR.38,5.3.15.1,Kilit açılma bölgesinde kapının elle açılabilmesi,"Asansör kilit açılma bölgesinde durursa, 300N’dan daha az bir kuvvetle kabin içinden veya duraktan (üçgen anahtar ile), el ile kabin ve durak kapısını açmak mümkün olmalıdır.","A,B,D",Görsel + Test + Çizim/Hesap,null,null,null,null,null,null,null,null,null,true,null,null,[],null,"Asansör kilit açılma bölgesinde durursa, 300N’dan daha az bir kuvvetle kabin içinden veya duraktan (üçgen anahtar ile), el ile kabin ve durak kapısını açmak mümkün olmalıdır.",ÜB.FR.38,R.04,11,151,"[""modul_g_tam""]",KABİN ÜSTÜ VE KUYU BOYU DEĞERLENDİRME KRİTERLERİ,Kapı ve kuyu duvarları
MAD-0192,192,02 - Kuyu Boyunca,81-20,Standart / ÜB.FR.38,5.3.15.2,Kabin hareket halindeyken kapı açma kuvveti,"Kabin hareket ettiğinde, kabin içinden kapının açılması 50N’dan büyük bir kuvvetle olmalıdır.","A,B,D",Görsel + Test + Çizim/Hesap,null,null,null,null,null,null,null,null,null,true,null,null,[],null,"Kabin hareket ettiğinde, kabin içinden kapının açılması 50N’dan büyük bir kuvvetle olmalıdır.",ÜB.FR.38,R.04,11,152,"[""modul_g_tam""]",KABİN ÜSTÜ VE KUYU BOYU DEĞERLENDİRME KRİTERLERİ,Kapı ve kuyu duvarları
MAD-0193,193,02 - Kuyu Boyunca,81-20,Standart / ÜB.FR.38,5.3.15.2,Kilit açma bölgesi dışında kapının zorla açılmaya direnci,"Kabin kilit açma bölgesi dışında iken, kabin kapısını 1000 N bir kuvvet ile 50mm den daha fazla açmak mümkün olmamalı ve otomatik bir güç çalışması altında kapı açılmamalıdır.","A,B,D",Görsel + Test + Çizim/Hesap,null,null,null,null,null,null,null,null,null,true,null,null,[],null,"Kabin kilit açma bölgesi dışında iken, kabin kapısını 1000 N bir kuvvet ile 50mm den daha fazla açmak mümkün olmamalı ve otomatik bir güç çalışması altında kapı açılmamalıdır.",ÜB.FR.38,R.04,11,153,"[""modul_g_tam""]",KABİN ÜSTÜ VE KUYU BOYU DEĞERLENDİRME KRİTERLERİ,Kapı ve kuyu duvarları
MAD-0194,194,02 - Kuyu Boyunca,81-20,Standart / ÜB.FR.38,5.2.5.2.2.1,Tam kapalı kuyu duvarlarının bütünlüğü,"Tamamen kapalı kuyular deliksiz duvarlar, zemin ve tavan ile tamamen kapatılmış olmalıdır.","A,B,C,D,E",Görsel + Test + Ölçüm + Çizim/Hesap + Talimat/İşaret,null,Ölçülen değer,null,null,null,null,null,null,null,true,null,null,[],null,"Tamamen kapalı kuyular deliksiz duvarlar, zemin ve tavan ile tamamen kapatılmış olmalıdır.",ÜB.FR.38,R.04,11,154,"[""modul_g_tam""]",KABİN ÜSTÜ VE KUYU BOYU DEĞERLENDİRME KRİTERLERİ,Kapı ve kuyu duvarları
MAD-0195,195,02 - Kuyu Boyunca,81-20,Standart / ÜB.FR.38,5.2.5.3.1,Kuyu iç yüzeyi ile kabin eşiği arası yatay açıklık,"Kuyu iç yüzeyi ile kabin eşiği veya kabin kapısının çerçevesi veya sürgülü kapılarda kapanan kenar arasındaki yatay açıklık, kuyunun tam boyu 0,15 m’yi aşmamalı (0,5 m’yi aşmayan bir yükseklikte 0,2 m’ye kadar uzatılabilir, iki ardışık durak kapısı arasında bu tür girintiler birden fazla olmamalı)","A,B,D",Görsel + Test + Çizim/Hesap,null,null,null,null,null,null,null,null,null,true,null,null,[],null,"Kuyu iç yüzeyi ile kabin eşiği veya kabin kapısının çerçevesi veya sürgülü kapılarda kapanan kenar arasındaki yatay açıklık, kuyunun tam boyu 0,15 m’yi aşmamalı (0,5 m’yi aşmayan bir yükseklikte 0,2 m’ye kadar uzatılabilir, iki ardışık durak kapısı arasında bu tür girintiler birden fazla olmamalı)",ÜB.FR.38,R.04,11,155,"[""modul_g_tam""]",KABİN ÜSTÜ VE KUYU BOYU DEĞERLENDİRME KRİTERLERİ,Kapı ve kuyu duvarları
MAD-0196,196,02 - Kuyu Boyunca,81-20,Standart / ÜB.FR.38,5.2.5.2.2.2,Kuyu içindeki yatay çıkıntılarda üzerinde durmanın önlenmesi,"Bir kabin üst korkuluğu ile erişim engellenmediği sürece, bir duvardan kuyuya herhangi bir yatay çıkıntı veya ayırıcı kirişler dâhil, 0,15 m'den daha büyük olan yatay kiriş üzerinde bir kişinin ayakta durması engellenmelidir. Koruma tedbirleri aşağıdaki şekillerde olmalıdır: a) 0,15 m’den daha büyük olan çıkıntılar, yatayla en az 45° açı yapacak şekilde pahlanmalıdır veya b) yatayla asgari 45° eğimli bir yüzey oluşturan bir saptırıcı, herhangi bir noktasına dik açıyla uygulanan, dairesel veya kare kesitli 5 cm2lik bir yüzeye eşit olarak dağıtılmış 300 N’luk bir kuvvete,kalıcı bir deformasyon olmadan,15 mm’den daha büyük elastik deformasyon olmadan dayanabilmelidir.","A,B,C,D,E",Görsel + Test + Ölçüm + Çizim/Hesap + Talimat/İşaret,null,Ölçü 1,m,Ölçü 2,N,null,null,null,null,true,null,null,[],null,"Bir kabin üst korkuluğu ile erişim engellenmediği sürece, bir duvardan kuyuya herhangi bir yatay çıkıntı veya ayırıcı kirişler dâhil, 0,15 m'den daha büyük olan yatay kiriş üzerinde bir kişinin ayakta durması engellenmelidir. Koruma tedbirleri aşağıdaki şekillerde olmalıdır: a) 0,15 m’den daha büyük olan çıkıntılar, yatayla en az 45° açı yapacak şekilde pahlanmalıdır veya b) yatayla asgari 45° eğimli bir yüzey oluşturan bir saptırıcı, herhangi bir noktasına dik açıyla uygulanan, dairesel veya kare kesitli 5 cm2lik bir yüzeye eşit olarak dağıtılmış 300 N’luk bir kuvvete,kalıcı bir deformasyon olmadan,15 mm’den daha büyük elastik deformasyon olmadan dayanabilmelidir.",ÜB.FR.38,R.04,11,157,"[""modul_g_tam""]",KABİN ÜSTÜ VE KUYU BOYU DEĞERLENDİRME KRİTERLERİ,Kapı ve kuyu duvarları
MAD-0197,197,02 - Kuyu Boyunca,81-20,Standart / ÜB.FR.38,5.2.5.3.2,Durak kapısı etek sacının ölçüleri ve geometrisi,"Durak kapısı etek sacı (kilit açma bölgesinin en az yarısı+5cm uzunluk, giriş genişliği+en az 2,5cm her taraftan genişlik, en az 60° açı yapan sert pah, pahın izdüşümü en az 2cm)","A,B,C,D,E",Görsel + Test + Ölçüm + Çizim/Hesap + Talimat/İşaret,null,Ölçü 1,cm,Ölçü 2,cm,null,null,2.5,>=,true,null,null,[],null,"Durak kapısı etek sacı (kilit açma bölgesinin en az yarısı+5cm uzunluk, giriş genişliği+en az 2,5cm her taraftan genişlik, en az 60° açı yapan sert pah, pahın izdüşümü en az 2cm)",ÜB.FR.38,R.04,11,158,"[""modul_g_tam""]",KABİN ÜSTÜ VE KUYU BOYU DEĞERLENDİRME KRİTERLERİ,Kapı ve kuyu duvarları
MAD-0198,198,02 - Kuyu Boyunca,81-20,Standart / ÜB.FR.38,5.2.5.3.2,Durak kapısı giriş yüzeyinin mekanik dayanımı,"Bu yüzey metal levha gibi düzgün/sert malzemeden olmalı ve herhangi bir noktasında dikey olarak 5 cm²’lik yuvarlak/kare bir alana 300 N uygulandığında, kalıcı bir şekil değişikliği ve 15mm’den fazla elastik şekil değişikliği olmaksızın dayanabilmeli","A,C",Görsel + Ölçüm,null,Ölçü 1,N,Ölçü 2,mm,null,null,null,null,true,null,null,[],null,"Bu yüzey metal levha gibi düzgün/sert malzemeden olmalı ve herhangi bir noktasında dikey olarak 5 cm²’lik yuvarlak/kare bir alana 300 N uygulandığında, kalıcı bir şekil değişikliği ve 15mm’den fazla elastik şekil değişikliği olmaksızın dayanabilmeli",ÜB.FR.38,R.04,11,159,"[""modul_g_tam""]",KABİN ÜSTÜ VE KUYU BOYU DEĞERLENDİRME KRİTERLERİ,Kapı ve kuyu duvarları
MAD-0199,199,02 - Kuyu Boyunca,81-20,Standart / ÜB.FR.38,5.2.5.3.2,Durak kapısı giriş yüzeyindeki çıkıntı ve pahlar,"Çıkıntı varsa, 5mm'yi aşmamalı, 2mm’yi aşan çıkıntılar en az 75°’lik bir açıyla pahlanmalı","A,C",Görsel + Ölçüm,null,Ölçü 1,mm,Ölçü 2,mm,null,null,null,null,true,null,null,[],null,"Çıkıntı varsa, 5mm'yi aşmamalı, 2mm’yi aşan çıkıntılar en az 75°’lik bir açıyla pahlanmalı",ÜB.FR.38,R.04,11,160,"[""modul_g_tam""]",KABİN ÜSTÜ VE KUYU BOYU DEĞERLENDİRME KRİTERLERİ,Kapı ve kuyu duvarları
MAD-0200,200,02 - Kuyu Boyunca,81-20,Standart / ÜB.FR.38,5.2.5.1.1 - 5.2.5.1.2,Karşı ağırlık veya dengeleme ağırlığının kuyu içindeki konumu,Karşı ağırlık veya dengeleme ağırlığı kullanılmışsa bunun kabinle aynı kuyu içinde bulunduğunu doğrulayın. Bu bileşen yoksa maddeyi Aranmaz olarak değerlendirin.,"A,B,C,D,E",Görsel + Test + Ölçüm + Çizim/Hesap + Talimat/İşaret,null,Ölçülen değer,null,null,null,null,null,null,null,true,null,null,[],null,"Kuyuda bir veya daha fazla asansör kabini bulunabilir. Karşı ağırlık veya dengeleme ağırlığı, kabin ile aynı kuyuda bulunmalıdır.",ÜB.FR.38,R.04,11,161,"[""modul_g_tam""]",KABİN ÜSTÜ VE KUYU BOYU DEĞERLENDİRME KRİTERLERİ,Kapı ve kuyu duvarları
MAD-0201,201,02 - Kuyu Boyunca,81-20,Standart / ÜB.FR.38,5.2.1.8.1 5.2.1.8.2,Kuyu duvarlarının mekanik dayanımı,"Kuyu duvarının herhangi bir noktasına, kuyu içinden dışa veya dıştan içe doğru 300 mm × 300 mm alana eşit dağıtılmış 1000 N kuvvet uygulandığında kalıcı şekil değiştirme 1 mm, elastik şekil değiştirme 15 mm değerini aşmamalıdır. Teknik dosya ve saha durumunu birlikte doğrulayın.","A,B,C,D,E",Görsel + Test + Ölçüm + Çizim/Hesap + Talimat/İşaret,null,Ölçü 1,N,Ölçü 2,mm,null,null,1,<=,true,null,null,[],null,"Kuyu dayanımı (0,3x0,3)m’ye 1000N (azami 1mm kalıcı, 15mm elastik şekil bozukluğu)",ÜB.FR.38,R.04,11,162,"[""modul_g_tam""]",KABİN ÜSTÜ VE KUYU BOYU DEĞERLENDİRME KRİTERLERİ,Kapı ve kuyu duvarları
MAD-0202,202,02 - Kuyu Boyunca,81-20,Standart / ÜB.FR.38,5.2.1.1.1,Asansör donanımının kuyu ve makine alanlarında bulunması,"Tüm asansör donanımı, kuyu veya makina alanı/dairesi içerisine yerleştirilmeli","A,B,C,D,E",Görsel + Test + Ölçüm + Çizim/Hesap + Talimat/İşaret,null,Ölçülen değer,null,null,null,null,null,null,null,true,null,null,[],null,"Tüm asansör donanımı, kuyu veya makina alanı/dairesi içerisine yerleştirilmeli",ÜB.FR.38,R.04,11,163,"[""modul_g_tam""]",KABİN ÜSTÜ VE KUYU BOYU DEĞERLENDİRME KRİTERLERİ,Kapı ve kuyu duvarları
MAD-0203,203,02 - Kuyu Boyunca,81-20,Standart / ÜB.FR.38,5.2.1.2.1,Kuyuda asansör dışı teçhizat bulunmaması,Kuyu asansörden farklı amaç için teçhizat içermemeli (iklimlendirilmesi donanımı hariç),"A,B,C,D,E",Görsel + Test + Ölçüm + Çizim/Hesap + Talimat/İşaret,null,Ölçülen değer,null,null,null,null,null,null,null,true,null,null,[],null,Kuyu asansörden farklı amaç için teçhizat içermemeli (iklimlendirilmesi donanımı hariç),ÜB.FR.38,R.04,11,164,"[""modul_g_tam""]",KABİN ÜSTÜ VE KUYU BOYU DEĞERLENDİRME KRİTERLERİ,Kapı ve kuyu duvarları
MAD-0204,204,02 - Kuyu Boyunca,81-20,Standart / ÜB.FR.38,Yangın Yönetmeliği 62-1,Asansör kuyusunun yangın dayanımı,"Kuyu, yangına en az 60 dk. dayanıklı ve yanıcı olmayan malzemeden yapılmalı",A,Görsel,null,null,null,null,null,null,null,null,null,true,null,null,[],null,"Kuyu, yangına en az 60 dk. dayanıklı ve yanıcı olmayan malzemeden yapılmalı",ÜB.FR.38,R.04,11,165,"[""modul_g_tam""]",KABİN ÜSTÜ VE KUYU BOYU DEĞERLENDİRME KRİTERLERİ,Kapı ve kuyu duvarları
MAD-0205,205,02 - Kuyu Boyunca,81-20,Standart / ÜB.FR.38,5.2.1.4.1,"Aydınlatma elemanları, mekanik hasara karşı korunmuş olmalıdır","Aydınlatma elemanları, mekanik hasara karşı korunmuş olmalıdır.","A,B,C,D,E",Görsel + Test + Ölçüm + Çizim/Hesap + Talimat/İşaret,null,Ölçülen değer,null,null,null,null,MR,null,null,true,null,null,[],null,"Aydınlatma elemanları, mekanik hasara karşı korunmuş olmalıdır.",ÜB.FR.38,R.04,11,166,"[""modul_g_tam""]",KABİN ÜSTÜ VE KUYU BOYU DEĞERLENDİRME KRİTERLERİ,Kapı ve kuyu duvarları
MAD-0206,206,02 - Kuyu Boyunca,81-20,Standart / ÜB.FR.38,5.1.2,"Etiket, bildirim ve talimatların kalıcılığı ve dili","Tüm etiketler, bildirimler, işaretlemeler ve talimatlar kalıcı, sabitlenmiş, silinmez, okunaklı ve anlaşılır, dayanıklı malzemeden, görünür ve Türkçe yazılı olmalı,","A,E",Görsel + Talimat/İşaret,null,null,null,null,null,null,MR,null,null,true,null,null,[],null,"Tüm etiketler, bildirimler, işaretlemeler ve talimatlar kalıcı, sabitlenmiş, silinmez, okunaklı ve anlaşılır, dayanıklı malzemeden, görünür ve Türkçe yazılı olmalı,",ÜB.FR.38,R.04,11,167,"[""modul_g_tam""]",KABİN ÜSTÜ VE KUYU BOYU DEĞERLENDİRME KRİTERLERİ,Kapı ve kuyu duvarları
MAD-0207,207,02 - Kuyu Boyunca,81-20,Standart / ÜB.FR.38,5.4.7.6,Kabine sabitlenmiş kasnakların korunması,"Kabine sabitlenmiş kasnaklar varsa korumaya sahip olmalı (Şahıs yaralanması, halatın makaralardan çıkması, halat ve makara arasına cisimlerin girmesi)","A,C,D",Görsel + Ölçüm + Çizim/Hesap,null,Ölçülen değer,null,null,null,null,null,null,null,true,null,null,[],null,"Kabine sabitlenmiş kasnaklar varsa korumaya sahip olmalı (Şahıs yaralanması, halatın makaralardan çıkması, halat ve makara arasına cisimlerin girmesi)",ÜB.FR.38,R.04,11,168,"[""modul_g_tam""]",KABİN ÜSTÜ VE KUYU BOYU DEĞERLENDİRME KRİTERLERİ,Kapı ve kuyu duvarları
MAD-0208,208,02 - Kuyu Boyunca,81-20,Standart / ÜB.FR.38,5.12.1.8.3,Kapı kilidi bypass fonksiyonunun güvenli çalışma şartları,"BYPAS Fonksiyonu için aşağıdaki şartlar yerine getirilmeli; - Herhangi bir otomatik ve normal çalışma kumandaları tesirsiz hale getirilmeli, - Durak kapıları ve kilitleri, kabin kapısı ve kilidinin kontakları devre dışı kalmalı, - Kabin kapısı ve durak kapılarının aynı anda kontakları devre dışı kalmalı, - Müstakil bir izleme sinyali kapalı konumda kabin kapısının bulunduğunu tespit etmeli, - Elle kullanılan durak kapılarında, kapı kontakları ve kilitleri aynı anda devre dışı kalmalı, - Kabin hareketi, sadece muayene veya acil durum müdahalesinde mümkün olmalı, - Kabinde bir ses sinyali ve kabin altında yanıp sönen ışık, hareket sırasında aktif olmalı,Bu sesli uyarının ses seviyesi, kabin altında 1 m mesafede asgari 55 dB (A) olmalıdır.","A,B,C,D,E",Görsel + Test + Ölçüm + Çizim/Hesap + Talimat/İşaret,null,Ölçü 1,m,null,null,null,null,null,null,true,null,null,[],null,"BYPAS Fonksiyonu için aşağıdaki şartlar yerine getirilmeli; - Herhangi bir otomatik ve normal çalışma kumandaları tesirsiz hale getirilmeli, - Durak kapıları ve kilitleri, kabin kapısı ve kilidinin kontakları devre dışı kalmalı, - Kabin kapısı ve durak kapılarının aynı anda kontakları devre dışı kalmalı, - Müstakil bir izleme sinyali kapalı konumda kabin kapısının bulunduğunu tespit etmeli, - Elle kullanılan durak kapılarında, kapı kontakları ve kilitleri aynı anda devre dışı kalmalı, - Kabin hareketi, sadece muayene veya acil durum müdahalesinde mümkün olmalı, - Kabinde bir ses sinyali ve kabin altında yanıp sönen ışık, hareket sırasında aktif olmalı,Bu sesli uyarının ses seviyesi, kabin altında 1 m mesafede asgari 55 dB (A) olmalıdır.",ÜB.FR.38,R.04,11,169,"[""modul_g_tam""]",KABİN ÜSTÜ VE KUYU BOYU DEĞERLENDİRME KRİTERLERİ,Kapı ve kuyu duvarları
MAD-0209,209,02 - Kuyu Boyunca,81-20,Standart / ÜB.FR.38,Yangın Yön. M.53- (8),Yangın anında asansörün kullanmaması yönünde uyarı işareti,"Asansörün yanına, tüm duraklardan görülebilecek şekilde en az 50 mm boyutunda 'Yangın anında asansörü kullanmayınız' yasak işaretinin (EN ISO 7010 P020) yerleştirildiğini kontrol edin.","A,E",Görsel + Talimat/İşaret,null,null,null,null,null,null,null,null,null,true,null,null,[],null,Yangın anında asansörün kullanmaması yönünde uyarı işareti,ÜB.FR.38,R.04,11,170,"[""modul_g_tam""]",KABİN ÜSTÜ VE KUYU BOYU DEĞERLENDİRME KRİTERLERİ,Kapı ve kuyu duvarları
MAD-0210,210,02 - Kuyu Boyunca,81-20,Standart / ÜB.FR.38,5.3.7.1,Durak kapısı önü aydınlatması,Durak kapıları döşeme seviyesinde aydınlatma en az 50 lüks olmalıdır.,"A,B,C,E",Görsel + Test + Ölçüm + Talimat/İşaret,null,Ölçü 1,lüks,null,null,null,null,50,>=,true,null,null,[],null,Durak kapıları döşeme seviyesinde aydınlatma en az 50 lüks olmalıdır.,ÜB.FR.38,R.04,11,171,"[""modul_g_tam""]",KABİN ÜSTÜ VE KUYU BOYU DEĞERLENDİRME KRİTERLERİ,Kapı ve kuyu duvarları
MAD-0211,211,02 - Kuyu Boyunca,81-20,Standart / ÜB.FR.38,5.3.2.1,"Durak kapılarının serbest yükseklikleri en az 2,0 m olmalıdır","Durak kapılarının serbest yükseklikleri en az 2,0 m olmalıdır.","C,D",Ölçüm + Çizim/Hesap,null,Ölçü 1,m,null,null,null,null,2,>=,true,null,null,[],null,"Durak kapılarının serbest yükseklikleri en az 2,0 m olmalıdır.",ÜB.FR.38,R.04,11,172,"[""modul_g_tam""]",KABİN ÜSTÜ VE KUYU BOYU DEĞERLENDİRME KRİTERLERİ,Kapı ve kuyu duvarları
MAD-0212,212,02 - Kuyu Boyunca,81-20,Standart / ÜB.FR.38,5.3.2.2,Durak kapısı girişinin kabin girişine göre genişliği,"Durak kapılarının girişi, kabin girişine ilave her taraftan 50 mm’den fazla genişletilmemelidir.","C,D",Ölçüm + Çizim/Hesap,null,Ölçü 1,mm,null,null,null,null,null,null,true,null,null,[],null,"Durak kapılarının girişi, kabin girişine ilave her taraftan 50 mm’den fazla genişletilmemelidir.",ÜB.FR.38,R.04,11,173,"[""modul_g_tam""]",KABİN ÜSTÜ VE KUYU BOYU DEĞERLENDİRME KRİTERLERİ,Kapı ve kuyu duvarları
MAD-0213,213,02 - Kuyu Boyunca,81-20,Standart / ÜB.FR.38,"5.3.9.3.1,2,3",Durak kapısı acil kilit açma tertibatının konumu ve erişimi,"Durak kapıları için acil durum kilit açma tertibatı (üçgen anahtar) Kilit açma üçgeninin konumu, kapı paneli veya çerçevesi üzerinde olabilir. Düşey bir düzlemdeyken, kapı paneli veya çerçevesi üzerinde, kilit açma üçgeninin konumu, sahanlığın üzerinde 2,00 m yüksekliği aşmamalıdır. Eğer kilit açma üçgeni çerçeve üzerinde ve anahtar deliği yatay düzlemde aşağı doğru ise, kilit açma üçgeninin azami yüksekliği, durak zemininden 2,70 m olmalıdır. Acil durum kilit açma anahtarının uzunluğu en az, kapı yüksekliğinden 2,0 m eksiltilerek bulunan yüksekliğe eşit olmalıdır. Acil durum kilit açma anahtarının 0,20 m'den daha uzun olduğu yerlerde bu anahtar, özel bir alet olarak değerlendirilir ve kurulum yerinde hazır bulunmalıdır.",A,Görsel,null,null,null,null,null,null,null,null,null,true,null,null,[],null,"Durak kapıları için acil durum kilit açma tertibatı (üçgen anahtar) Kilit açma üçgeninin konumu, kapı paneli veya çerçevesi üzerinde olabilir. Düşey bir düzlemdeyken, kapı paneli veya çerçevesi üzerinde, kilit açma üçgeninin konumu, sahanlığın üzerinde 2,00 m yüksekliği aşmamalıdır. Eğer kilit açma üçgeni çerçeve üzerinde ve anahtar deliği yatay düzlemde aşağı doğru ise, kilit açma üçgeninin azami yüksekliği, durak zemininden 2,70 m olmalıdır. Acil durum kilit açma anahtarının uzunluğu en az, kapı yüksekliğinden 2,0 m eksiltilerek bulunan yüksekliğe eşit olmalıdır. Acil durum kilit açma anahtarının 0,20 m'den daha uzun olduğu yerlerde bu anahtar, özel bir alet olarak değerlendirilir ve kurulum yerinde hazır bulunmalıdır.",ÜB.FR.38,R.04,11,174,"[""modul_g_tam""]",KABİN ÜSTÜ VE KUYU BOYU DEĞERLENDİRME KRİTERLERİ,Kapı ve kuyu duvarları
MAD-0214,214,02 - Kuyu Boyunca,81-1/2+A3,Standart / ÜB.FR.39,"7.6.1 | ZA: 1.2.3, 2.1","Kabin Kapısı, Durak Kapıları ve Katlar",Durak kapıları civarında yerel aydınlatma (En az 50 lüks),"A,C",Görsel + Ölçüm,null,lüks,null,null,null,null,null,50,>=,true,null,null,[],null,Durak kapıları civarında yerel aydınlatma (En az 50 lüks),ÜB.FR.39,R.02,12,24,"[""modul_g_tam""]",null,null
MAD-0215,215,02 - Kuyu Boyunca,81-1/2+A3,Standart / ÜB.FR.39,Yangın Yön. M.53- (8) | ZA: 1.5.6,"Kabin Kapısı, Durak Kapıları ve Katlar",Yangın anında asansörün kullanmaması yönünde uyarı işareti,"A,E",Görsel + Talimat/İşaret,null,null,null,null,null,null,null,null,null,true,null,null,[],null,Yangın anında asansörün kullanmaması yönünde uyarı işareti,ÜB.FR.39,R.02,12,25,"[""modul_g_tam""]",null,null
MAD-0216,216,02 - Kuyu Boyunca,81-1/2+A3,Standart / ÜB.FR.39,"7.7.3.2 Ek-I, 2.1 | ZA: 2.1","Kabin Kapısı, Durak Kapıları ve Katlar",Durak kapıları için acil durum kilit açma tertibatı (üçgen anahtar),"A,B,C",Görsel + Test + Ölçüm,null,Ölçülen değer,null,null,null,null,null,null,null,true,null,null,[],null,Durak kapıları için acil durum kilit açma tertibatı (üçgen anahtar),ÜB.FR.39,R.02,12,26,"[""modul_g_tam""]",null,null
MAD-0217,217,02 - Kuyu Boyunca,81-1/2+A3,Standart / ÜB.FR.39,"7.7.4.1 Ek-I, 2.1 ve 2.3 | ZA: 2.1, 2.3","Kabin Kapısı, Durak Kapıları ve Katlar",Durak kapılarının kapalı olduğunun elektriksel olarak denetlenmesi,"A,B",Görsel + Test,null,null,null,null,null,null,null,null,null,true,null,null,[],null,Durak kapılarının kapalı olduğunun elektriksel olarak denetlenmesi,ÜB.FR.39,R.02,12,27,"[""modul_g_tam""]",null,null
MAD-0218,218,02 - Kuyu Boyunca,81-1/2+A3,Standart / ÜB.FR.39,"Ek-I, 2.3 | ZA: 2.3","Kabin Kapısı, Durak Kapıları ve Katlar",Kabin kat seviyesi dışında iken durak kapılarının açılmasını önlemeli (seviyeleme hariç),"A,B",Görsel + Test,null,null,null,null,null,null,null,null,null,true,null,null,[],null,Kabin kat seviyesi dışında iken durak kapılarının açılmasını önlemeli (seviyeleme hariç),ÜB.FR.39,R.02,12,28,"[""modul_g_tam""]",null,null
MAD-0219,219,02 - Kuyu Boyunca,81-1/2+A3,Standart / ÜB.FR.39,7.7.3.1.7 | ZA: 2.1,"Kabin Kapısı, Durak Kapıları ve Katlar",Kapıların otomatik kapanıp kilitlenmesi (yayların sarımları birbirine değmemeli),"A,B",Görsel + Test,null,null,null,null,null,null,null,null,null,true,null,null,[],null,Kapıların otomatik kapanıp kilitlenmesi (yayların sarımları birbirine değmemeli),ÜB.FR.39,R.02,12,29,"[""modul_g_tam""]",null,null
MAD-0220,220,02 - Kuyu Boyunca,81-1/2+A3,Standart / ÜB.FR.39,7.6.2 | ZA: 2.1,"Kabin Kapısı, Durak Kapıları ve Katlar","Elle açılan durak kapıları kullanılmışsa kabin “katta” sinyali veya kapı penceresi; - Kalınlık en az 6 mm, mekanik dayanıklılık (temperli cam vs.) - Her durak kapısında en az 0,015 m² pencere alanı, her bir pencerede en az 0,01 m² - Pencere genişliği en az 60 mm, en fazla 150 mm - Genişlik 80 mm’den fazla ise, pencerenin alt kenarı döşemeden en az 1 m yukarıda.","A,C",Görsel + Ölçüm,null,Pencere boyutları,null,x,null,null,null,null,null,true,null,null,[],null,"Elle açılan durak kapıları kullanılmışsa kabin “katta” sinyali veya kapı penceresi; - Kalınlık en az 6 mm, mekanik dayanıklılık (temperli cam vs.) - Her durak kapısında en az 0,015 m² pencere alanı, her bir pencerede en az 0,01 m² - Pencere genişliği en az 60 mm, en fazla 150 mm - Genişlik 80 mm’den fazla ise, pencerenin alt kenarı döşemeden en az 1 m yukarıda.",ÜB.FR.39,R.02,12,30,"[""modul_g_tam""]",null,null
MAD-0221,221,02 - Kuyu Boyunca,81-1/2+A3,Standart / ÜB.FR.39,12.12 | ZA: 4.2,"Kabin Kapısı, Durak Kapıları ve Katlar",Kabinin katta durma hassasiyeti ± 10 mm,"A,C",Görsel + Ölçüm,null,Katta Durma Mesafesi,null,null,null,null,null,null,null,true,null,null,[],null,Kabinin katta durma hassasiyeti ± 10 mm,ÜB.FR.39,R.02,12,31,"[""modul_g_tam""]",null,null
MAD-0222,222,02 - Kuyu Boyunca,81-1/2+A3,Standart / ÜB.FR.39,7.1 | ZA: 1.2.1,"Kabin Kapısı, Durak Kapıları ve Katlar","Kapıların panelleri arasındaki açıklıklar (En fazla 6 mm, aşınma varsa en fazla 10 mm)","A,C",Görsel + Ölçüm,null,Paneller Arası Açıklık,null,null,null,null,null,6,<=,true,null,null,[],null,"Kapıların panelleri arasındaki açıklıklar (En fazla 6 mm, aşınma varsa en fazla 10 mm)",ÜB.FR.39,R.02,12,32,"[""modul_g_tam""]",null,null
MAD-0223,223,02 - Kuyu Boyunca,81-1/2+A3,Standart / ÜB.FR.39,11.2.2 | ZA: 4.2,"Kabin Kapısı, Durak Kapıları ve Katlar",Kabin eşiği ile durak kapısı eşiği arasındaki yatay açıklık (En fazla 35 mm),"A,C",Görsel + Ölçüm,null,yatay açıklık,null,null,null,null,null,35,<=,true,null,null,[],null,Kabin eşiği ile durak kapısı eşiği arasındaki yatay açıklık (En fazla 35 mm),ÜB.FR.39,R.02,12,33,"[""modul_g_tam""]",null,null
MAD-0224,224,02 - Kuyu Boyunca,81-1/2+A3,Standart / ÜB.FR.39,7.8 | ZA: 1.4,"Kabin Kapısı, Durak Kapıları ve Katlar",Otomatik çalışan durak kapılarının gerekli süre sonunda kapanması,"A,B",Görsel + Test,null,null,null,null,null,null,null,null,null,true,null,null,[],null,Otomatik çalışan durak kapılarının gerekli süre sonunda kapanması,ÜB.FR.39,R.02,12,34,"[""modul_g_tam""]",null,null
MAD-0225,225,02 - Kuyu Boyunca,81-1/2+A3,Standart / ÜB.FR.39,"7.5.2.1.1.3 | ZA: 1.4, 2.1","Kabin Kapısı, Durak Kapıları ve Katlar",Makine gücü ile otomatik çalışan kapılarda koruma tertibatı “Basınç Kontağı / Fotosel”,"A,B",Görsel + Test,null,null,null,null,null,null,null,null,null,true,null,null,[],null,Makine gücü ile otomatik çalışan kapılarda koruma tertibatı “Basınç Kontağı / Fotosel”,ÜB.FR.39,R.02,12,35,"[""modul_g_tam""]",null,null
MAD-0226,226,02 - Kuyu Boyunca,81-1/2+A3,Standart / ÜB.FR.39,"7.5.2.1.1.1 Ek-I, 4.1 | ZA: 4.1","Kabin Kapısı, Durak Kapıları ve Katlar",Otomatik çalışan kapılarda kapanmaması için gereken kuvvet (En fazla 150 N),"A,C",Görsel + Ölçüm,null,N,null,null,null,null,null,150,<=,true,null,null,[],null,Otomatik çalışan kapılarda kapanmaması için gereken kuvvet (En fazla 150 N),ÜB.FR.39,R.02,12,36,"[""modul_g_tam""]",null,null
MAD-0227,227,02 - Kuyu Boyunca,81-1/2+A3,Standart / ÜB.FR.39,"7.1 Ek-I, 2.1 | ZA: 2.1","Kabin Kapısı, Durak Kapıları ve Katlar",Yüzeyleri deliksiz olan durak kapıları,A,Görsel,null,null,null,null,null,null,null,null,null,true,null,null,[],null,Yüzeyleri deliksiz olan durak kapıları,ÜB.FR.39,R.02,12,37,"[""modul_g_tam""]",null,null
MAD-0228,228,02 - Kuyu Boyunca,81-1/2+A3,Standart / ÜB.FR.39,"7.2.2/Yan. Y. M.53 Ek-I, 2.3/4.2 | ZA: 2.3, 4.2","Kabin Kapısı, Durak Kapıları ve Katlar","Kapı mekanik dayanımı / yangına karşı dayanıklılık (E30 < yapı yüksekliği 51,5 m ≤ E60)","A,C,E",Görsel + Ölçüm + Talimat/İşaret,null,E,null,Yapı yüksekliği,null,null,null,null,null,true,null,null,[],null,"Kapı mekanik dayanımı / yangına karşı dayanıklılık (E30 < yapı yüksekliği 51,5 m ≤ E60)",ÜB.FR.39,R.02,12,38,"[""modul_g_tam""]",null,null
MAD-0229,229,02 - Kuyu Boyunca,81-1/2+A3,Standart / ÜB.FR.39,7.3.1 | ZA: 2.1,"Kabin Kapısı, Durak Kapıları ve Katlar",Kabin ve durak kapılarının; (serbest yükseklik en az 2 m),"A,C",Görsel + Ölçüm,null,Yükseklik,null,null,null,null,null,2,>=,true,null,null,[],null,Kabin ve durak kapılarının; (serbest yükseklik en az 2 m),ÜB.FR.39,R.02,12,39,"[""modul_g_tam""]",null,null
MAD-0230,230,02 - Kuyu Boyunca,81-1/2+A3,Standart / ÜB.FR.39,"5.2.2.1.2 | ZA: 1.2.1, 4.2","Kabin Kapısı, Durak Kapıları ve Katlar","Komşu durak kapıları eşikleri arasındaki yatay mesafe > 11 m ise, ara acil durum kapıları veya acil durum kapılarıyla donatılmış birbirine komşu (ardışık) kabinler olmalı.","A,C",Görsel + Ölçüm,null,Ölçülen değer,null,null,null,null,null,null,null,true,null,null,[],null,"Komşu durak kapıları eşikleri arasındaki yatay mesafe > 11 m ise, ara acil durum kapıları veya acil durum kapılarıyla donatılmış birbirine komşu (ardışık) kabinler olmalı.",ÜB.FR.39,R.02,12,40,"[""modul_g_tam""]",null,null
MAD-0231,231,02 - Kuyu Boyunca,81-1/2+A3,Standart / ÜB.FR.39,15.5.3 | ZA: 4.2,"Kabin Kapısı, Durak Kapıları ve Katlar","Yük asansörlerinde durağın yükleme alanından görülebilen, beyan yükü etiketi","A,E",Görsel + Talimat/İşaret,null,null,null,null,null,null,null,null,null,true,null,null,[],null,"Yük asansörlerinde durağın yükleme alanından görülebilen, beyan yükü etiketi",ÜB.FR.39,R.02,12,41,"[""modul_g_tam""]",null,null
MAD-0232,232,02 - Kuyu Boyunca,81-1/2+A3,Standart / ÜB.FR.39,"📘 Kısa Teknik Açıklamalar 1.2.1 / 1.2.3 → Kat kapılarında erişim, açıklık ve hareket güvenliği; kullanıcıya sıkışma riski olmaması. 2.1 / 2.3 → Kilitlenme, kapı açılma-kapanma güvenliği, kilit kontaklarının konum güvenliği. 1.4 → Hareketli kapı bileşenlerinden düşme veya çarpma riskine karşı koruma. 1.5.6 → Yangın sırasında duman ve alev geçişinin engellenmesi (Yangın Yön. M.53). 4.1 → Kabin içi ve dışı kullanıcı güvenliği; sıkışma ve kenetleme riskleri. 4.2 → Bakım ve muayene personeli için kuyu erişim noktalarında çalışma güvenliği. | ZA: 📘 Kısa Teknik Açıklamalar 1.2.1 / 1.2.3 → Kat kapılarında erişim, açıklık ve hareket güvenliği; kullanıcıya sıkışma riski olmaması. 2.1 / 2.3 → Kilitlenme, kapı açılma-kapanma güvenliği, kilit kontaklarının konum güvenliği. 1.4 → Hareketli kapı bileşenlerinden düşme veya çarpma riskine karşı koruma. 1.5.6 → Yangın sırasında duman ve alev geçişinin engellenmesi (Yangın Yön. M.53). 4.1 → Kabin içi ve dışı kullanıcı güvenliği; sıkışma ve kenetleme riskleri. 4.2 → Bakım ve muayene personeli için kuyu erişim noktalarında çalışma güvenliği.","Kabin Kapısı, Durak Kapıları ve Katlar","📘 Kısa Teknik Açıklamalar 1.2.1 / 1.2.3 → Kat kapılarında erişim, açıklık ve hareket güvenliği; kullanıcıya sıkışma riski olmaması. 2.1 / 2.3 → Kilitlenme, kapı açılma-kapanma güvenliği, kilit kontaklarının konum güvenliği. 1.4 → Hareketli kapı bileşenlerinden düşme veya çarpma riskine karşı koruma. 1.5.6 → Yangın sırasında duman ve alev geçişinin engellenmesi (Yangın Yön. M.53). 4.1 → Kabin içi ve dışı kullanıcı güvenliği; sıkışma ve kenetleme riskleri. 4.2 → Bakım ve muayene personeli için kuyu erişim noktalarında çalışma güvenliği.","📘KısaTeknikAçıklamalar1.2.1/1.2.3→Katkapılarındaerişim,açıklıkvehareketgüvenliği;kullanıcıyasıkışmariskiolmaması.2.1/2.3→Kilitlenme,kapıaçılma-kapanmagüvenliği,kilitkontaklarınınkonumgüvenliği.1.4→Hareketlikapıbileşenlerindendüşmeveyaçarpmariskinekarşıkoruma.1.5.6→Yangınsırasındadumanvealevgeçişininengellenmesi(YangınYön.M.53).4.1→Kabiniçivedışıkullanıcıgüvenliği;sıkışmavekenetlemeriskleri.4.2→Bakımvemuayenepersoneliiçinkuyuerişimnoktalarındaçalışmagüvenliği.",null,null,null,null,null,null,null,null,null,null,false,null,null,[],null,null,null,null,null,null,"[""modul_g_tam""]",null,null
MAD-0233,233,02 - Kuyu Boyunca,81-1/2+A3,Standart / ÜB.FR.39,10.5.2.3 | ZA: 1.2.1 4.2,Sınır güvenlik kesicileri,Sınır güvenlik kesicilerinin doğrudan kabin tarafından veya kabine bağlı dolaylı olarak çalıştığını kontrol edin.,"A,B",Görsel + Test,null,null,null,null,null,null,null,null,null,true,null,null,[],null,Sınır güvenlik kesicileri (doğrudan kabin tarafından veya kabine bağlı dolaylı olarak),ÜB.FR.39,R.02,null,null,"[""modul_g_tam""]",null,null
MAD-0234,234,02 - Kuyu Boyunca,81-1/2+A3,Standart / ÜB.FR.39,Yangın Yön. M.62- (4) | ZA: 1.5.6,Kuyu havalandırma açıklığı ölçüsü,"Kuyu havalandırma açıklığının en az 0,1 m² olmak üzere kuyu alanının 0,025 katı kadar olduğunu ölçün.","A,C",Görsel + Ölçüm,null,Ölçülen değer,null,null,null,null,null,0.1,>=,true,null,null,[],null,"Kuyu havalandırması (en az 0,1 m2 olmak üzere kuyu alanının 0,025 katı kadar)",ÜB.FR.39,R.02,null,null,"[""modul_g_tam""]",null,null
MAD-0235,235,02 - Kuyu Boyunca,81-1/2+A3,Standart / ÜB.FR.39,5.7.1.1 a | ZA: 1.2.1 4.2,Kabin ray uzunluğu,"Kabin ray uzunluğunun en az 0,1 + 0,035v² m olduğunu ölçün.","A,C",Görsel + Ölçüm,null,Ölçülen değer,null,null,null,null,null,null,null,true,null,null,[],null,"Kabin ray uzunluğu (en az 0,1 + 0,035.v2 m)",ÜB.FR.39,R.02,null,null,"[""modul_g_tam""]",null,null
MAD-0236,236,02 - Kuyu Boyunca,81-1/2+A3,Standart / ÜB.FR.39,5.7.1.1 b | ZA: 1.2.1 4.2,Kabin üstü-kuyu tavanı mesafesi,"Kabin üstü ile kuyu tavanı arasındaki mesafenin en az 1,0 + 0,035v² m olduğunu ölçün.","A,C",Görsel + Ölçüm,null,Ölçülen değer,null,null,null,null,null,null,null,true,null,null,[],null,"Kabin üstünün kuyu tavanı arasındaki mesafe (en az 1,0 + 0,035 v² m)",ÜB.FR.39,R.02,null,null,"[""modul_g_tam""]",null,null
MAD-0237,237,02 - Kuyu Boyunca,81-1/2+A3,Standart / ÜB.FR.39,5.7.1.1 c | ZA: 1.2.1 4.2,Kabin üstü teçhizat ve kuyu tavanı arası mesafeler,"Kabin üstündeki en yüksek teçhizat ile kuyu tavanı arasının en az 0,3+0,035v² m, patenler/makaralar/halat bağlantıları/kabin üstü siperi/kapı başlık parçaları ile kuyu tavanı arasının en az 0,1+0,035v² m olduğunu ölçün.","A,C",Görsel + Ölçüm,null,Ölçülen değer,null,null,null,null,null,null,null,true,null,null,[],null,"Kabin üstündeki en yüksek teçhizat ile kuyu tavanı arasında en az 0,3 + 0,035 v² m - Patenler, makaralar, halat bağlantıları, kabin üstü siperi ve kapı başlık parçalarının kuyu tavanı arası en az 0,1 + 0,035 v² m",ÜB.FR.39,R.02,null,null,"[""modul_g_tam""]",null,null
MAD-0238,238,02 - Kuyu Boyunca,81-1/2+A3,Standart / ÜB.FR.39,"5.7.1.1 d Ek-I, 2.2 | ZA: 2.2",Kuyu üstü sığınma boşluğu ölçüleri,"Kuyu üstünde en az 0,5x0,6x0,8 m sığınma boşluğu bulunduğunu ve bu boşlukta halat/bağlantı merkezinin düşey yüzeylerden 0,15 m'den fazla uzakta olmadığını kontrol edin.","A,C",Görsel + Ölçüm,null,üst güvenlik alanı ölçüleri,null,null,null,null,null,null,null,true,null,null,[],null,"En az 0,5 x 0,6 x 0,8 m sığınma boşluğu (halat ve bağlantıları bu boşlukta yer alıyorsa halatların merkezi bloğun düşey yüzeylerin 0,15 m'den daha fazlasında olmamalı)",ÜB.FR.39,R.02,null,null,"[""modul_g_tam""]",null,null
MAD-0239,239,02 - Kuyu Boyunca,81-1/2+A3,Standart / ÜB.FR.39,"Ek-I, 2.2 | ZA: 2.2",Sığınma boşluğu sağlanamayan durumlarda alternatif önlem,Sığınma boşluğu sağlanamıyorsa (özellikle mevcut binalarda) TS EN 81-21'e göre alternatif risk önleme yönteminin uygulandığını kontrol edin.,A,Görsel,null,null,null,null,null,null,null,null,null,true,null,null,[],null,Bu sığınma boşluğu sağlanmıyor ise (özellikle mevcut binalarda) riskin önlenmesi için farklı uygulanabilir yöntemler kullanılabilir. (bkz. TS EN 81-21),ÜB.FR.39,R.02,null,null,"[""modul_g_tam""]",null,null
MAD-0240,240,02 - Kuyu Boyunca,81-1/2+A3,Standart / ÜB.FR.39,5.7.1.2 | ZA: 1.2.1 4.2,Karşı ağırlık ray uzunluğu,"Karşı ağırlık ray uzunluğunun en az 0,1 + 0,035v² m olduğunu ölçün.","A,C",Görsel + Ölçüm,null,Ölçülen değer,null,null,null,null,null,null,null,true,null,null,[],null,"Karşı ağırlık ray uzunluğu (en az 0,1 + 0,035 v2 m)",ÜB.FR.39,R.02,null,null,"[""modul_g_tam""]",null,null
MAD-0241,241,02 - Kuyu Boyunca,81-1/2+A3,Standart / ÜB.FR.39,5.9 | ZA: 1.6 4.2,Kuyu üstü aydınlatma seviyesi,"Kuyu aydınlatmasının kabin üstünden 1 m'de en az 50 lüks olduğunu ve en yakın lambanın tavandan en fazla 0,5 m uzaklıkta olduğunu ölçün.","A,C",Görsel + Ölçüm,null,lüks,null,null,null,null,null,null,null,true,null,null,[],null,"Kuyu aydınlatması (kabin üstü 1m'de en az 50 lüks, tavandan en fazla 0,5 m)",ÜB.FR.39,R.02,null,null,"[""modul_g_tam""]",null,null
MAD-0242,242,02 - Kuyu Boyunca,81-1/2+A3,Standart / ÜB.FR.39,13.5.1.3/13.5.3.5/13.5.2 | ZA: 1.6 4.2,Kuyu içi elektrik tesisatı kesit ve montaj şartı,"İletkenlerin kesit alanının en az 0,75 mm² olduğunu, boru/kanal içinde tesis edildiğini ve kablo uçlarının cihaz içine sokulduğunu veya uygun rakorla sonlandırıldığını kontrol edin.","A,C",Görsel + Ölçüm,null,Ölçülen değer,null,null,null,null,null,0.75,>=,true,null,null,[],null,"İletkenlerin kesit alanı en az 0,75 mm², boru / kanal içinde olması, kablo uçları cihazların içine kadar sokulmalı veya uygun bir rakor içinde son bulmalı",ÜB.FR.39,R.02,null,null,"[""modul_g_tam""]",null,null
MAD-0243,243,02 - Kuyu Boyunca,81-1/2+A3,Standart / ÜB.FR.39,"7.7.3.1.1 / Ek-I, 2.3 | ZA: 2.3",Durak kapısı kilitleme tertibatı derinliği ve topraklaması,Durak kapısı kilit dilinin yuvasına en az 7 mm girdiğini ve topraklama sürekliliğinin sağlandığını kontrol edin.,"A,C",Görsel + Ölçüm,null,Ölçülen değer,null,null,null,null,null,null,null,true,null,null,[],null,"Durak kapı kilitleme tertibatı (kilit dilinin yuvasına 7 mm girmesi, topraklama sürekliliği)",ÜB.FR.39,R.02,null,null,"[""modul_g_tam""]",null,null
MAD-0244,244,02 - Kuyu Boyunca,81-1/2+A3,Standart / ÜB.FR.39,5.4.3 | ZA: 1.4,Durak kapıları etek sacı ölçü ve dayanımı,"Durak kapıları etek sacının ölçülerini (kilit açılma bölgesi yarı uzunluğu+5 cm, kabin giriş genişliği her iki yandan+en az 2,5 cm), sert metal kaplamasını, 5 cm²'ye 300 N'da kalıcı deformasyon olmadığını, 1 cm'den fazla esnemediğini ve en az 60° açı + 2 cm sert pah bulunduğunu kontrol edin.","A,C",Görsel + Ölçüm,null,Ölçülen değer,null,null,null,null,null,2.5,>=,true,null,null,[],null,"Durak kapıları etek sacı (kilit açılma bölgesinin yarı uzunluğu+5 cm, kabin giriş genişliği her iki yandan+en az 2,5 cm, metal düzgün sert kaplama, 5cm2 300N'da kalıcı şekil değişikliği olmamalı, 1 cm'den fazla esnememeli, en az 60º açı ve 2 cm sert bir pah",ÜB.FR.39,R.02,null,null,"[""modul_g_tam""]",null,null
MAD-0245,245,02 - Kuyu Boyunca,81-1/2+A3,Standart / ÜB.FR.39,7.7.1 | ZA: 2.1,Kilit açılma bölgesi ölçüleri,"Kilit açılma bölgesinin durak seviyesinin en fazla 0,2 m altı/üstü (tam otomatik kapılarda 0,35 m altı/üstü) olduğunu ölçün.","A,C",Görsel + Ölçüm,null,Ölçülen değer,null,null,null,null,null,0.2,<=,true,null,null,[],null,"Kilit açılma bölgesi, durak seviyesinin en fazla 0,2 m altı ve 0,2 m üstü, tam otomatik asansörler kapılarında durak seviyesinin en fazla 0,35 m altı ve 0,35 m üstü",ÜB.FR.39,R.02,null,null,"[""modul_g_tam""]",null,null
MAD-0246,246,02 - Kuyu Boyunca,81-1/2+A3,Standart / ÜB.FR.39,"11.3 Ek-I, 4.3 | ZA: 4.3",Kabin-karşı ağırlık arası açıklık,Kabin ile karşı ağırlık veya dengeleme ağırlığı arasındaki açıklığın en az 50 mm olduğunu ölçün.,"A,C",Görsel + Ölçüm,null,mm,null,null,null,null,null,50,>=,true,null,null,[],null,Kabin ile karşı ağırlık veya dengeleme ağırlığı arasındaki açıklık (en az 50 mm),ÜB.FR.39,R.02,null,null,"[""modul_g_tam""]",null,null
MAD-0247,247,02 - Kuyu Boyunca,81-1/2+A3,Standart / ÜB.FR.39,"8.18.1 Ek-I, 4.3 | ZA: 4.3",Karşı ağırlık/dengeleme ağırlığı bloklarının sabitliği,Karşı ağırlık ve dengeleme ağırlığı bloklarının yerinden çıkmasının engellendiğini kontrol edin.,A,Görsel,null,null,null,null,null,null,null,null,null,true,null,null,[],null,Karşı ağırlık ve dengeleme ağırlığı (blokların yerinden çıkmasının engellenmesi),ÜB.FR.39,R.02,null,null,"[""modul_g_tam""]",null,null
MAD-0248,248,02 - Kuyu Boyunca,81-1/2+A3,Standart / ÜB.FR.39,5.4.2 | ZA: 1.4,Kabin girişi karşısındaki kuyu duvarı yüzeyi,"Kabin girişine bakan kuyu duvarının, kapı genişliği boyunca kesintisiz bir yüzey oluşturduğunu kontrol edin.",A,Görsel,null,null,null,null,null,null,null,null,null,true,null,null,[],null,"Kabin girişine bakan kuyu duvarının, kapının genişliği boyunca kesintisiz bir yüzey",ÜB.FR.39,R.02,null,null,"[""modul_g_tam""]",null,null
MAD-0249,249,02 - Kuyu Boyunca,81-1/2+A3,Standart / ÜB.FR.39,11.2.1 | ZA: 4.2,Kuyu iç yüzeyi ile kabin eşiği arası yatay açıklık,"Kuyu iç yüzeyi ile kabin eşiği/kapı çerçevesi arasındaki yatay açıklığın 0,15 m'yi aşmadığını (istisnai durumlarda 0,2 m sınırına uyduğunu) ölçün.","A,C",Görsel + Ölçüm,null,Ölçülen değer,null,null,null,null,null,null,null,true,null,null,[],null,"Kuyu iç yüzeyi ile kabin eşiği, kabin kapısı çerçevesi veya sürmeli kapılarda kapanan kenar arasındaki yatay açıklık 0,15 m'yi aşmamalıdır. Bu açıklık; -0,5m'yi aşmayan bir yükseklik boyunca 0,2 m olabilir, -Düşey hareketli sürmeli kapıya sahip yük asansöründe hareket boyunca 0,2 m olabilir - Mekanik olarak kilitlenen ve kilit açılma bölgesinde açılan kabin kapılarında sınır yoktur.",ÜB.FR.39,R.02,null,null,"[""modul_g_tam""]",null,null
MAD-0250,250,02 - Kuyu Boyunca,81-1/2+A3,Standart / ÜB.FR.39,5.3.1.1 | ZA: 1.4,Kuyu duvarlarının mekanik dayanımı,Kuyu duvarlarının 5 cm²'lik alana 300 N kuvvete dayandığını kontrol edin.,"A,C",Görsel + Ölçüm,null,Ölçülen değer,null,null,null,null,null,null,null,true,null,null,[],null,Kuyu duvarlarının dayanımı (5 cm²'ye 300 N),ÜB.FR.39,R.02,null,null,"[""modul_g_tam""]",null,null
MAD-0251,251,02 - Kuyu Boyunca,81-1/2+A3,Standart / ÜB.FR.39,5.8 | ZA: 1.6 4.2,Kuyuda asansöre ait olmayan teçhizat bulunmaması,"Kuyuda asansörün çalışması veya güvenliğiyle ilgisi olmayan boru, kablo, kanal veya başka bir tesisat bulunmadığını kontrol edin.",A,Görsel,null,null,null,null,null,null,null,null,null,true,null,null,[],null,Asansöre ait olmayan teçhizat,ÜB.FR.39,R.02,null,null,"[""modul_g_tam""]",null,null
MAD-0252,252,02 - Kuyu Boyunca,81-1/2+A3,Standart / ÜB.FR.39,"📘 Kısa Teknik Açıklamalar 1.2.1 → Kuyu üstü çalışma alanı ve erişim yollarının güvenliği. 1.4 → Kuyu içi hareketli bileşenlerle temas veya düşme riskine karşı koruma. 1.5.6 → Yangın durumunda kuyu içi malzemelerin dayanımı ve yangın yönetmeliğiyle uyum. 1.6 → Elektriksel donanımın, sınır kesicilerin ve aydınlatma tesisatının güvenliği. 2.1 / 2.2 / 2.3 → Kapı, kilitleme ve erişim açıklıklarının emniyetli çalışması. 4.2 → Bakım ve muayene personelinin kuyu içi çalışma güvenliği. 4.3 → Karşı ağırlık ve hareketli sistemlerin korunması, tampon mesafeleri ve çarpışma önlemleri. | ZA: 📘 Kısa Teknik Açıklamalar 1.2.1 → Kuyu üstü çalışma alanı ve erişim yollarının güvenliği. 1.4 → Kuyu içi hareketli bileşenlerle temas veya düşme riskine karşı koruma. 1.5.6 → Yangın durumunda kuyu içi malzemelerin dayanımı ve yangın yönetmeliğiyle uyum. 1.6 → Elektriksel donanımın, sınır kesicilerin ve aydınlatma tesisatının güvenliği. 2.1 / 2.2 / 2.3 → Kapı, kilitleme ve erişim açıklıklarının emniyetli çalışması. 4.2 → Bakım ve muayene personelinin kuyu içi çalışma güvenliği. 4.3 → Karşı ağırlık ve hareketli sistemlerin korunması, tampon mesafeleri ve çarpışma önlemleri.",Kuyu Üst Boşluğu ve Kuyu İçi,"📘 Kısa Teknik Açıklamalar 1.2.1 → Kuyu üstü çalışma alanı ve erişim yollarının güvenliği. 1.4 → Kuyu içi hareketli bileşenlerle temas veya düşme riskine karşı koruma. 1.5.6 → Yangın durumunda kuyu içi malzemelerin dayanımı ve yangın yönetmeliğiyle uyum. 1.6 → Elektriksel donanımın, sınır kesicilerin ve aydınlatma tesisatının güvenliği. 2.1 / 2.2 / 2.3 → Kapı, kilitleme ve erişim açıklıklarının emniyetli çalışması. 4.2 → Bakım ve muayene personelinin kuyu içi çalışma güvenliği. 4.3 → Karşı ağırlık ve hareketli sistemlerin korunması, tampon mesafeleri ve çarpışma önlemleri.","📘KısaTeknikAçıklamalar1.2.1→Kuyuüstüçalışmaalanıveerişimyollarınıngüvenliği.1.4→Kuyuiçihareketlibileşenlerletemasveyadüşmeriskinekarşıkoruma.1.5.6→Yangındurumundakuyuiçimalzemelerindayanımıveyangınyönetmeliğiyleuyum.1.6→Elektrikseldonanımın,sınırkesicilerinveaydınlatmatesisatınıngüvenliği.2.1/2.2/2.3→Kapı,kilitlemeveerişimaçıklıklarınınemniyetliçalışması.4.2→Bakımvemuayenepersonelininkuyuiçiçalışmagüvenliği.4.3→Karşıağırlıkvehareketlisistemlerinkorunması,tamponmesafeleriveçarpışmaönlemleri.",null,null,null,null,null,null,null,null,null,null,false,null,null,[],null,null,null,null,null,null,"[""modul_g_tam""]",null,null
MAD-0253,253,02 - Kuyu Boyunca,81-1/2+A3,Standart / ÜB.FR.39,6.2.1 | ZA: 1.2.1 4.2,Makine/makara dairesi geçiş yollarının aydınlatması,Makine ve makara dairesine geçiş yollarında sabit tesis edilmiş yeterli aydınlatma bulunduğunu kontrol edin.,A,Görsel,null,null,null,null,null,null,null,null,null,true,null,null,[],null,Geçiş yollarında sabit tesis edilmiş yeterli aydınlatma,ÜB.FR.39,R.02,null,null,"[""modul_g_tam""]",null,null
MAD-0254,254,02 - Kuyu Boyunca,81-1/2+A3,Standart / ÜB.FR.39,6.2.1 | ZA: 1.2.1 4.2,Makine/makara dairesine geçişin özel mekândan bağımsız olması,Makine ve makara dairelerine özel bir mekândan geçmeden her zaman rahat ve güvenilir geçiş sağlandığını kontrol edin.,A,Görsel,null,null,null,null,null,null,null,null,null,true,null,null,[],null,"Özel mekândan geçmeden, her zaman rahat ve güvenilir geçiş",ÜB.FR.39,R.02,null,null,"[""modul_g_tam""]",null,null
MAD-0255,255,02 - Kuyu Boyunca,81-1/2+A3,Standart / ÜB.FR.39,6.2.2 | ZA: 1.2.1 4.2,Makine/makara mekânlarına merdivenle erişim,Makine ve makara mekânlarına sabit veya portatif merdivenle güvenilir erişim sağlandığını kontrol edin.,A,Görsel,null,null,null,null,null,null,null,null,null,true,null,null,[],null,Makine ve makara mekânlarına güvenilir erişim (sabit / portatif merdiven),ÜB.FR.39,R.02,null,null,"[""modul_g_tam""]",null,null
MAD-0256,256,02 - Kuyu Boyunca,81-1/2+A3,Standart / ÜB.FR.39,6.2.2 | ZA: 1.2.1 4.2,Portatif dayama merdiveni şartları,"Portatif dayama merdiveninin en fazla 4 m yükseklikte, girişe sabitlenmiş, kaymaz/devrilmez, 1,5 m üstünde 65-75° açılı, basamak genişliği en az 0,35 m ve derinliği en az 25 mm, tutamaklı ve düşme riskine karşı önlemli olduğunu kontrol edin.","A,C",Görsel + Ölçüm,null,Ölçülen değer,null,null,null,null,null,null,null,true,null,null,[],null,"Erişim şekli portatif dayama merdivense; - En fazla 4 m yükseklikte olmalı, - Girişe tespit edilmeli, kaymaya / devrilmeye elverişli olmamalı, - 1,5 m'den yüksek ise yatayla 65°- 75° açısı olmalı, - Basamaklar genişliği en az 0,35 m, derinliği en az 25 mm - Düşey duran merdivenlerde basamaklar ile duvar arası en az 0,15 m olmalı, - En az bir adet tutamak olmalı, -1,5m yatay mesafede merdiven boyundan daha fazla yükseklikten düşme riski engellenmeli",ÜB.FR.39,R.02,null,null,"[""modul_g_tam""]",null,null
MAD-0257,257,02 - Kuyu Boyunca,81-1/2+A3,Standart / ÜB.FR.39,"📘 Kısa Teknik Açıklamalar 1.2.1 → Makine dairesine veya makaralı daireye erişim yolları, platformlar ve kapı açıklıklarının güvenli olması gerekliliği. 4.2 → Bakım ve muayene personelinin erişim sırasında düşme, sıkışma veya elektriksel tehlikelere karşı korunması. Bu bölümdeki maddeler, çalışma alanına güvenli giriş-çıkış (örneğin merdiven eğimi, korkuluk yüksekliği, geçit açıklığı vb.) ve kuyu ile makine dairesi arasındaki erişim bütünlüğünü değerlendirir. | ZA: 📘 Kısa Teknik Açıklamalar 1.2.1 → Makine dairesine veya makaralı daireye erişim yolları, platformlar ve kapı açıklıklarının güvenli olması gerekliliği. 4.2 → Bakım ve muayene personelinin erişim sırasında düşme, sıkışma veya elektriksel tehlikelere karşı korunması. Bu bölümdeki maddeler, çalışma alanına güvenli giriş-çıkış (örneğin merdiven eğimi, korkuluk yüksekliği, geçit açıklığı vb.) ve kuyu ile makine dairesi arasındaki erişim bütünlüğünü değerlendirir.",Makine Ve Makara Dairesine Erişim,"📘 Kısa Teknik Açıklamalar 1.2.1 → Makine dairesine veya makaralı daireye erişim yolları, platformlar ve kapı açıklıklarının güvenli olması gerekliliği. 4.2 → Bakım ve muayene personelinin erişim sırasında düşme, sıkışma veya elektriksel tehlikelere karşı korunması. Bu bölümdeki maddeler, çalışma alanına güvenli giriş-çıkış (örneğin merdiven eğimi, korkuluk yüksekliği, geçit açıklığı vb.) ve kuyu ile makine dairesi arasındaki erişim bütünlüğünü değerlendirir.","📘KısaTeknikAçıklamalar1.2.1→Makinedairesineveyamakaralıdaireyeerişimyolları,platformlarvekapıaçıklıklarınıngüvenliolmasıgerekliliği.4.2→Bakımvemuayenepersonelininerişimsırasındadüşme,sıkışmaveyaelektrikseltehlikelerekarşıkorunması.Bubölümdekimaddeler,çalışmaalanınagüvenligiriş-çıkış(örneğinmerdiveneğimi,korkulukyüksekliği,geçitaçıklığıvb.)vekuyuilemakinedairesiarasındakierişimbütünlüğünüdeğerlendirir.",null,null,null,null,null,null,null,null,null,null,false,null,null,[],null,null,null,null,null,null,"[""modul_g_tam""]",null,null
MAD-0258,258,02 - Kuyu Boyunca,81-1/2+A3,Standart / ÜB.FR.39,6.3.4.1 | ZA: 1.4 4.2,Makine dairesi giriş kapısı ölçüleri,"Makine dairesi giriş kapısının açılma yönünü, en az 0,6 m genişliğini ve en az 1,8 m yüksekliğini ölçün.","A,C",Görsel + Ölçüm,null,genişlik,null,yükseklik,null,null,null,0.6,>=,true,null,null,[],null,"Makine dairesi giriş kapısı (açılma yönü, en az 0,6 m genişlik ve en az 1,8 m yükseklik)",ÜB.FR.39,R.02,null,null,"[""modul_g_tam""]",null,null
MAD-0259,259,02 - Kuyu Boyunca,81-1/2+A3,Standart / ÜB.FR.39,"6.3.4.3 Ek-I, 1.5.2 | ZA: 1.5.2",Makine dairesi giriş kapısı kilit tertibatı,"Makine dairesi giriş kapısının içeriden anahtarsız, dışarıdan anahtarla açıldığını kontrol edin.","A,B",Görsel + Test,null,null,null,null,null,null,null,null,null,true,null,null,[],null,"Makine dairesi giriş kapısı kilit tertibatı (içeriden anahtarsız, dışarıdan anahtarla)",ÜB.FR.39,R.02,null,null,"[""modul_g_tam""]",null,null
MAD-0260,260,02 - Kuyu Boyunca,81-1/2+A3,Standart / ÜB.FR.39,6.3.6 | ZA: 1.2.1 4.2,Makine dairesi havalandırmasında pis hava girişi olmaması,Binanın diğer bölümlerinden gelen pis havanın doğrudan makine dairesine girmediğini kontrol edin.,A,Görsel,null,null,null,null,null,null,null,null,null,true,null,null,[],null,Binanın diğer bölümlerinden gelen pis hava doğrudan makine dairesine girmemeli,ÜB.FR.39,R.02,null,null,"[""modul_g_tam""]",null,null
MAD-0261,261,02 - Kuyu Boyunca,81-1/2+A3,Standart / ÜB.FR.39,15.4.1 | ZA: 4.2,Makine dairesi giriş kapısı uyarı yazısı,Makine dairesi giriş kapısının dış yüzünde uyarı yazısı bulunduğunu kontrol edin.,"A,E",Görsel + Talimat/İşaret,null,null,null,null,null,null,null,null,null,true,null,null,[],null,Makine dairesi giriş kapısı dış yüzünde uyarı yazısı,ÜB.FR.39,R.02,null,null,"[""modul_g_tam""]",null,null
MAD-0008D,262,03 - Kabin ve Kabin Üstü,Genel,Saha Ölçümü,ÜB.FR.38 R.04 / ÜB.FR.39 R.02 — Temel Kuyu Tasarım Ölçüleri,Kabin girişinde alınacak kat kapısı bilgileri,Kabin girişinde kat kapısının net açıklığını ölçün; kapı tipini ve açılma yönünü sahada görüldüğü biçimde kaydedin.,C,Ölçüm,null,null,null,null,null,null,null,null,null,true,null,null,"[{""id"":""kat_kapisi_net_genisligi"",""etiket"":""Kat kapısı net genişliği"",""birim"":""mm"",""tur"":""sayi"",""kaynak"":""ÜB.FR.38 R.04 — Temel Kuyu Tasarım Ölçüleri; ÜB.FR.39 R.02 — Temel Kuyu Tasarım Ölçüleri"",""referans_metni"":""Sahada görülen değer kaydedilir; uygulama otomatik uygunluk kararı vermez.""},{""id"":""kat_kapisi_net_yuksekligi"",""etiket"":""Kat kapısı net yüksekliği"",""birim"":""mm"",""tur"":""sayi"",""kaynak"":""ÜB.FR.38 R.04 — Temel Kuyu Tasarım Ölçüleri; ÜB.FR.39 R.02 — Temel Kuyu Tasarım Ölçüleri"",""referans_metni"":""Sahada görülen değer kaydedilir; uygulama otomatik uygunluk kararı vermez.""},{""id"":""kat_kapisi_tipi"",""etiket"":""Kat kapısının tipi"",""birim"":null,""tur"":""secim"",""secenekler"":[""Otomatik"",""Manuel""],""kaynak"":""ÜB.FR.38 R.04 — Temel Kuyu Tasarım Ölçüleri; ÜB.FR.39 R.02 — Temel Kuyu Tasarım Ölçüleri"",""referans_metni"":""Sahadaki yerleşime göre seçilir; uygulama otomatik uygunluk kararı vermez.""},{""id"":""kat_kapisi_acilma_yonu"",""etiket"":""Kat kapısının açılma yönü"",""birim"":null,""tur"":""secim"",""secenekler"":[""Sağ"",""Sol"",""Merkezi"",""Düşey""],""kaynak"":""ÜB.FR.38 R.04 — Temel Kuyu Tasarım Ölçüleri; ÜB.FR.39 R.02 — Temel Kuyu Tasarım Ölçüleri"",""referans_metni"":""Sahadaki yerleşime göre seçilir; uygulama otomatik uygunluk kararı vermez.""},{""id"":""kat_kapisi_yangin_sinifi"",""etiket"":""Kat kapısı yangına dayanım sınıfı"",""birim"":null,""tur"":""metin"",""kaynak"":""ÜB.FR.65 R.00 — Teknik Dosya-Saha Eşleşme Formu"",""referans_metni"":""Etiket, profil veya teknik dosyada görülen tanımlama sahadaki biçimiyle kaydedilir.""},{""id"":""kabin_genisligi"",""etiket"":""Kabin genişliği"",""birim"":""mm"",""tur"":""sayi"",""kaynak"":""ÜB.FR.38 R.04 / ÜB.FR.39 R.02 — Temel Kuyu Tasarım Ölçüleri"",""referans_metni"":""Sahada görülen değer kaydedilir; uygulama otomatik uygunluk kararı vermez.""},{""id"":""kabin_derinligi"",""etiket"":""Kabin derinliği"",""birim"":""mm"",""tur"":""sayi"",""kaynak"":""ÜB.FR.38 R.04 / ÜB.FR.39 R.02 — Temel Kuyu Tasarım Ölçüleri"",""referans_metni"":""Sahada görülen değer kaydedilir; uygulama otomatik uygunluk kararı vermez.""}]",null,null,ÜB.FR.38 / ÜB.FR.39,R.04 / R.02,null,null,"[""modul_g_tam"",""saha_teyidi_e"",""saha_teyidi_h1""]",null,null
MAD-0262,262,02 - Kuyu Boyunca,81-1/2+A3,Standart / ÜB.FR.39,"📘 Kısa Teknik Açıklamalar 1.2.1 → Erişim açıklıkları, geçiş alanları ve makine/makara dairesine güvenli giriş yolları. 1.4 → Düşme veya hareketli parçalarla temas riskine karşı yapısal koruma. 1.5.2 → Giriş kapısı veya döşeme kapağının dış etkilerle (açılma, devrilme vb.) tehlike oluşturmaması; dayanım ve emniyet kilitlemesi şartları. 4.2 → Bakım personelinin giriş–çıkış sırasında korunması, erişim esnasında elektriksel veya mekanik tehlikelerin önlenmesi. | ZA: 📘 Kısa Teknik Açıklamalar 1.2.1 → Erişim açıklıkları, geçiş alanları ve makine/makara dairesine güvenli giriş yolları. 1.4 → Düşme veya hareketli parçalarla temas riskine karşı yapısal koruma. 1.5.2 → Giriş kapısı veya döşeme kapağının dış etkilerle (açılma, devrilme vb.) tehlike oluşturmaması; dayanım ve emniyet kilitlemesi şartları. 4.2 → Bakım personelinin giriş–çıkış sırasında korunması, erişim esnasında elektriksel veya mekanik tehlikelerin önlenmesi.",Makine dairesine güvenli erişim için teknik açıklamalar,"📘 Kısa Teknik Açıklamalar 1.2.1 → Erişim açıklıkları, geçiş alanları ve makine/makara dairesine güvenli giriş yolları. 1.4 → Düşme veya hareketli parçalarla temas riskine karşı yapısal koruma. 1.5.2 → Giriş kapısı veya döşeme kapağının dış etkilerle (açılma, devrilme vb.) tehlike oluşturmaması; dayanım ve emniyet kilitlemesi şartları. 4.2 → Bakım personelinin giriş–çıkış sırasında korunması, erişim esnasında elektriksel veya mekanik tehlikelerin önlenmesi.","📘KısaTeknikAçıklamalar1.2.1→Erişimaçıklıkları,geçişalanlarıvemakine/makaradairesinegüvenligirişyolları.1.4→Düşmeveyahareketliparçalarlatemasriskinekarşıyapısalkoruma.1.5.2→Girişkapısıveyadöşemekapağınındışetkilerle(açılma,devrilmevb.)tehlikeoluşturmaması;dayanımveemniyetkilitlemesişartları.4.2→Bakımpersoneliningiriş–çıkışsırasındakorunması,erişimesnasındaelektrikselveyamekaniktehlikelerinönlenmesi.",null,null,null,null,null,null,null,null,null,null,false,null,null,[],null,null,null,null,null,null,"[""modul_g_tam""]",null,null
MAD-0263,263,03 - Kabin ve Kabin Üstü,Genel,Ek Mühendislik,EK-M-006,Kuyu tavanı ve askılı bağlantılar,"Kontrol: Çatlak, deformasyon, gevşeme ve zayıf taşıyıcı bağlantıları incele.",null,null,Şüpheli uygulama|Kritik kusur,null,null,null,null,null,null,null,null,true,null,null,[],null,null,null,null,null,null,"[""modul_g_tam""]",null,null
MAD-0264,264,03 - Kabin ve Kabin Üstü,81-20,Standart / ÜB.FR.38,5.4.1,Kabin içi net yüksekliği,Kabinin içinin net yüksekliğinin en az 2 m olduğunu ölçün.,"C,D,E",Ölçüm + Çizim/Hesap + Talimat/İşaret,null,Ölçülen değer,m,null,null,null,null,2,>=,true,null,null,[],null,Kabinin içinin net yüksekliği en az 2 m olmalıdır.,ÜB.FR.38,R.04,null,null,"[""modul_g_tam""]",null,null
MAD-0265,265,03 - Kabin ve Kabin Üstü,81-20,Standart / ÜB.FR.38,5.4.2.1.2,Kabin kullanılabilir alanının ölçülmesi,"Kabin kullanılabilir alanının, zeminden 1 m yükseklikte duvardan duvara ölçüldüğünü ve kapı paneli derinlik kuralına göre hesaplandığını kontrol edin.","B,C,D,E",Test + Ölçüm + Çizim/Hesap + Talimat/İşaret,null,null,null,null,null,null,null,null,null,true,null,G-8120-C6 — Beyan yüküne göre azami kullanılabilir kabin alanı,"[{""id"":""kabin_net_genisligi"",""etiket"":""Kabin net genişliği"",""birim"":""mm"",""tur"":""sayi"",""kaynak"":""ÜB.FR.38 R.04 — Temel Kuyu Tasarım Ölçüleri; ÜB.FR.39 R.02 — Temel Kuyu Tasarım Ölçüleri"",""referans_metni"":""Sahada görülen değer kaydedilir; uygulama otomatik uygunluk kararı vermez.""},{""id"":""kabin_net_derinligi"",""etiket"":""Kabin net derinliği"",""birim"":""mm"",""tur"":""sayi"",""kaynak"":""ÜB.FR.38 R.04 — Temel Kuyu Tasarım Ölçüleri; ÜB.FR.39 R.02 — Temel Kuyu Tasarım Ölçüleri"",""referans_metni"":""Sahada görülen değer kaydedilir; uygulama otomatik uygunluk kararı vermez.""},{""id"":""kabin_net_yuksekligi"",""etiket"":""Kabin net yüksekliği"",""birim"":""mm"",""tur"":""sayi"",""kaynak"":""ÜB.FR.65 R.00 — Teknik Dosya-Saha Eşleşme Formu"",""referans_metni"":""Sahada ölçülen değer bir kez kaydedilir; denetçi teknik dosya ve ilgili kontrol maddesiyle karşılaştırır.""},{""id"":""kabin_kapisi_net_genisligi"",""etiket"":""Kabin kapısı net giriş genişliği"",""birim"":""mm"",""tur"":""sayi"",""kaynak"":""ÜB.FR.65 R.00 — Teknik Dosya-Saha Eşleşme Formu"",""referans_metni"":""Sahada ölçülen değer bir kez kaydedilir; denetçi teknik dosya ve ilgili kontrol maddesiyle karşılaştırır.""},{""id"":""kabin_kapisi_net_yuksekligi"",""etiket"":""Kabin kapısı net giriş yüksekliği"",""birim"":""mm"",""tur"":""sayi"",""kaynak"":""ÜB.FR.65 R.00 — Teknik Dosya-Saha Eşleşme Formu"",""referans_metni"":""Sahada ölçülen değer bir kez kaydedilir; denetçi teknik dosya ve ilgili kontrol maddesiyle karşılaştırır.""}]",null,"Kabin alanı, (tamamlamalar hariç) zeminden 1 m yükseklikte duvardan duvara ölçülmelidir. Giriş kasası dikmeleri arasında kullanılabilir alan bulunan yerlerde, kapılar kapalı olduğunda; -Alanın herhangi bir kapı panelinden 100 mm' ye eşit veya bundan küçük bir derinlikte olduğu yerlerde (çoklu panelli kapılarda hızlı ve yavaş kapılar da dâhil), bu alan zemin alanından hariç tutulmalıdır. -Alan 100 mm' den daha fazla derinlikte olduğunda, toplam kullanılabilir alan zemin alanı içine dâhil edilmelidir.",ÜB.FR.38,R.04,null,null,"[""modul_g_tam"",""saha_teyidi_e"",""saha_teyidi_h1""]",null,null
MAD-0266,266,03 - Kabin ve Kabin Üstü,81-20,Standart / ÜB.FR.38,5.4.2.3.2,Kabin kimlik ve kapasite bilgileri,"Kabin içinde monte edenin adı, imal yılı, montaj seri numarası, beyan yükü ve kişi sayısının etiketle belirtildiğini kontrol edin.","B,C,D,E",Test + Ölçüm + Çizim/Hesap + Talimat/İşaret,null,Ölçülen değer,null,null,null,null,null,null,null,true,null,null,[],null,"Kabin içinde monte edenin ismi, imal yılı, montaj seri numarası, beyan yükü ve insan sayısı belirtilmelidir. İmalatçının/monte eden yüklenicinin ismi:..... Montaj seri numarası:..... İmal yılı:.... Asansörün kilogram cinsinden anma yükü:..... Kişi sayısı:....",ÜB.FR.38,R.04,null,null,"[""modul_g_tam""]",null,null
MAD-0267,267,03 - Kabin ve Kabin Üstü,81-20,Standart / ÜB.FR.38,5.4.2.3.2,Kabin yük ve kişi sayısı işareti,"Kabin yük/kişi sayısı işaretinin doğru formatta (""...kg ...KİŞİ"" veya piktogram) ve harf/rakam boyutlarının (büyük 10 mm, küçük 7 mm) uygun olduğunu kontrol edin.","B,C,D,E",Test + Ölçüm + Çizim/Hesap + Talimat/İşaret,null,Ölçülen değer,mm,null,mm,null,null,null,null,true,null,null,[],null,"""... kg... KİŞİ."" şeklinde veya ağırlık ve kişiler için piktogramlar kullanılarak yapılmalıdır. Büyük harfler ve rakamlar ve piktogramlar için 10 mm; Küçük harfler için 7 mm.",ÜB.FR.38,R.04,null,null,"[""modul_g_tam""]",null,null
MAD-0268,268,03 - Kabin ve Kabin Üstü,81-20,Standart / ÜB.FR.38,5.4.3.1,Kabin gövdesinin kapalı yapısı,"Kabinin, normal erişim/acil giriş kapakları ve havalandırma kanalları hariç, duvar/zemin/tavanla tamamen kapatıldığını kontrol edin.","A,D",Görsel + Çizim/Hesap,null,null,null,null,null,null,null,null,null,true,null,null,[],null,"Kabin, normal erişimi için girişler, acil durum giriş kapakları ve havalandırma kanalları hariç, duvarlarla, zeminle ve tavanla tamamen kapatılmış olmalıdır.",ÜB.FR.38,R.04,null,null,"[""modul_g_tam""]",null,null
MAD-0269,269,03 - Kabin ve Kabin Üstü,81-20,Standart / ÜB.FR.38,5.4.3.2.2,Kabin duvarı dayanımı — 300 newton,Kabin duvarına 5 cm² alana 300 N kuvvet uygulandığında 1 mm'den fazla kalıcı deformasyon veya 15 mm'den fazla elastik sapma oluşmadığını test edin.,"A,D",Görsel + Çizim/Hesap,null,null,null,null,null,null,null,null,null,true,null,null,[],null,"Kabin duvarının herhangi bir noktasına içten dışa doğru, 5 cm² alana dik olarak 300 newton kuvvet uygulandığında 1 mm'den büyük kalıcı biçim değişikliği ve 15 mm'den büyük elastik sapma oluşmamalıdır.",ÜB.FR.38,R.04,null,null,"[""modul_g_tam""]",null,null
MAD-0270,270,03 - Kabin ve Kabin Üstü,81-20,Standart / ÜB.FR.38,5.4.3.2.2,Kabin duvarı dayanımı — 1000 newton,Kabin duvarına 100 cm² alana 1000 N kuvvet uygulandığında 1 mm'den fazla kalıcı deformasyon veya 15 mm'den fazla elastik sapma oluşmadığını test edin.,"A,D",Görsel + Çizim/Hesap,null,null,null,null,null,null,null,null,null,true,null,null,[],null,"Kabin duvarının herhangi bir noktasına içten dışa doğru, 100 cm² alana dik olarak 1 000 newton kuvvet uygulandığında 1 mm'den büyük kalıcı biçim değişikliği ve 15 mm'den büyük elastik sapma oluşmamalıdır.",ÜB.FR.38,R.04,null,null,"[""modul_g_tam""]",null,null
MAD-0271,271,03 - Kabin ve Kabin Üstü,81-20,Standart / ÜB.FR.38,5.4.3.2.3,Cam kabin duvarlarında lamine cam,Camdan veya kısmen camdan yapılmış kabin duvarlarının lamine cam olduğunu kontrol edin.,"A,D",Görsel + Çizim/Hesap,null,null,null,null,null,null,null,null,null,true,Cam kabin duvarı yoksa Aranmaz.,null,[],null,Camdan yapılmış veya kısmen camdan yapılmış kabin duvarları lamine olmalıdır.,ÜB.FR.38,R.04,null,null,"[""modul_g_tam""]",null,null
MAD-0272,272,03 - Kabin ve Kabin Üstü,81-20,Standart / ÜB.FR.38,5.4.3.2.5,Cam panel kimlik işaretleri,"Cam panellerin tedarikçi adı, cam tipi ve kalınlık bilgilerini içeren işaretlere sahip olduğunu kontrol edin.","A,D",Görsel + Çizim/Hesap,null,null,null,null,null,null,null,null,null,true,Cam panel yoksa Aranmaz.,null,[],null,"Cam paneller, aşağıdaki bilgileri veren işaretlere sahip olmalıdır: a) tedarikçinin ismi ve ticari markası; b) cam tipi; c) kalınlık (ör. 8/8/0,76 mm).",ÜB.FR.38,R.04,null,null,"[""modul_g_tam""]",null,null
MAD-0273,273,03 - Kabin ve Kabin Üstü,81-20,Standart / ÜB.FR.38,5.4.3.3,Alçak cam panel önünde el tutamağı,"Zeminden 1,10 m altında cam bulunan kabin duvarlarında, camdan bağımsız sabitlenmiş, 0,90-1,10 m yükseklikte bir el tutamağı bulunduğunu kontrol edin.","A,D",Görsel + Çizim/Hesap,null,null,null,null,null,null,null,null,null,true,"Zeminden 1,10 m'den aşağıya uzanan cam kabin duvarı yoksa Aranmaz.",null,[],null,"Camları, zeminden 1,10 m yükseklikten daha aşağıda yerleştirilmiş olan kabin duvarlarında 0,90 m ile 1,10 m arasında yükseklikte bir el tutamağı bulunmalıdır. Bu tutamak camdan bağımsız olarak sabitlenmelidir.",ÜB.FR.38,R.04,null,null,"[""modul_g_tam""]",null,null
MAD-0274,274,03 - Kabin ve Kabin Üstü,81-20,Standart / ÜB.FR.38,5.4.4,Kabin malzemelerinin yangına tepki sınıfı,"Kabin destek yapısının alev almaz malzemeden olduğunu ve zemin/duvar/tavan kaplamalarının EN 13501-1 yangına tepki sınıflarını (Cfl-s2 / C-s2,d1 / C-s2,d0) karşıladığını belgeden doğrulayın.","A,D",Görsel + Çizim/Hesap,null,null,null,null,null,null,null,null,null,true,null,null,[],null,"Kabin gövdesinin destek yapısı alev almayan malzemelerden yapılmalıdır. Kabin zemini, duvar ve tavan bitirmeleri için seçilen malzemeler, aşağıdaki sıralandığı gibi, EN 13501-1:2007+A1:2009'un gerekliliklerini karşılamalıdır: Zemin kaplaması: Cfl-s2; Duvar: C-s2, d1; Tavan: C-s2, d0. Son kat boyalar, duvarların üzerinde 0,30 mm' ye kadar olan lamineler ve çalışma aygıtları gibi donanımlar, aydınlatma ve göstergeler yukarıdaki gerekliliklerden muaftır.",ÜB.FR.38,R.04,null,null,"[""modul_g_tam""]",null,null
MAD-0275,275,03 - Kabin ve Kabin Üstü,81-20,Standart / ÜB.FR.38,5.4.4,Kabin aynası ve cam kaplamanın güvenli kırılma tipi,Kabin aynası veya cam kaplamanın kırılma halinde EN 12600 Tip B veya Tip C davranışı gösterdiğini ürün işareti/uygunluk belgesinden doğrulayın.,"A,D",Görsel + Çizim/Hesap,null,null,null,null,null,null,null,null,null,true,Kabin içinde ayna veya cam kaplama yoksa Aranmaz.,null,[],null,"Ayna veya cam kaplama kırılma hâlinde EN 12600 Tip B ya da Tip C davranışı göstermelidir. Tip B, parçaların çok sayıda çatlak oluşsa da birbirinden ayrılmadığı lamine cam davranışıdır. Tip C, camın çok sayıda nispeten tehlikesiz küçük parçaya ayrıldığı temperli cam davranışıdır. Ürün işaretini veya uygunluk belgesini kontrol edin.",ÜB.FR.38,R.04,null,null,"[""modul_g_tam""]",null,null
MAD-0276,276,03 - Kabin ve Kabin Üstü,81-20,Standart / ÜB.FR.38,5.4.9.1,Kabin üst ve alt havalandırma açıklıkları,Kabinin üst ve alt kısımlarında havalandırma açıklıkları bulunduğunu kontrol edin.,"A,D",Görsel + Çizim/Hesap,null,null,null,null,null,null,null,null,null,true,null,null,[],null,Kabinin üst ve alt kısımlarında havalandırma açıklıkları bulunmalıdır.,ÜB.FR.38,R.04,null,null,"[""modul_g_tam""]",null,null
MAD-0277,277,03 - Kabin ve Kabin Üstü,81-20,Standart / ÜB.FR.38,5.4.9.2,Kabin havalandırma açıklıklarının etkili alanı,Kabin üst ve alt havalandırma açıklıklarının etkili alanının kullanılabilir kabin alanının en az %1'i olduğunu (kapı çevresi boşlukları %50'ye kadar sayılabilir) ölçün.,"A,D",Görsel + Çizim/Hesap,null,null,null,null,null,null,null,null,null,true,null,null,[],null,"Kabinin üst kısmında yer alan havalandırma açıklıklarının etkili alanı, kullanılabilir kabin alanının en az %1'i olmalıdır ve aynı durum kabinin alt kısmındaki açıklıklar için de geçerlidir. Kabin kapılarının etrafındaki boşluklar havalandırma deliklerinin alanının hesaplanmasında, gerekli etkili alanın %50'sine kadar karşıladığı kabul edilebilir.",ÜB.FR.38,R.04,null,null,"[""modul_g_tam""]",null,null
MAD-0278,278,03 - Kabin ve Kabin Üstü,81-20,Standart / ÜB.FR.38,5.4.9.3,Havalandırma açıklıklarında erişim güvenliği,Havalandırma açıklıklarından 10 mm çapında düz rijit bir çubuğun geçemediğini kontrol edin.,"A,D",Görsel + Çizim/Hesap,null,null,null,null,null,null,null,null,null,true,null,null,[],null,"Havalandırma açıklıkları, iç kısımdan, kabin duvarları içinden 10 mm çapında düz rijit bir çubuk geçirmenin mümkün olmayacağı şekilde yapılmalı veya düzenlenmelidir.",ÜB.FR.38,R.04,null,null,"[""modul_g_tam""]",null,null
MAD-0279,279,03 - Kabin ve Kabin Üstü,81-20,Standart / ÜB.FR.38,5.4.10.1,Kabin normal aydınlatma seviyesi,"Kabin aydınlatmasının, zeminden 1 m yükseklikte ve kumanda aygıtları üzerinde en az 100 lüks sağladığını ölçün.","A,C,D,E",Görsel + Ölçüm + Çizim/Hesap + Talimat/İşaret,null,Ölçülen değer,mm,null,m,null,null,100,>=,true,null,null,[],null,"Kabin, herhangi bir duvardan 100 mm'den az mesafede olmayacak şekilde zemin üzerinde 1 m yükseklikle ve kumanda aygıtları üzerinde en az 100 lüks bir ışık şiddeti sağlayan, kalıcı olarak monte edilmiş elektrik aydınlatması ile donatılmalıdır.(lüksmetre en kuvvetli ışığa doğru yöneltilir.)",ÜB.FR.38,R.04,null,null,"[""modul_g_tam""]",null,null
MAD-0280,280,03 - Kabin ve Kabin Üstü,81-20,Standart / ÜB.FR.38,5.4.10.3,Kabin aydınlatmasının sürekli çalışması,"Kabinin, park halinde kapılar kapalıyken hariç, sürekli aydınlatıldığını kontrol edin.","A,C,D,E",Görsel + Ölçüm + Çizim/Hesap + Talimat/İşaret,null,Ölçülen değer,null,null,null,null,null,null,null,true,null,null,[],null,Kabinin park hâlinde olduğu ve kapıların kapalı olduğu zaman haricinde kabin sürekli olarak aydınlatılmalıdır.,ÜB.FR.38,R.04,null,null,"[""modul_g_tam""]",null,null
MAD-0281,281,03 - Kabin ve Kabin Üstü,81-20,Standart / ÜB.FR.38,5.4.10.2,Kabin aydınlatmasında lamba yedekliliği,Kabin aydınlatmasında en az iki paralel bağlı lamba bulunduğunu kontrol edin.,"A,C,D,E",Görsel + Ölçüm + Çizim/Hesap + Talimat/İşaret,null,Ölçülen değer,null,null,null,null,null,null,null,true,null,null,[],null,En az iki tane paralel bağlı lamba bulunmalıdır.,ÜB.FR.38,R.04,null,null,"[""modul_g_tam""]",null,null
MAD-0282,282,03 - Kabin ve Kabin Üstü,81-20,Standart / ÜB.FR.38,5.4.10.4,Kabin acil durum aydınlatması,"Normal aydınlatma kesildiğinde otomatik devreye giren acil aydınlatmanın en az 1 saat, alarm aygıtlarında ve kabin merkezinde 1 m yükseklikte en az 5 lüks sağladığını test edin.","A,C,D,E",Görsel + Ölçüm + Çizim/Hesap + Talimat/İşaret,null,Acil aydınlatma süresi,saat,Aydınlık seviyesi,lüks,null,null,5,>=,true,null,null,[],null,"Normal aydınlatma kesildiğinde otomatik devreye giren, yeniden şarj edilebilir acil besleme bulunmalıdır. Bu sistem en az 1 saat boyunca kabindeki her alarm başlatma aygıtında ve kabin merkezinde zeminden 1,00 m yüksekte en az 5 lüks sağlamalıdır.",ÜB.FR.38,R.04,null,null,"[""modul_g_tam""]",null,null
MAD-0283,283,03 - Kabin ve Kabin Üstü,81-20,Standart / ÜB.FR.38,5.12.3.1,Kabin uzaktan alarm ve iki yönlü haberleşme,Kurtarma hizmetiyle iki yönlü sesli iletişim sağlayan EN 81-28'e uygun uzaktan alarm sisteminin kurulu olduğunu kontrol edin.,"A,B,C,D,E",Görsel + Test + Ölçüm + Çizim/Hesap + Talimat/İşaret,null,Ölçülen değer,null,null,null,null,null,null,null,true,null,null,[],null,Bir kurtarma hizmetiyle iki taraflı ses iletişimine izin veren kalıcı teması sağlayan EN 81-28'e uygun bir uzaktan alarm sistemi kurulmalıdır.,ÜB.FR.38,R.04,null,null,"[""modul_g_tam""]",null,null
MAD-0284,284,03 - Kabin ve Kabin Üstü,81-20,Standart / ÜB.FR.38,5.12.3.2,Kabin ile acil müdahale noktası arasında dahili haberleşme,"Doğrudan sesli iletişim mümkün değilse veya seyir mesafesi 30 m'yi aşıyorsa, acil durum beslemeli dahili telefon/eşdeğer haberleşme bulunduğunu kontrol edin.","A,B,C,D,E",Görsel + Test + Ölçüm + Çizim/Hesap + Talimat/İşaret,null,Ölçülen değer,m,null,null,null,null,null,null,true,Doğrudan sesli iletişim mümkünse ve seyir mesafesi 30 m'yi aşmıyorsa Aranmaz.,null,[],null,"Kabin ile acil müdahalenin yürütüldüğü nokta arasında doğrudan sesli iletişim mümkün değilse veya seyir mesafesi 30 m'yi aşıyorsa, acil durum beslemesinden çalışan dahili telefon ya da eşdeğer iki yönlü haberleşme bulunmalıdır.",ÜB.FR.38,R.04,null,null,"[""modul_g_tam""]",null,null
MAD-0285,285,03 - Kabin ve Kabin Üstü,81-20,Standart / ÜB.FR.38,5.12.1.1.2,Kabin kumandalarının işlev işaretleri,Kabin kumanda tertibatlarının işlevinin açıkça tanımlandığını (etiket/simge ile) kontrol edin.,"A,E",Görsel + Talimat/İşaret,null,null,null,null,null,null,null,null,null,true,null,null,[],null,Kumanda tertibatlarının fonksiyonu açıkça tanımlanmalıdır.,ÜB.FR.38,R.04,null,null,"[""modul_g_tam""]",null,null
MAD-0286,286,03 - Kabin ve Kabin Üstü,81-20,Standart / ÜB.FR.38,5.12.1.1.3,Kabin konum göstergesi,Kabin içinden hangi durakta olunduğunu gösteren görünür uyarı/sinyal bulunduğunu kontrol edin.,"A,E",Görsel + Talimat/İşaret,null,null,null,null,null,null,null,null,null,true,null,null,[],null,"Görünür uyarılar veya sinyaller, kabin içerisindeki bir kişinin asansörün hangi durakta durduğunu fark etmesine olanak sağlamalıdır.",ÜB.FR.38,R.04,null,null,"[""modul_g_tam""]",null,null
MAD-0287,287,03 - Kabin ve Kabin Üstü,81-20,Standart / ÜB.FR.38,5.12.1.1.1,Alarm kumandasında sarı renk kullanımı,Sarı rengin alarm başlatma aygıtı dışında başka bir kumanda için kullanılmadığını kontrol edin.,"A,E",Görsel + Talimat/İşaret,null,null,null,null,null,null,null,null,null,true,null,null,[],null,"Sarı renk, alarm başlatma aygıtı dışında başka bir kumanda aygıtı için kullanılmamalıdır.",ÜB.FR.38,R.04,null,null,"[""modul_g_tam""]",null,null
MAD-0288,288,03 - Kabin ve Kabin Üstü,81-20,Standart / ÜB.FR.38,5.3.6.3,Kabin içi kapı açma butonu,"Kabin kapıları otomatik güçle çalışıyorsa, kabin içindeki kapı açma butonunun durakta kapıyı yeniden açtığını test edin.","A,B,C,D,E",Görsel + Test + Ölçüm + Çizim/Hesap + Talimat/İşaret,null,Ölçülen değer,null,null,null,null,null,null,null,true,Kabin kapıları otomatik güçle çalışmıyorsa Aranmaz.,null,[],null,"Kabin kapıları otomatik güç ile çalışıyorsa kabinin içinde bir kumanda butonu, kabin durakta olduğunda kapılarını yeniden açmasına imkân vermelidir.",ÜB.FR.38,R.04,null,null,"[""modul_g_tam""]",null,null
MAD-0289,289,03 - Kabin ve Kabin Üstü,81-20,Standart / ÜB.FR.38,5.3.4.1,Kabin ve durak eşikleri arasındaki yatay açıklık,Kabin eşiği ile durak kapısı eşiği arasındaki yatay açıklığın 35 mm'yi aşmadığını ölçün.,"A,B,C,D,E",Görsel + Test + Ölçüm + Çizim/Hesap + Talimat/İşaret,null,Ölçülen değer,mm,null,null,null,null,null,null,true,null,null,[],null,Kabin eşiği ile durak kapısı eşiği arasındaki yatay açıklık 35 mm' yi aşmamalıdır.,ÜB.FR.38,R.04,null,null,"[""modul_g_tam""]",null,null
MAD-0290,290,03 - Kabin ve Kabin Üstü,81-20,Standart / ÜB.FR.38,5.3.6.2.2.1 a,Güçle çalışan kapıların kapanma enerjisi,Güçle çalışan kapıların ortalama kapanma hızındaki kinetik enerjisinin 10 joule'ü aşmadığını ölçün.,"A,B,C,D,E",Görsel + Test + Ölçüm + Çizim/Hesap + Talimat/İşaret,null,Ölçülen değer,null,null,null,null,null,null,null,true,Güçle çalışan kapı yoksa Aranmaz.,null,[],null,Durak ve/veya kabin kapısı ile kapıya rijit bağlı mekanik parçaların ortalama kapanma hızındaki kinetik enerjisi 10 joule'ü aşmamalıdır.,ÜB.FR.38,R.04,null,null,"[""modul_g_tam""]",null,null
MAD-0291,291,03 - Kabin ve Kabin Üstü,81-20,Standart / ÜB.FR.38,5.3.6.2.2.1 a,Sürgülü kapının ortalama kapanma hızının hesabı,"Sürgülü kapının ortalama kapanma hızı hesabında merkezî kapılarda 25 mm, yana kapanan kapılarda 50 mm'nin hareket mesafesinden düşüldüğünü kontrol edin.","A,B,C,D,E",Görsel + Test + Ölçüm + Çizim/Hesap + Talimat/İşaret,null,Ölçülen değer,mm,null,mm,null,null,null,null,true,Sürgülü kapı yoksa Aranmaz.,null,[],null,"Bir sürgülü kapının ortalama kapanma hızı, hareket mesafesinin tümü üzerinden hesaplanır ancak aşağıda belirtilenler bu değerden düşülür: 1) merkezî kapanan kapılarda, her hareket yolu sonunda 25 mm; 2) yana kapanan kapılarda, her hareket yolu sonunda 50 mm.",ÜB.FR.38,R.04,null,null,"[""modul_g_tam""]",null,null
MAD-0292,292,03 - Kabin ve Kabin Üstü,81-20,Standart / ÜB.FR.38,5.3.6.2.2.1 b,Kapı koruyucu aygıtının yeniden açma işlevi,Kapı kapanırken bir kişi geçtiğinde koruyucu aygıtın kapıyı otomatik yeniden açtığını (son 20 mm hariç) test edin.,"A,B,C,D,E",Görsel + Test + Ölçüm + Çizim/Hesap + Talimat/İşaret,null,Ölçülen değer,mm,null,null,null,null,null,null,true,Otomatik güçle çalışan kapı yoksa Aranmaz.,null,[],null,"Bir koruyucu aygıt, kapının/kapıların kapanma hareketi esnasında bir kişinin kapı girişinden geçmesi durumunda kapının/kapıların otomatik olarak yeniden açılmasını başlatmalıdır. Bu koruyucu aygıt, kapı kapanma aralığının son 20 mm'sinde devre dışı bırakılabilir.",ÜB.FR.38,R.04,null,null,"[""modul_g_tam""]",null,null
MAD-0293,293,03 - Kabin ve Kabin Üstü,81-20,Standart / ÜB.FR.38,5.3.6.2.2.1 b,Işık perdesinin koruma yüksekliği,"Koruyucu aygıtın (ör. ışık perdesi) kabin kapısı eşiğinden 25-1600 mm yükseklik aralığını kapsadığını ölçün. Engelli erişimi zorunlu olduğundan kapılar daima otomatiktir; bu koruyucu aygıt her zaman bulunmalıdır — aygıt yoksa madde Uygun Değil olarak işaretlenmelidir, Uygulanmaz değil.","A,B,C,D,E",Görsel + Test + Ölçüm + Çizim/Hesap + Talimat/İşaret,null,Ölçülen değer,mm,null,null,null,null,null,null,true,null,null,[],null,"Koruyucu aygıt (örneğin ışık perdesi), kabin kapısı eşiği üzerinden en az 25 ila 1600 mm'lik bir açıklık mesafesini kapsamalıdır.",ÜB.FR.38,R.04,null,null,"[""modul_g_tam""]",null,null
MAD-0294,294,03 - Kabin ve Kabin Üstü,81-20,Standart / ÜB.FR.38,5.3.6.2.2.1 b,Kapı koruyucu aygıtının algılayacağı engel çapı,"Kapı koruyucu aygıtının en az 50 mm çapındaki engelleri algıladığını test edin. Engelli erişimi zorunlu olduğundan kapılar daima otomatiktir; bu koruyucu aygıt her zaman bulunmalıdır — aygıt yoksa madde Uygun Değil olarak işaretlenmelidir, Uygulanmaz değil.","A,B,C,D,E",Görsel + Test + Ölçüm + Çizim/Hesap + Talimat/İşaret,null,Ölçülen değer,mm,null,null,null,null,50,>=,true,null,null,[],null,"Koruyucu aygıt, asgari 50 mm çapındaki engelleri tespit edebilmelidir.",ÜB.FR.38,R.04,null,null,"[""modul_g_tam""]",null,null
MAD-0295,295,03 - Kabin ve Kabin Üstü,81-20,Standart / ÜB.FR.38,5.3.6.2.2.1 b,Kalıcı engelde koruyucu aygıtın geçici devre dışı kalması,Kalıcı bir engel karşısında koruma aygıtının önceden belirlenmiş süre sonunda devre dışı kalabildiğini kontrol edin.,"A,B,C,D,E",Görsel + Test + Ölçüm + Çizim/Hesap + Talimat/İşaret,null,Ölçülen değer,null,null,null,null,null,null,null,true,Bu devre dışı bırakma işlevi kullanılmıyorsa Aranmaz.,null,[],null,"Kapı kapanırken, kalıcı engelleri ortadan kaldırmak için koruma aygıtı önceden belirlenmiş bir sürenin sonrasında devre dışı kalabilir.",ÜB.FR.38,R.04,null,null,"[""modul_g_tam""]",null,null
MAD-0296,296,03 - Kabin ve Kabin Üstü,81-20,Standart / ÜB.FR.38,5.3.6.2.2.1 b,Koruyucu aygıt arızasında kapı enerjisi ve sesli uyarı,Koruyucu aygıt devre dışı/arızalıyken kapı kinetik enerjisinin en fazla 4 joule olduğunu ve her kapanışta sesli uyarı verildiğini test edin.,"A,B,C,D,E",Görsel + Test + Ölçüm + Çizim/Hesap + Talimat/İşaret,null,Ölçülen değer,null,null,null,null,null,null,null,true,Arıza hâlinde asansör hizmet dışı kalıyorsa Aranmaz.,null,[],null,Kapı koruyucu aygıtı devre dışı veya arızalıyken asansör çalışmaya devam ediyorsa kapıların kinetik enerjisi en fazla 4 joule olmalı ve kapı her kapanırken sesli uyarı verilmelidir.,ÜB.FR.38,R.04,null,null,"[""modul_g_tam""]",null,null
MAD-0297,297,03 - Kabin ve Kabin Üstü,81-20,Standart / ÜB.FR.38,5.3.6.2.2.1 c,Kapının kapanmasını engelleme kuvveti,Kapının kapanmasını engellemek için gereken kuvvetin (hareketin son üçte biri hariç) 150 N'u aşmadığını ölçün.,"A,B,C,D,E",Görsel + Test + Ölçüm + Çizim/Hesap + Talimat/İşaret,null,Ölçülen değer,newton,null,null,null,null,null,null,true,null,null,[],null,"Kapının kapanmasını engellemek için gerekli kuvvet etkisi, kapının hareket seyrinin üçte birlik kısmı haricinde 150 newton'u aşmamalıdır.",ÜB.FR.38,R.04,null,null,"[""modul_g_tam""]",null,null
MAD-0298,298,03 - Kabin ve Kabin Üstü,81-20,Standart / ÜB.FR.38,5.3.6.2.2.1 d,Kapı kapanması engellendiğinde yeniden açılma,Kapı kapanma hareketi engellendiğinde kapının yeniden açılmaya başladığını test edin.,"A,B,C,D,E",Görsel + Test + Ölçüm + Çizim/Hesap + Talimat/İşaret,null,Ölçülen değer,null,null,null,null,null,null,null,true,null,null,[],null,"Kapı kapanma hareketinin önlenmesi, kapının yeniden açılmasını başlatmalıdır. (tam açılması gerekli değil)",ÜB.FR.38,R.04,null,null,"[""modul_g_tam""]",null,null
MAD-0299,299,03 - Kabin ve Kabin Üstü,81-20,Standart / ÜB.FR.38,5.3.13.1,Kabin kapısı açıkken hareketin önlenmesi,Kabin kapısı açıkken asansörün çalışmadığını ve harekete devam etmediğini test edin.,"A,B,E",Görsel + Test + Talimat/İşaret,null,null,null,null,null,null,null,null,null,true,null,null,[],null,"Kabin kapısı açık iken, asansörün çalışmaması ve harekete devam etmemesi gerekir.",ÜB.FR.38,R.04,null,null,"[""modul_g_tam""]",null,null
MAD-0300,300,03 - Kabin ve Kabin Üstü,81-20,Standart / ÜB.FR.38,5.3.13.2,Kabin kapısının kapalı konum denetimi,Kabin kapısının kapalı kalmasını sağlayan elektrikli güvenlik tertibatı bulunduğunu kontrol edin.,"A,B,E",Görsel + Test + Talimat/İşaret,null,null,null,null,null,null,null,null,null,true,null,null,[],null,Kabin kapısının kapalı kalmasını sağlayan bir elektrikli güvenlik tertibatı olmalıdır.,ÜB.FR.38,R.04,null,null,"[""modul_g_tam""]",null,null
MAD-0301,301,03 - Kabin ve Kabin Üstü,81-20,Standart / ÜB.FR.38,"Ek-I, 3.1",Kabin kapısının kat seviyesi dışında açılmasının önlenmesi,Kabin kapısının elektriksel olarak denetlendiğini ve kat seviyesi dışında açılmadığını test edin.,"A,B",Görsel + Test,null,null,null,null,null,null,null,null,null,true,null,null,[],null,Kabin kapısının elektriksel olarak denetlenmesi ve kat seviyesi dışında açılmaması gerekiyor.,ÜB.FR.38,R.04,null,null,"[""modul_g_tam""]",null,null
MAD-0302,302,03 - Kabin ve Kabin Üstü,81-20,Standart / ÜB.FR.38,5.2.5.3.1,Kabin kapısı kilidi ile hareketin elektriksel bağı,Asansörün çalışmasının (seviyeleme/bypass hariç) kabin kapısının kilitlenmesine elektrik güvenlik aygıtıyla otomatik bağlı olduğunu test edin.,"A,B,C,D,E",Görsel + Test + Ölçüm + Çizim/Hesap + Talimat/İşaret,null,Ölçülen değer,null,null,null,null,null,null,null,true,null,null,[],null,"Asansörün çalışması, seviyeleme/bypass durumları haricinde, ilgili kabin kapısının kilitlenmesine otomatik olarak bağlı olmalıdır. Bu kilitleme, bir elektrik güvenlik aygıtı ile onaylanmalıdır.",ÜB.FR.38,R.04,null,null,"[""modul_g_tam""]",null,null
MAD-0303,303,03 - Kabin ve Kabin Üstü,81-20,Standart / ÜB.FR.38,5.3.1.4,Kapı panelleri ve çevresindeki açıklıklar,Kapılar kapalıyken panel arası veya panel-dikme/eşik arası boşluğun 6 mm'yi (aşınmada cam hariç 10 mm'yi) aşmadığını ölçün.,"A,C,D",Görsel + Ölçüm + Çizim/Hesap,null,Ölçülen değer,mm,null,mm,null,null,null,null,true,null,null,[],null,"Kapılar kapalı iken, kapı panelleri arasındaki veya paneller ve dikmeler veya kapı üst pervazı veya eşikler arasındaki boşluk, 6 mm'yi aşmamalıdır. Aşınma nedeniyle bu değer, camdan yapılmış kapılar haricinde, 10 mm'ye ulaşabilir. Bu açıklıklar, varsa girintinin arkasından ölçülür.",ÜB.FR.38,R.04,null,null,"[""modul_g_tam""]",null,null
MAD-0304,304,03 - Kabin ve Kabin Üstü,81-20,Standart / ÜB.FR.38,5.3.5.3.3,Yatay sürgülü kapıda kuvvet altındaki açıklıklar,"Yatay sürgülü/katlanır kapılara 150 N manuel kuvvet uygulandığında açıklıkların yana açılan kapılarda 30 mm'yi, merkezî kapılarda toplam 45 mm'yi aşmadığını ölçün.","A,C,D",Görsel + Ölçüm + Çizim/Hesap,null,Ölçülen değer,newton,null,mm,null,null,null,null,true,Yatay sürgülü veya katlanır kapı yoksa Aranmaz.,null,[],null,"Yatay sürgülü kapıların ve katlanır kapılarının öndeki durak kapısı panelinin/panellerinin açılma yönünde 150 newton'luk bir manuel kuvvet uygulandığında, en uygunsuz noktada, açıklıklar 6 mm'yi aşabilir, ancak aşağıda verilen değerleri aşmamalıdır: a) yana açılan kapılar için 30 mm; b) merkezî (ortadan) açılan kapılar için toplamda 45 mm.",ÜB.FR.38,R.04,null,null,"[""modul_g_tam""]",null,null
MAD-0305,305,03 - Kabin ve Kabin Üstü,81-20,Standart / ÜB.FR.38,5.10.5.1.1,Ana ayırıcı kapalıyken kabin aydınlatması ve havalandırması,Ana besleme ayırıcı kapatıldığında kabin aydınlatması ve havalandırmasının kesilmediğini test edin.,"A,B,D,E",Görsel + Test + Çizim/Hesap + Talimat/İşaret,null,null,null,null,null,null,null,null,null,true,null,null,[],null,"Asansörün ana besleme ayırma elemanı kapatıldığında kabin aydınlatması ve havalandırması kesilmemelidir. Sahadaki düzene göre bu eleman pako şalter, ana ayırıcı veya trifaze kaçak akım koruma elemanı olarak adlandırılmış olabilir; devreyi işlevine göre doğrulayın.",ÜB.FR.38,R.04,null,null,"[""modul_g_tam""]",null,null
MAD-0306,306,03 - Kabin ve Kabin Üstü,81-20,Standart / ÜB.FR.38,5.12.1.1.4,Kabinin durma doğruluğu,"Kabin durma doğruluğunu tüm duraklarda, mümkünse her iki yönde ölçün; hedef kattan sapmanın ±10 mm'yi aşmadığını doğrulayın.","A,B,C,D,E",Görsel + Test + Ölçüm + Çizim/Hesap + Talimat/İşaret,null,Ölçülen değer,mm,null,null,null,null,null,null,true,null,null,[],null,"Kabin durma doğruluğunu bütün duraklarda, mümkünse her iki seyir yönünde ölçün. Durma seviyesi hedef kattan en fazla ±10 mm sapmalıdır.",ÜB.FR.38,R.04,null,null,"[""modul_g_tam""]",null,null
MAD-0307,307,03 - Kabin ve Kabin Üstü,81-20,Standart / ÜB.FR.38,5.12.1.1.4,Kabinin yeniden seviyeleme sınırı,Yükleme/boşaltma sırasında kabin seviyesi kat seviyesinden ±20 mm sınırına ulaştığında otomatik yeniden seviyelemenin devreye girdiğini test edin.,"A,B,C,D,E",Görsel + Test + Ölçüm + Çizim/Hesap + Talimat/İşaret,null,Ölçülen değer,mm,null,null,null,null,null,null,true,null,null,[],null,Yükleme veya boşaltma sırasında kabin seviyesi kat seviyesinden ±20 mm sınırına ulaştığında otomatik yeniden seviyeleme devreye girmelidir.,ÜB.FR.38,R.04,null,null,"[""modul_g_tam""]",null,null
MAD-0308,308,03 - Kabin ve Kabin Üstü,81-20,Standart / ÜB.FR.38,5.3.3.1,Kabin ve durak eşiklerinin dayanımı,"Durak ve kabin eşiklerinin dayanım hesabına (Fs=0,4·gn·Q insan / Fs=0,6·gn·Q yük) uygun olduğunu ve durak eşiği önünde su girişini önleyen hafif ters eğim bulunduğunu kontrol edin.","C,D",Ölçüm + Çizim/Hesap,null,Ölçülen değer,null,null,null,null,null,null,null,true,null,null,[],null,"Durak ve kabin eşiklerinin dayanımı (İnsan taşıma Fs=0,4.gn.Q, Yük Taşıma Fs=0,6.gn.Q) Her durak eşiği önünde verilen hafif ters eğim, kuyu içine su girmesini önlemeli,",ÜB.FR.38,R.04,null,null,"[""modul_g_tam""]",null,null
MAD-0309,309,03 - Kabin ve Kabin Üstü,81-1/2+A3,Standart / ÜB.FR.39,"15.2.1 Ek-I, 1.2 ve 5.1 | ZA: 1.2 5.1",Kabin yük ve kişi sayısı levhası,"Kontrol: Asansör kabini, mekanik dayanım, yük ve kişi sayısı ikaz levhası (..………... Kg ……...... Kişi)","A,E",Görsel + Talimat/İşaret,null,null,null,null,null,null,null,null,null,true,null,null,[],null,"Asansör kabini, mekanik dayanım, yük ve kişi sayısı ikaz levhası (..………... Kg ……...... Kişi)",ÜB.FR.39,R.02,12,44,"[""modul_g_tam""]",null,null
MAD-0310,310,03 - Kabin ve Kabin Üstü,81-1/2+A3,Standart / ÜB.FR.39,8.2.1 8.2.3 | ZA: 1.4 4.2,Kabin alanının beyan yüküne uygunluğu,Kontrol: Kabin alanı (ebatların uygunluğunun kontrolü),"A,C,E",Görsel + Ölçüm + Talimat/İşaret,null,null,null,null,null,null,null,null,null,true,null,null,"[{""id"":""kabin_net_genisligi"",""etiket"":""Kabin net genişliği"",""birim"":""mm"",""tur"":""sayi"",""kaynak"":""ÜB.FR.39 R.02 — Temel Kuyu Tasarım Ölçüleri"",""referans_metni"":""Sahada görülen değer kaydedilir; uygulama otomatik uygunluk kararı vermez.""},{""id"":""kabin_net_derinligi"",""etiket"":""Kabin net derinliği"",""birim"":""mm"",""tur"":""sayi"",""kaynak"":""ÜB.FR.39 R.02 — Temel Kuyu Tasarım Ölçüleri"",""referans_metni"":""Sahada görülen değer kaydedilir; uygulama otomatik uygunluk kararı vermez.""}]",null,Kabin alanı (ebatların uygunluğunun kontrolü),ÜB.FR.39,R.02,12,45,"[""modul_g_tam""]",null,null
MAD-0311,311,03 - Kabin ve Kabin Üstü,81-1/2+A3,Standart / ÜB.FR.39,15.2.2 | ZA: 1.2 4.2,İmalatçı ve asansör kimlik bilgileri,"Kontrol: İmalatçı firmanın adı, adresi ve asansör seri numarası","A,E",Görsel + Talimat/İşaret,null,null,null,null,null,null,null,null,null,true,null,null,[],null,"İmalatçı firmanın adı, adresi ve asansör seri numarası",ÜB.FR.39,R.02,12,46,"[""modul_g_tam""]",null,null
MAD-0312,312,03 - Kabin ve Kabin Üstü,81-1/2+A3,Standart / ÜB.FR.39,15.2.3.1 | ZA: 1.4 4.2,İmdat butonunun rengi,Kontrol: - İmdat butonu sarı renk (kırmızı ve sarı renkler diğer butonlarda kullanılmamalı),"A,B,E",Görsel + Test + Talimat/İşaret,null,null,null,null,null,null,null,null,null,true,null,null,[],null,- İmdat butonu sarı renk (kırmızı ve sarı renkler diğer butonlarda kullanılmamalı),ÜB.FR.39,R.02,12,47,"[""modul_g_tam""]",null,null
MAD-0313,313,03 - Kabin ve Kabin Üstü,81-1/2+A3,Standart / ÜB.FR.39,15.2.4 | ZA: 1.4,Kabin kullanma talimatı,Kabin içinde asansör kullanma talimatının (özellikle telefon/interkom ve varsa yükleme rampası bilgisiyle) bulunduğunu kontrol edin.,"A,E",Görsel + Talimat/İşaret,null,null,null,null,null,null,null,null,null,true,"Yükleme rampasıyla ilgili bölüm, yükleme rampası yoksa Aranmaz.",null,[],null,Asansör kullanma talimatı (özellikle telefon/interkom ve varsa yükleme rampası ile ilgili),ÜB.FR.39,R.02,null,null,"[""modul_g_tam""]",null,null
MAD-0314,314,03 - Kabin ve Kabin Üstü,81-1/2+A3,Standart / ÜB.FR.39,15.9 | ZA: 4.2,Kabin kat konum göstergesi,Kontrol: Asansörün hangi katta durduğunun anlaşılabilmesi (görülebilen yazı veya göstergeler),"A,E",Görsel + Talimat/İşaret,null,null,null,null,null,null,null,null,null,true,null,null,[],null,Asansörün hangi katta durduğunun anlaşılabilmesi (görülebilen yazı veya göstergeler),ÜB.FR.39,R.02,12,49,"[""modul_g_tam""]",null,null
MAD-0315,315,03 - Kabin ve Kabin Üstü,81-1/2+A3,Standart / ÜB.FR.39,8.8 | ZA: 1.4,Otomatik kapıda yeniden açma butonu,Makine gücüyle otomatik çalışan kapılarda kapıyı tekrar açan butonun bulunduğunu ve çalıştığını test edin.,"A,B,E",Görsel + Test + Talimat/İşaret,null,null,null,null,null,null,null,null,null,true,null,null,[],null,"Makina gücü ile otomatik çalışan kapılarda, kapıyı tekrar ""AÇ"" butonu",ÜB.FR.39,R.02,null,null,"[""modul_g_tam""]",null,null
MAD-0316,316,03 - Kabin ve Kabin Üstü,81-1/2+A3,Standart / ÜB.FR.39,"15.2.3.2 Ek-I, 1.6.2 | ZA: 1.6.2",Kabin kumanda butonlarının işlevleri,Kontrol: Kabin kumanda butonlarının çalışmasının doğrulanması ve fonksiyonları,"A,B",Görsel + Test,null,null,null,null,null,null,null,null,null,true,null,null,[],null,Kabin kumanda butonlarının çalışmasının doğrulanması ve fonksiyonları,ÜB.FR.39,R.02,12,51,"[""modul_g_tam""]",null,null
MAD-0317,317,03 - Kabin ve Kabin Üstü,81-1/2+A3,Standart / ÜB.FR.39,"8.16.1 Ek-I, 4.7 | ZA: 4.7",Kabin havalandırma açıklıkları,Kontrol: Kabin havalandırması (kabinin alt ve üst kısımlarında havalandırma menfezleri),"A,B",Görsel + Test,null,null,null,null,null,null,null,null,null,true,null,null,[],null,Kabin havalandırması (kabinin alt ve üst kısımlarında havalandırma menfezleri),ÜB.FR.39,R.02,12,52,"[""modul_g_tam""]",null,null
MAD-0318,318,03 - Kabin ve Kabin Üstü,81-1/2+A3,Standart / ÜB.FR.39,"14.2.3 Ek-I, 4.5 | ZA: 4.5",Kabin ile kurtarma hizmeti arasında haberleşme,Kontrol: Kabin ile kurtarma hizmeti arasında bir dâhili telefon sistemi (acil durum kaynağından),"A,B",Görsel + Test,null,null,null,null,null,null,null,null,null,true,null,null,[],null,Kabin ile kurtarma hizmeti arasında bir dâhili telefon sistemi (acil durum kaynağından),ÜB.FR.39,R.02,12,53,"[""modul_g_tam""]",null,null
MAD-0319,319,03 - Kabin ve Kabin Üstü,81-1/2+A3,Standart / ÜB.FR.39,"8.17.1 Ek-I, 4.8 | ZA: 4.8",Kabin normal aydınlatma seviyesi,Kontrol: Kabin aydınlatması (En az 50 lüks),"A,C",Görsel + Ölçüm,null,lüks,null,null,null,null,null,50,>=,true,null,null,[],null,Kabin aydınlatması (En az 50 lüks),ÜB.FR.39,R.02,12,54,"[""modul_g_tam""]",null,null
MAD-0320,320,03 - Kabin ve Kabin Üstü,81-1/2+A3,Standart / ÜB.FR.39,"8.17.4/ 14.2.3 Ek-I, 4.8, 4.9 | ZA: 4.8 4.9","Kabin acil aydınlatma, alarm ve haberleşme beslemesi","Kontrol: Acil durum besleme kaynağından beslenen acil aydınlatma, alarm ve haberleşme","A,B",Görsel + Test,null,null,null,null,null,null,null,null,null,true,null,null,[],null,"Acil durum besleme kaynağından beslenen acil aydınlatma, alarm ve haberleşme",ÜB.FR.39,R.02,12,55,"[""modul_g_tam""]",null,null
MAD-0321,321,03 - Kabin ve Kabin Üstü,81-1/2+A3,Standart / ÜB.FR.39,13.4 | ZA: 41,Ana ayırıcı kapalıyken kabin yardımcı devreleri,"Ana ayırıcı (sahada çoğunlukla pako şalter olarak görülür) kapatıldığında kabin aydınlatması, kabin havalandırması ve alarm devrelerinin enerjisiz kalmadığını kontrol edin.","A,B",Görsel + Test,null,null,null,null,null,null,null,null,null,true,null,null,[],null,Ana anahtarın kapanması kabin aydınlatması(veya fan) ve alarm devrelerini kesmemeli,ÜB.FR.39,R.02,12,56,"[""modul_g_tam""]",null,null
MAD-0322,322,03 - Kabin ve Kabin Üstü,81-1/2+A3,Standart / ÜB.FR.39,"8.3.2.1 Ek-I, 3.1 | ZA: 3.1",Kabin gövdesinin mekanik dayanımı,"Kontrol: Kabin tam boy duvarları ve kapısı, tavan ve tabanı ve mekanik dayanıklılık","A,C",Görsel + Ölçüm,null,Ölçülen değer,null,null,null,null,null,null,null,true,null,null,[],null,"Kabin tam boy duvarları ve kapısı, tavan ve tabanı ve mekanik dayanıklılık",ÜB.FR.39,R.02,12,57,"[""modul_g_tam""]",null,null
MAD-0323,323,03 - Kabin ve Kabin Üstü,81-1/2+A3,Standart / ÜB.FR.39,"Ek-I, 3.1 | ZA: 3.1",Kabin kapısının güvenlik denetimi,Kontrol: Kabin kapısının elektriksel olarak denetlenmesi ve kat seviyesi dışında açılmaması,"A,B",Görsel + Test,null,null,null,null,null,null,null,null,null,true,null,null,[],null,Kabin kapısının elektriksel olarak denetlenmesi ve kat seviyesi dışında açılmaması,ÜB.FR.39,R.02,12,58,"[""modul_g_tam""]",null,null
MAD-0324,324,03 - Kabin ve Kabin Üstü,81-1/2+A3,Standart / ÜB.FR.39,8.1.1 | ZA: 1.2,Kabin içi serbest yüksekliği,Kontrol: Kabin içinin serbest yüksekliği (en az 2 m),"A,C",Görsel + Ölçüm,null,yükseklik,null,null,null,null,null,2,>=,true,null,null,[],null,Kabin içinin serbest yüksekliği (en az 2 m),ÜB.FR.39,R.02,12,59,"[""modul_g_tam""]",null,null
MAD-0325,325,03 - Kabin ve Kabin Üstü,81-1/2+A3,Standart / ÜB.FR.39,"Ek-I, 5.2 | ZA: 5.2",Otomatik kurtarma talimatı,Otomatik kurtarma sistemi varsa kabin içinde ilgili kullanım talimatının bulunduğunu kontrol edin.,"A,E",Görsel + Talimat/İşaret,null,null,null,null,null,null,null,null,null,true,Otomatik kurtarma sistemi yoksa Aranmaz.,null,[],null,Otomatik kurtarma varsa kabin içinde ilgili talimatının bulunması,ÜB.FR.39,R.02,null,null,"[""modul_g_tam""]",null,null
MAD-0326,326,03 - Kabin ve Kabin Üstü,81-1/2+A3,Standart / ÜB.FR.39,8.4 | ZA: 1.4,Kabin koruma eteğinin ölçüleri,"Kontrol: Kabin eteği(en az kapı genişliği, açısı en az 60°, pahlı kısım en az 2cm, boy en az 0,75m)","A,C",Görsel + Ölçüm,null,boyu,null,null,null,null,null,2,>=,true,null,null,[],null,"Kabin eteği(en az kapı genişliği, açısı en az 60°, pahlı kısım en az 2cm, boy en az 0,75m)",ÜB.FR.39,R.02,12,61,"[""modul_g_tam""]",null,null
MAD-0327,327,03 - Kabin ve Kabin Üstü,81-1/2+A3,Standart / ÜB.FR.39,"📘 Kısa Teknik Açıklamalar 1.2 / 1.4 → Kabin içi alanların yeterliliği, düşme veya sıkışma riski bulunmaması. 3.1 → Kurtarma tertibatı (manuel kurtarma, acil durumlarda kabinden çıkış imkânı). 4.2 → Bakım personeli için kabin içinden erişim noktalarında güvenlik. 4.5 → Kat hizalaması ve seviyeleme doğruluğu. 4.7 / 4.8 / 4.9 → Kabin içi aydınlatma, acil aydınlatma ve haberleşme donanımlarının güvenliği. 5.1 / 5.2 → Kullanıcı bilgilendirme levhaları ve kumanda işaretlemeleri. 1.6.2 → Elektrikli ekipman ve kabin içi tesisat güvenliği. | ZA: 📘 Kısa Teknik Açıklamalar 1.2 / 1.4 → Kabin içi alanların yeterliliği, düşme veya sıkışma riski bulunmaması. 3.1 → Kurtarma tertibatı (manuel kurtarma, acil durumlarda kabinden çıkış imkânı). 4.2 → Bakım personeli için kabin içinden erişim noktalarında güvenlik. 4.5 → Kat hizalaması ve seviyeleme doğruluğu. 4.7 / 4.8 / 4.9 → Kabin içi aydınlatma, acil aydınlatma ve haberleşme donanımlarının güvenliği. 5.1 / 5.2 → Kullanıcı bilgilendirme levhaları ve kumanda işaretlemeleri. 1.6.2 → Elektrikli ekipman ve kabin içi tesisat güvenliği.",Bölüm açıklama kaydı — kontrol maddesi değildir,Bu satır önceki sürümde açıklama amacıyla eklenmiş tekrar kaydıdır. Denetçiye ayrı bir kontrol maddesi olarak gösterilmez.,"📘KısaTeknikAçıklamalar1.2/1.4→Kabiniçialanlarınyeterliliği,düşmeveyasıkışmariskibulunmaması.3.1→Kurtarmatertibatı(manuelkurtarma,acildurumlardakabindençıkışimkânı).4.2→Bakımpersoneliiçinkabiniçindenerişimnoktalarındagüvenlik.4.5→Kathizalamasıveseviyelemedoğruluğu.4.7/4.8/4.9→Kabiniçiaydınlatma,acilaydınlatmavehaberleşmedonanımlarınıngüvenliği.5.1/5.2→Kullanıcıbilgilendirmelevhalarıvekumandaişaretlemeleri.1.6.2→Elektrikliekipmanvekabiniçitesisatgüvenliği.",null,null,null,null,null,null,null,null,null,null,false,null,null,[],null,null,null,null,null,null,"[""modul_g_tam""]",null,null
MAD-0328,328,03 - Kabin ve Kabin Üstü,81-1/2+A3,Standart / ÜB.FR.39,5.2.1 | ZA: 1.6.3,Erişilebilir kabin giriş açıklığı,"Bu eski erişilebilirlik satırı 81-1/2+A3 grubunda mükerrer kalmıştır. Güncel ve daha ayrıntılı kontrol, 81-70 standart grubundaki karşılık gelen maddeden yapılır.","A,C",Görsel + Ölçüm,null,Net giriş açıklığı,mm,null,null,null,null,800,>=,false,EN 81-70 denetim kapsamına alınmadıysa Aranmaz.,null,[],null,null,null,null,null,null,"[""modul_g_tam""]",null,null
MAD-0329,329,03 - Kabin ve Kabin Üstü,81-1/2+A3,Standart / ÜB.FR.39,5.2.3 | ZA: 1.6.3,Erişilebilir kapı açık kalma süresi,"Bu eski erişilebilirlik satırı 81-1/2+A3 grubunda mükerrer kalmıştır. Güncel ve daha ayrıntılı kontrol, 81-70 standart grubundaki karşılık gelen maddeden yapılır.","A,B",Görsel + Test,null,null,null,null,null,null,null,null,null,false,EN 81-70 denetim kapsamına alınmadıysa Aranmaz.,null,[],null,null,null,null,null,null,"[""modul_g_tam""]",null,null
MAD-0330,330,03 - Kabin ve Kabin Üstü,81-1/2+A3,Standart / ÜB.FR.39,5.2.4 | ZA: 1.6.3,Erişilebilir kapıda koruyucu aygıtın kapsama alanı,"Bu eski erişilebilirlik satırı 81-1/2+A3 grubunda mükerrer kalmıştır. Güncel ve daha ayrıntılı kontrol, 81-70 standart grubundaki karşılık gelen maddeden yapılır.","A,C",Görsel + Ölçüm,null,mm,null,Mm kadar,null,null,null,null,null,false,EN 81-70 denetim kapsamına alınmadıysa Aranmaz.,null,[],null,null,null,null,null,null,"[""modul_g_tam""]",null,null
MAD-0331,331,03 - Kabin ve Kabin Üstü,81-1/2+A3,Standart / ÜB.FR.39,5.3.2.1 | ZA: 1.6.3,Erişilebilir kabinde el tutamağının konumu,"Bu eski erişilebilirlik satırı 81-1/2+A3 grubunda mükerrer kalmıştır. Güncel ve daha ayrıntılı kontrol, 81-70 standart grubundaki karşılık gelen maddeden yapılır.","A,C",Görsel + Ölçüm,null,tutamak yerden yüksekliği,null,null,null,null,null,35,>=,false,EN 81-70 denetim kapsamına alınmadıysa Aranmaz.,null,[],null,null,null,null,null,null,"[""modul_g_tam""]",null,null
MAD-0332,332,03 - Kabin ve Kabin Üstü,81-1/2+A3,Standart / ÜB.FR.39,5.3.2.1 | ZA: 1.6.3,El tutamağının kumandalara erişimi engellememesi,"Bu eski erişilebilirlik satırı 81-1/2+A3 grubunda mükerrer kalmıştır. Güncel ve daha ayrıntılı kontrol, 81-70 standart grubundaki karşılık gelen maddeden yapılır.",A,Görsel,null,null,null,null,null,null,null,null,null,false,EN 81-70 denetim kapsamına alınmadıysa Aranmaz.,null,[],null,null,null,null,null,null,"[""modul_g_tam""]",null,null
MAD-0333,333,03 - Kabin ve Kabin Üstü,81-1/2+A3,Standart / ÜB.FR.39,5.3.2.1 | ZA: 1.6.3,El tutamağı uçlarının güvenli biçimi,"Bu eski erişilebilirlik satırı 81-1/2+A3 grubunda mükerrer kalmıştır. Güncel ve daha ayrıntılı kontrol, 81-70 standart grubundaki karşılık gelen maddeden yapılır.",A,Görsel,null,null,null,null,null,null,null,null,null,false,EN 81-70 denetim kapsamına alınmadıysa Aranmaz.,null,[],null,null,null,null,null,null,"[""modul_g_tam""]",null,null
MAD-0334,334,03 - Kabin ve Kabin Üstü,81-1/2+A3,Standart / ÜB.FR.39,5.3.2.2 | ZA: 1.6.3,Katlanabilir koltuğun ölçü ve taşıma kapasitesi,"Bu eski erişilebilirlik satırı 81-1/2+A3 grubunda mükerrer kalmıştır. Güncel ve daha ayrıntılı kontrol, 81-70 standart grubundaki karşılık gelen maddeden yapılır.","A,C",Görsel + Ölçüm,null,Ölçülen değer,null,null,null,null,null,null,null,false,Katlanabilir koltuk yoksa veya EN 81-70 kapsamı seçilmediyse Aranmaz.,null,[],null,null,null,null,null,null,"[""modul_g_tam""]",null,null
MAD-0335,335,03 - Kabin ve Kabin Üstü,81-1/2+A3,Standart / ÜB.FR.39,5.3.2.3 | ZA: 1.6.3,Kabin aynası ve yansıtıcı yüzeyin alt sınırı,"Bu eski erişilebilirlik satırı 81-1/2+A3 grubunda mükerrer kalmıştır. Güncel ve daha ayrıntılı kontrol, 81-70 standart grubundaki karşılık gelen maddeden yapılır.","A,C",Görsel + Ölçüm,null,Ölçülen değer,null,null,null,null,null,300,>=,false,Ayna/yoğun yansıtıcı yüzey yoksa veya EN 81-70 kapsamı seçilmediyse Aranmaz.,null,[],null,null,null,null,null,null,"[""modul_g_tam""]",null,null
MAD-0336,336,03 - Kabin ve Kabin Üstü,81-1/2+A3,Standart / ÜB.FR.39,5.4 | ZA: 1.6.3,Asansör EN 81-70 standardına göre (engelliler için,"Bu eski erişilebilirlik satırı 81-1/2+A3 grubunda mükerrer kalmıştır. Güncel ve daha ayrıntılı kontrol, 81-70 standart grubundaki karşılık gelen maddeden yapılır.","A,C",Görsel + Ölçüm,null,Ölçülen değer,null,null,null,null,null,null,null,false,null,null,[],null,null,null,null,null,null,"[""modul_g_tam""]",null,null
MAD-0337,337,03 - Kabin ve Kabin Üstü,81-1/2+A3,Standart / ÜB.FR.39,5.4.2.2 | ZA: 1.6.3,Erişilebilir kabin kumandalarının yerleşimi,"Bu eski erişilebilirlik satırı 81-1/2+A3 grubunda mükerrer kalmıştır. Güncel ve daha ayrıntılı kontrol, 81-70 standart grubundaki karşılık gelen maddeden yapılır.","A,C",Görsel + Ölçüm,null,Ölçülen değer,null,null,null,null,null,900,>=,false,EN 81-70 denetim kapsamına alınmadıysa Aranmaz.,null,[],null,null,null,null,null,null,"[""modul_g_tam""]",null,null
MAD-0338,338,03 - Kabin ve Kabin Üstü,81-1/2+A3,Standart / ÜB.FR.39,5.4.2.2 | ZA: 1.6.3,Kabin kumanda panelinin kapıya göre konumu,"Bu eski erişilebilirlik satırı 81-1/2+A3 grubunda mükerrer kalmıştır. Güncel ve daha ayrıntılı kontrol, 81-70 standart grubundaki karşılık gelen maddeden yapılır.",A,Görsel,null,null,null,null,null,null,null,null,null,false,EN 81-70 denetim kapsamına alınmadıysa Aranmaz.,null,[],null,null,null,null,null,null,"[""modul_g_tam""]",null,null
MAD-0339,339,03 - Kabin ve Kabin Üstü,81-1/2+A3,Standart / ÜB.FR.39,"5.4.3.2 Ek-I, 1.6.3 | ZA: 1.6.3",Durak yön okları ve sesli işaret,"Bu eski erişilebilirlik satırı 81-1/2+A3 grubunda mükerrer kalmıştır. Güncel ve daha ayrıntılı kontrol, 81-70 standart grubundaki karşılık gelen maddeden yapılır.","A,C",Görsel + Ölçüm,null,Ölçülen değer,null,null,null,null,null,null,null,false,Müşterek kumanda yoksa veya EN 81-70 kapsamı seçilmediyse Aranmaz.,null,[],null,null,null,null,null,null,"[""modul_g_tam""]",null,null
MAD-0340,340,03 - Kabin ve Kabin Üstü,81-1/2+A3,Standart / ÜB.FR.39,5.4.3.3 | ZA: 1.6.3,Kabin içi görünür ve sesli durak bildirimi,"Bu eski erişilebilirlik satırı 81-1/2+A3 grubunda mükerrer kalmıştır. Güncel ve daha ayrıntılı kontrol, 81-70 standart grubundaki karşılık gelen maddeden yapılır.","A,B",Görsel + Test,null,null,null,null,null,null,null,null,null,false,İlgili sinyal düzeni bu asansör tipinde aranmıyorsa Aranmaz.,null,[],null,null,null,null,null,null,"[""modul_g_tam""]",null,null
MAD-0341,341,03 - Kabin ve Kabin Üstü,81-1/2+A3,Standart / ÜB.FR.39,5.4.3.4 | ZA: 1.6.3,Sesli işaretlerin ayarlanabilir seviyesi,"Bu eski erişilebilirlik satırı 81-1/2+A3 grubunda mükerrer kalmıştır. Güncel ve daha ayrıntılı kontrol, 81-70 standart grubundaki karşılık gelen maddeden yapılır.","A,C",Görsel + Ölçüm,null,Ölçülen değer,null,null,null,null,null,null,null,false,Sesli işaret yoksa veya EN 81-70 kapsamı seçilmediyse Aranmaz.,null,[],null,null,null,null,null,null,"[""modul_g_tam""]",null,null
MAD-0342,342,03 - Kabin ve Kabin Üstü,81-1/2+A3,Standart / ÜB.FR.39,5.4.4.1 | ZA: 1.6.3,Kabin konum göstergesinin yerleşimi ve rakam boyutu,"Bu eski erişilebilirlik satırı 81-1/2+A3 grubunda mükerrer kalmıştır. Güncel ve daha ayrıntılı kontrol, 81-70 standart grubundaki karşılık gelen maddeden yapılır.","A,C",Görsel + Ölçüm,null,Ölçülen değer,null,null,null,null,null,null,null,false,EN 81-70 denetim kapsamına alınmadıysa Aranmaz.,null,[],null,null,null,null,null,null,"[""modul_g_tam""]",null,null
MAD-0343,343,03 - Kabin ve Kabin Üstü,81-1/2+A3,Standart / ÜB.FR.39,5.4.4.2 | ZA: 1.6.3,Sesli kat anonsu,"Bu eski erişilebilirlik satırı 81-1/2+A3 grubunda mükerrer kalmıştır. Güncel ve daha ayrıntılı kontrol, 81-70 standart grubundaki karşılık gelen maddeden yapılır.","A,C",Görsel + Ölçüm,null,Ölçülen değer,null,null,null,null,null,null,null,false,EN 81-70 denetim kapsamına alınmadıysa Aranmaz.,null,[],null,null,null,null,null,null,"[""modul_g_tam""]",null,null
MAD-0344,344,03 - Kabin ve Kabin Üstü,81-1/2+A3,Standart / ÜB.FR.39,5.4.4.3 | ZA: 1.6.3,Alarmın alındı ve iletişim kuruldu piktogramları,"Bu eski erişilebilirlik satırı 81-1/2+A3 grubunda mükerrer kalmıştır. Güncel ve daha ayrıntılı kontrol, 81-70 standart grubundaki karşılık gelen maddeden yapılır.","A,C,E",Görsel + Ölçüm + Talimat/İşaret,null,Ölçülen değer,null,null,null,null,null,null,null,false,EN 81-70 denetim kapsamına alınmadıysa Aranmaz.,null,[],null,null,null,null,null,null,"[""modul_g_tam""]",null,null
MAD-0345,345,03 - Kabin ve Kabin Üstü,81-1/2+A3,Standart / ÜB.FR.39,Ek D – D.5 | ZA: 1.6.3,Kabin iç yüzeylerinde takılma riski oluşturan kaplamalar,"Bu eski erişilebilirlik satırı 81-1/2+A3 grubunda mükerrer kalmıştır. Güncel ve daha ayrıntılı kontrol, 81-70 standart grubundaki karşılık gelen maddeden yapılır.",A,Görsel,null,null,null,null,null,null,null,null,null,false,EN 81-70 denetim kapsamına alınmadıysa Aranmaz.,null,[],null,null,null,null,null,null,"[""modul_g_tam""]",null,null
MAD-0346,346,03 - Kabin ve Kabin Üstü,81-1/2+A3,Standart / ÜB.FR.39,Ek D – D.6 | ZA: 1.6.3,Kabin iç yüzeylerinin temizlenebilirliği,"Bu eski erişilebilirlik satırı 81-1/2+A3 grubunda mükerrer kalmıştır. Güncel ve daha ayrıntılı kontrol, 81-70 standart grubundaki karşılık gelen maddeden yapılır.",A,Görsel,null,null,null,null,null,null,null,null,null,false,EN 81-70 denetim kapsamına alınmadıysa Aranmaz.,null,[],null,null,null,null,null,null,"[""modul_g_tam""]",null,null
MAD-0347,347,03 - Kabin ve Kabin Üstü,81-1/2+A3,Standart / ÜB.FR.39,Ek E–E.3.3 | ZA: 1.6.3,Spot lambaların tek aydınlatma kaynağı olmaması,"Bu eski erişilebilirlik satırı 81-1/2+A3 grubunda mükerrer kalmıştır. Güncel ve daha ayrıntılı kontrol, 81-70 standart grubundaki karşılık gelen maddeden yapılır.",A,Görsel,null,null,null,null,null,null,null,null,null,false,EN 81-70 denetim kapsamına alınmadıysa Aranmaz.,null,[],null,null,null,null,null,null,"[""modul_g_tam""]",null,null
MAD-0348,348,03 - Kabin ve Kabin Üstü,81-1/2+A3,Standart / ÜB.FR.39,Ek E–E.4.1 | ZA: 1.6.3,Dokunsal işaretlerin kabartma ölçüleri,"Bu eski erişilebilirlik satırı 81-1/2+A3 grubunda mükerrer kalmıştır. Güncel ve daha ayrıntılı kontrol, 81-70 standart grubundaki karşılık gelen maddeden yapılır.","A,C",Görsel + Ölçüm,null,Ölçülen değer,null,null,null,null,null,15,>=,false,EN 81-70 denetim kapsamına alınmadıysa Aranmaz.,null,[],null,null,null,null,null,null,"[""modul_g_tam""]",null,null
MAD-0349,349,03 - Kabin ve Kabin Üstü,81-1/2+A3,Standart / ÜB.FR.39,Ek E–E.5.1 | ZA: 1.6.3,Durak kapısının duvarla görsel karşıtlığı,"Bu eski erişilebilirlik satırı 81-1/2+A3 grubunda mükerrer kalmıştır. Güncel ve daha ayrıntılı kontrol, 81-70 standart grubundaki karşılık gelen maddeden yapılır.",A,Görsel,null,null,null,null,null,null,null,null,null,false,EN 81-70 denetim kapsamına alınmadıysa Aranmaz.,null,[],null,null,null,null,null,null,"[""modul_g_tam""]",null,null
MAD-0350,350,03 - Kabin ve Kabin Üstü,81-1/2+A3,Standart / ÜB.FR.39,Ek E–E.5.2 | ZA: 1.6.3,Çağrı butonunun yüzeyle görsel karşıtlığı,"Bu eski erişilebilirlik satırı 81-1/2+A3 grubunda mükerrer kalmıştır. Güncel ve daha ayrıntılı kontrol, 81-70 standart grubundaki karşılık gelen maddeden yapılır.",A,Görsel,null,null,null,null,null,null,null,null,null,false,EN 81-70 denetim kapsamına alınmadıysa Aranmaz.,null,[],null,null,null,null,null,null,"[""modul_g_tam""]",null,null
MAD-0351,351,03 - Kabin ve Kabin Üstü,81-1/2+A3,Standart / ÜB.FR.39,Ek E–E.5.3 | ZA: 1.6.3,Durak kapısı önünde ayırt edilebilir zemin alanı,"Bu eski erişilebilirlik satırı 81-1/2+A3 grubunda mükerrer kalmıştır. Güncel ve daha ayrıntılı kontrol, 81-70 standart grubundaki karşılık gelen maddeden yapılır.","A,C",Görsel + Ölçüm,null,Ölçülen değer,null,null,null,null,null,null,null,false,EN 81-70 denetim kapsamına alınmadıysa Aranmaz.,null,[],null,null,null,null,null,null,"[""modul_g_tam""]",null,null
MAD-0352,352,03 - Kabin ve Kabin Üstü,81-1/2+A3,Standart / ÜB.FR.39,Ek E–E.6.2 | ZA: 1.6.3,Kabin duvarı ve zeminin mat ve karşıt yüzeyi,"Bu eski erişilebilirlik satırı 81-1/2+A3 grubunda mükerrer kalmıştır. Güncel ve daha ayrıntılı kontrol, 81-70 standart grubundaki karşılık gelen maddeden yapılır.",A,Görsel,null,null,null,null,null,null,null,null,null,false,EN 81-70 denetim kapsamına alınmadıysa Aranmaz.,null,[],null,null,null,null,null,null,"[""modul_g_tam""]",null,null
MAD-0353,353,03 - Kabin ve Kabin Üstü,81-1/2+A3,Standart / ÜB.FR.39,Ek E–E.6.3 | ZA: 1.6.3,Kabin ve durak zeminlerinin benzer yüzey özelliği,"Bu eski erişilebilirlik satırı 81-1/2+A3 grubunda mükerrer kalmıştır. Güncel ve daha ayrıntılı kontrol, 81-70 standart grubundaki karşılık gelen maddeden yapılır.",A,Görsel,null,null,null,null,null,null,null,null,null,false,EN 81-70 denetim kapsamına alınmadıysa Aranmaz.,null,[],null,null,null,null,null,null,"[""modul_g_tam""]",null,null
MAD-0354,354,03 - Kabin ve Kabin Üstü,81-1/2+A3,Standart / ÜB.FR.39,"📘 Kısa Teknik Açıklamalar 1.6.3 → Asansörlerin engelli bireylerce erişilebilir olmasını sağlayan kumanda, sinyalizasyon ve kabin boyutu gerekleri. Bu maddeye göre: Kabin içi ve kat kumanda panellerinin yüksekliği, düğme dokunsal işaretleri ve sesli sinyaller, Görme veya işitme engelliler için görsel-işitsel bildirimler, Kabin içi ayna, korkuluk, kapı açılma süresi gibi erişilebilirlik detayları, Tüm Ek D ve Ek E maddeleri dahil olmak üzere kullanıcı etkileşimini güvenli ve erişilebilir kılar. | ZA: 📘 Kısa Teknik Açıklamalar 1.6.3 → Asansörlerin engelli bireylerce erişilebilir olmasını sağlayan kumanda, sinyalizasyon ve kabin boyutu gerekleri. Bu maddeye göre: Kabin içi ve kat kumanda panellerinin yüksekliği, düğme dokunsal işaretleri ve sesli sinyaller, Görme veya işitme engelliler için görsel-işitsel bildirimler, Kabin içi ayna, korkuluk, kapı açılma süresi gibi erişilebilirlik detayları, Tüm Ek D ve Ek E maddeleri dahil olmak üzere kullanıcı etkileşimini güvenli ve erişilebilir kılar.",Bölüm açıklama kaydı — kontrol maddesi değildir,Bu satır önceki sürümde açıklama amacıyla eklenmiş tekrar kaydıdır. Denetçiye ayrı bir kontrol maddesi olarak gösterilmez.,"📘KısaTeknikAçıklamalar1.6.3→Asansörlerinengellibireylerceerişilebilirolmasınısağlayankumanda,sinyalizasyonvekabinboyutugerekleri.Bumaddeyegöre:Kabiniçivekatkumandapanellerininyüksekliği,düğmedokunsalişaretleriveseslisinyaller,Görmeveyaişitmeengellileriçingörsel-işitselbildirimler,Kabiniçiayna,korkuluk,kapıaçılmasüresigibierişilebilirlikdetayları,TümEkDveEkEmaddeleridahilolmaküzerekullanıcıetkileşiminigüvenliveerişilebilirkılar.",null,null,null,null,null,null,null,null,null,null,false,null,null,[],null,null,null,null,null,null,"[""modul_g_tam""]",null,null
MAD-0355,355,03 - Kabin ve Kabin Üstü,81-1/2+A3,Standart / ÜB.FR.39,8.15 / 14.2.1.3 / 14.2.2.1 | ZA: 1.2.1 4.2,Kabin üstü durdurma tertibatının konumu,Kontrol: Durdurma tertibatı (Giriş noktasından en fazla 1 m uzaklıkta),"A,C",Görsel + Ölçüm,null,Girişten uzaklık,null,null,null,null,null,1,<=,true,null,null,[],null,Durdurma tertibatı (Giriş noktasından en fazla 1 m uzaklıkta),ÜB.FR.39,R.02,12,93,"[""modul_g_tam""]",null,null
MAD-0356,356,03 - Kabin ve Kabin Üstü,81-1/2+A3,Standart / ÜB.FR.39,"Yangın Yön. M.53-1,2 | ZA: 1.5.6",Kabin üstünde temizlik ve yanıcı madde kontrolü,Kontrol: Kuyuda yanıcı maddelerin bulunmaması ve temizlik,A,Görsel,null,null,null,null,null,null,null,null,null,true,null,null,[],null,Kuyuda yanıcı maddelerin bulunmaması ve temizlik,ÜB.FR.39,R.02,12,94,"[""modul_g_tam""]",null,null
MAD-0357,357,03 - Kabin ve Kabin Üstü,81-1/2+A3,Standart / ÜB.FR.39,8.13.3 | ZA: 1.4.4 4.2,Kabin üstü korkuluğunun yapısı ve yüksekliği,"Kabin üstü dış kenarı ile kuyu duvarı arası 0,3 m'yi aştığında korkuluk bulunduğunu; serbest mesafe 0,85 m'ye kadarsa yüksekliğin en az 0,7 m, 0,85 m'den büyükse en az 1,1 m olduğunu; ayak koruyucu, ara çubuk ve el tutamağının mevcut olduğunu ölçün.","A,C",Görsel + Ölçüm,null,korkuluk yükseklik,null,Duvara mesafe,null,null,null,null,null,true,null,null,[],null,"- 0,3 m < kabinin dış kenarı ile duvar arası ≤ 0,85 m ise korkuluk yüksekliği en az 0,7 m - Kabinin dış kenarı ile duvar arası > 0,85 m ise korkuluk yüksekliği en az 1,1 m - 10 cm yüksekliğinde bir ayak koruma, bir el tutamağı ve yarı yükseklikte bir ara çubuk - Kabin üstünde en fazla 0,15 m kabin tavanının içerisine doğru konumlanması - El tutamağı dış kenarı ile kuyu içindeki herhangi bir parça arası mesafe en az 0,1 m",ÜB.FR.39,R.02,null,null,"[""modul_g_tam""]",null,null
MAD-0358,358,03 - Kabin ve Kabin Üstü,81-1/2+A3,Standart / ÜB.FR.39,8.13.2 | ZA: 1.4.4 4.2,Kabin üstü çalışma alanının net ölçüleri,"Kabin üstünde kişinin durabileceği net alanın en az 0,12 m² ve en küçük kenarının en az 0,25 m olduğunu ölçün.","A,C",Görsel + Ölçüm,null,Ölçülen değer,null,null,null,null,null,0.12,>=,true,null,null,[],null,"Kabin üstündeki serbest alan (En az 0,12 m², en küçük kenar 0,25 m)",ÜB.FR.39,R.02,null,null,"[""modul_g_tam""]",null,null
MAD-0359,359,03 - Kabin ve Kabin Üstü,81-1/2+A3,Standart / ÜB.FR.39,"Ek D, D.2 İç Tes. Yön. M.57 | ZA: 1.6",Kabin üstü koruyucu topraklama sürekliliği,Kontrol: Topraklamanın sürekliliği (kablo renkleri yeşil-sarı),"A,C",Görsel + Ölçüm,null,Ölçülen değer,null,null,null,null,MR,null,null,true,null,null,[],null,Topraklamanın sürekliliği (kablo renkleri yeşil-sarı),ÜB.FR.39,R.02,12,97,"[""modul_g_tam""]",null,null
MAD-0360,360,03 - Kabin ve Kabin Üstü,81-1/2+A3,Standart / ÜB.FR.39,5.10 | ZA: 3.1,Kabin üstü alarm ve iki yönlü haberleşme,Kabin üstünde acil durum besleme kaynağından sürekli çalışan iki yönlü haberleşmeli alarm tertibatı bulunduğunu test edin.,"A,B",Görsel + Test,null,null,null,null,null,null,null,null,null,true,Kabin üstünde mahsur kalma riski yoksa Aranmaz.,null,[],null,"Alarm tertibatı (acil durum besleme kaynağından, sürekli iki yönlü haberleşme)",ÜB.FR.39,R.02,null,null,"[""modul_g_tam""]",null,null
MAD-0361,361,03 - Kabin ve Kabin Üstü,81-1/2+A3,Standart / ÜB.FR.39,8.15 / 14.2.1.3 | ZA: 1.2.1 4.2,Kabin üstü bakım kumandasının işlevleri,"Bakım kumandasında iki konumlu muayene anahtarı, sürekli basılı tutularak çalışan yön/çalıştır butonları, durdurma tertibatı bulunduğunu ve muayene hızının 0,63 m/s'yi aşmadığını, hareket sınırlarının aşılmadığını test edin.","A,B",Görsel + Test,null,null,null,null,null,null,null,null,null,true,null,null,[],null,"Bakım kumandası (muayene anahtarı, sürekli basılarak çalışan kumanda butonu, hareket yönleri, stop, kabin hızı 0,63 m/s'den az olmalı, hareket sınırları aşılmamalı)",ÜB.FR.39,R.02,null,null,"[""modul_g_tam""]",null,null
MAD-0362,362,03 - Kabin ve Kabin Üstü,81-1/2+A3,Standart / ÜB.FR.39,8.15 | ZA: 1.2.1 4.2,Kabin üstü servis prizi,"Kontrol: Çalışma alanı için priz (toprak bağlantısı, makineyi besleyen devreden bağımsız olmalı)","A,C",Görsel + Ölçüm,null,Ölçülen değer,null,null,null,null,null,null,null,true,null,null,[],null,"Çalışma alanı için priz (toprak bağlantısı, makineyi besleyen devreden bağımsız olmalı)",ÜB.FR.39,R.02,12,100,"[""modul_g_tam""]",null,null
MAD-0363,363,03 - Kabin ve Kabin Üstü,81-1/2+A3,Standart / ÜB.FR.39,8.13.4 | ZA: 1.4.4 4.2,Kabin üstü uyarı ve yön işaretleri,"Kontrol: Korkuluk, stop ve bakım kumandası üzerine uyarı yazıları ve hareket yönleri işaretleri","A,E",Görsel + Talimat/İşaret,null,null,null,null,null,null,null,null,null,true,null,null,[],null,"Korkuluk, stop ve bakım kumandası üzerine uyarı yazıları ve hareket yönleri işaretleri",ÜB.FR.39,R.02,12,101,"[""modul_g_tam""]",null,null
MAD-0364,364,03 - Kabin ve Kabin Üstü,81-1/2+A3,Standart / ÜB.FR.39,"9.2.3.1,2 | ZA: 4.2","Kabin, karşı ağırlık ve palanga halatı bağlantıları","Kabin, karşı ağırlık ve palanga halatı uç bağlantılarını gevşeme/kayma/tel hasarı yönünden kontrol edin; radansalı klemensli bağlantıda en az 3 klemens bulunduğunu doğrulayın.",A,Görsel,null,Klemens sayısı,null,null,null,null,null,null,null,true,İlgili halatlı bağlantı tipi yoksa Aranmaz.,null,[],null,Kabin/ karşı ağırlık/palanga halat bağlantıları (radansa klemens sayısı ise en az 3),ÜB.FR.39,R.02,null,null,"[""modul_g_tam""]",null,null
MAD-0008H,365,04 - Makine ve Şase,Genel,Saha Ölçümü,ÜB.FR.65 R.00 — Teknik Dosya-Saha Eşleşme Formu; ÜB.RP.08 R.02 — Modül E/H1 Gözetim Denetimi Kontrol Raporu,Elektrikli tahrik ve askı sisteminin saha ölçüleri,"Makine alanında halat ve kasnak bilgilerini etiket, kumpas/şerit metre ve erişilebilir yerleşim üzerinden kaydedin. En güvenli erişilebilir noktayı kullanın; değerleri tahmin etmeyin.","C,D",Ölçüm + Çizim/Hesap,null,null,null,null,null,Elektrikli,null,null,null,true,null,null,"[{""id"":""aski_halat_tipi"",""etiket"":""Askı halatı / taşıyıcı eleman tipi"",""birim"":null,""tur"":""metin"",""kaynak"":""ÜB.FR.65 R.00 — Teknik Dosya-Saha Eşleşme Formu"",""referans_metni"":""Etiket, profil veya teknik dosyada görülen tanımlama sahadaki biçimiyle kaydedilir.""},{""id"":""aski_halat_adedi"",""etiket"":""Askı halatı / taşıyıcı eleman adedi"",""birim"":""adet"",""tur"":""sayi"",""kaynak"":""ÜB.FR.65 R.00 — Teknik Dosya-Saha Eşleşme Formu"",""referans_metni"":""Sahada görülen adet kaydedilir ve teknik dosya ile karşılaştırılır.""},{""id"":""aski_halat_capi"",""etiket"":""Askı halatı / taşıyıcı eleman çapı"",""birim"":""mm"",""tur"":""sayi"",""kaynak"":""ÜB.FR.65 R.00 — Teknik Dosya-Saha Eşleşme Formu"",""referans_metni"":""Sahada ölçülen değer bir kez kaydedilir; denetçi teknik dosya ve ilgili kontrol maddesiyle karşılaştırır.""},{""id"":""tahrik_kasnak_capi"",""etiket"":""Tahrik kasnağı çapı"",""birim"":""mm"",""tur"":""sayi"",""kaynak"":""ÜB.FR.65 R.00 — Teknik Dosya-Saha Eşleşme Formu"",""referans_metni"":""Sahada ölçülen değer bir kez kaydedilir; denetçi teknik dosya ve ilgili kontrol maddesiyle karşılaştırır.""},{""id"":""saptirma_kasnak_capi"",""etiket"":""Saptırma kasnağı çapı"",""birim"":""mm"",""tur"":""sayi"",""kaynak"":""ÜB.FR.65 R.00 — Teknik Dosya-Saha Eşleşme Formu"",""referans_metni"":""Sahada ölçülen değer bir kez kaydedilir; denetçi teknik dosya ve ilgili kontrol maddesiyle karşılaştırır.""},{""id"":""halat_sarim_acisi"",""etiket"":""Halat sarım açısı"",""birim"":""°"",""tur"":""sayi"",""kaynak"":""ÜB.FR.65 R.00 — Teknik Dosya-Saha Eşleşme Formu"",""referans_metni"":""Sahada veya onaylı yerleşim üzerinden doğrulanan değer kaydedilir; uygulama otomatik uygunluk kararı vermez.""}]",null,null,ÜB.FR.65,R.00,null,null,"[""modul_g_tam"",""saha_teyidi_e"",""saha_teyidi_h1""]",null,null
MAD-0008I,365,04 - Makine ve Şase,Genel,Saha Ölçümü,ÜB.FR.65 R.00 — Teknik Dosya-Saha Eşleşme Formu; ÜB.RP.08 R.02 — Modül E/H1 Gözetim Denetimi Kontrol Raporu,Hidrolik piston yerleşiminin saha ölçüleri,Hidrolik sistemde pistonun raylara ve kapı referansına olan en kısa mesafelerini erişilebilir ve güvenli konumdan ölçün. Değerleri teknik dosya ile karşılaştırın.,"C,D",Ölçüm + Çizim/Hesap,null,null,null,null,null,Hidrolik,null,null,null,true,null,null,"[{""id"":""piston_ray_arasi_mesafe"",""etiket"":""Piston ile en yakın ray arasındaki mesafe"",""birim"":""mm"",""tur"":""sayi"",""kaynak"":""ÜB.FR.65 R.00 — Teknik Dosya-Saha Eşleşme Formu"",""referans_metni"":""Sahada ölçülen değer bir kez kaydedilir; denetçi teknik dosya ve ilgili kontrol maddesiyle karşılaştırır.""},{""id"":""piston_kapi_arasi_mesafe"",""etiket"":""Piston ile kapı referansı arasındaki mesafe"",""birim"":""mm"",""tur"":""sayi"",""kaynak"":""ÜB.FR.65 R.00 — Teknik Dosya-Saha Eşleşme Formu"",""referans_metni"":""Sahada ölçülen değer bir kez kaydedilir; denetçi teknik dosya ve ilgili kontrol maddesiyle karşılaştırır.""}]",null,null,ÜB.FR.65,R.00,null,null,"[""modul_g_tam"",""saha_teyidi_e"",""saha_teyidi_h1""]",null,null
MAD-0365,365,03 - Kabin ve Kabin Üstü,81-1/2+A3,Standart / ÜB.FR.39,"📘 Kısa Teknik Açıklamalar 1.2.1 → Kabin üstü erişim, çalışma alanı ve servis pozisyonu güvenliği. 1.4.4 → Kabin üstünde personelin düşme, çarpma veya hareketli parçalara temas riskine karşı koruma. 1.5.6 → Yangın anında güvenli malzeme ve tesisat kullanımı (Yangın Yön. M.53). 1.6 → Kabin üstü elektrik donanımlarının ve aydınlatmaların güvenliği. 3.1 → Kurtarma ve acil durum işletmeleri (özellikle 5.10 maddesi). 4.2 → Bakım ve muayene personelinin çalışma esnasında korunması. | ZA: 📘 Kısa Teknik Açıklamalar 1.2.1 → Kabin üstü erişim, çalışma alanı ve servis pozisyonu güvenliği. 1.4.4 → Kabin üstünde personelin düşme, çarpma veya hareketli parçalara temas riskine karşı koruma. 1.5.6 → Yangın anında güvenli malzeme ve tesisat kullanımı (Yangın Yön. M.53). 1.6 → Kabin üstü elektrik donanımlarının ve aydınlatmaların güvenliği. 3.1 → Kurtarma ve acil durum işletmeleri (özellikle 5.10 maddesi). 4.2 → Bakım ve muayene personelinin çalışma esnasında korunması.",Bölüm açıklama kaydı — kontrol maddesi değildir,Bu satır önceki sürümde açıklama amacıyla eklenmiş tekrar kaydıdır. Denetçiye ayrı bir kontrol maddesi olarak gösterilmez.,"📘KısaTeknikAçıklamalar1.2.1→Kabinüstüerişim,çalışmaalanıveservispozisyonugüvenliği.1.4.4→Kabinüstündepersonelindüşme,çarpmaveyahareketliparçalaratemasriskinekarşıkoruma.1.5.6→Yangınanındagüvenlimalzemevetesisatkullanımı(YangınYön.M.53).1.6→Kabinüstüelektrikdonanımlarınınveaydınlatmalarıngüvenliği.3.1→Kurtarmaveacildurumişletmeleri(özellikle5.10maddesi).4.2→Bakımvemuayenepersonelininçalışmaesnasındakorunması.",null,null,null,null,null,null,null,null,null,null,false,null,null,[],null,null,null,null,null,null,"[""modul_g_tam""]",null,null
MAD-0366,366,04 - Makine ve Şase,Genel,Ek Mühendislik,EK-M-007,Makine şasesi genel güvenliği,"Eğilme, burulma, boşta ayak, gelişigüzel takoz, titreşim ve korozyonu incele.",null,null,Eğilme veya burulma|Boşta ayak veya takoz|Titreşim veya hareket izi|Korozyon / kesit kaybı,null,null,null,null,null,null,null,null,true,null,null,[],null,null,null,null,null,null,"[""modul_g_tam""]",null,null
MAD-0367,367,04 - Makine ve Şase,Genel,Ek Mühendislik,EK-M-008,Makine ve motor bağlantı civataları,"Civata kalite işaretini, çapını, sayısını ve gevşekliği kontrol et.",null,null,6.8|Kalite işareti okunamadı|Civata eksik|Gevşek bağlantı,Civata çapı,mm,Civata adedi,adet,null,null,null,null,true,null,null,[],null,null,null,null,null,null,"[""modul_g_tam""]",null,null
MAD-0368,368,04 - Makine ve Şase,Genel,Ek Mühendislik,EK-M-009,Şase kaynakları,"Punta, çatlak, kopma, ayrılma, düzensiz dikiş ve deformasyonu incele.",null,null,Punta kaynak|Yetersiz dikiş|Çatlak|Kopma veya ayrılma,null,null,null,null,null,null,null,null,true,null,null,[],null,null,null,null,null,null,"[""modul_g_tam""]",null,null
MAD-0369,369,04 - Makine ve Şase,Genel,Ek Mühendislik,EK-M-010,Şase–bina bağlantıları ve ankrajlar,"Ankraj çapı/sayısı, bağlantı yüzeyi, çatlak, hareket ve zayıf dolgu riskini incele.",null,null,Zayıf yüzeye bağlantı|Ankraj eksik|Gevşeklik / hareket|Çatlak / parçalanma,Ankraj çapı,mm,Ankraj adedi,adet,null,null,null,null,true,null,null,[],null,null,null,null,null,null,"[""modul_g_tam""]",null,null
MAD-0370,370,04 - Makine ve Şase,Genel,Ek Mühendislik,EK-M-011,Saptırma kasnağı taşıyıcısı,"Profil, mil/yatak bağlantısı, kaynak, civata ve deformasyonu incele.",null,null,Şüpheli uygulama|Kritik kusur,null,null,null,null,null,null,null,null,true,null,null,[],null,null,null,null,null,null,"[""modul_g_tam""]",null,null
MAD-0371,371,04 - Makine ve Şase,81-20,Standart / ÜB.FR.38,5.2.2.2,Makine veya makara dairesi erişim yolu aydınlatması,Makine/makara dairesine erişime izin veren giriş yollarında en az 50 lüks aydınlatma olmalıdır.,"A,C,E",Görsel + Ölçüm + Talimat/İşaret,null,Ölçü 1,lüks,null,null,null,MR,50,>=,true,null,null,[],null,Makine/makara dairesine erişime izin veren giriş yollarında en az 50 lüks aydınlatma olmalıdır.,ÜB.FR.38,R.04,11,176,"[""modul_g_tam""]",MAKİNA DAİRELİ ASANSÖRLERİN DEĞERLENDİRME KRİTERLERİ,null
MAD-0372,372,04 - Makine ve Şase,81-20,Standart / ÜB.FR.38,Yangın Yönetmeliği 6.2-1,Makine dairesinin yangın dayanımı,Makina dairesi yangına en az 60 dk. dayanıklı ve yanıcı olmayan malzemeden yapılmalı,"A,B",Görsel + Test,null,null,null,null,null,null,MR,null,null,true,null,null,[],null,Makina dairesi yangına en az 60 dk. dayanıklı ve yanıcı olmayan malzemeden yapılmalı,ÜB.FR.38,R.04,11,177,"[""modul_g_tam""]",MAKİNA DAİRELİ ASANSÖRLERİN DEĞERLENDİRME KRİTERLERİ,null
MAD-0373,373,04 - Makine ve Şase,81-20,Standart / ÜB.FR.38,5.2.1.1.2,Birden fazla asansöre ait donanımların tanımlanması,"Birden fazla asansör parçaları varsa, tüm parçalar (makine, kumandalar, hız regülâtörü, anahtarlar vb.) için sürekli kullanılan bir numara, harf veya renkle tanımlanmış olmalıdır.","A,B,C,D,E",Görsel + Test + Ölçüm + Çizim/Hesap + Talimat/İşaret,null,Ölçülen değer,null,null,null,null,MR,null,null,true,null,null,[],null,"Birden fazla asansör parçaları varsa, tüm parçalar (makine, kumandalar, hız regülâtörü, anahtarlar vb.) için sürekli kullanılan bir numara, harf veya renkle tanımlanmış olmalıdır.",ÜB.FR.38,R.04,11,178,"[""modul_g_tam""]",MAKİNA DAİRELİ ASANSÖRLERİN DEĞERLENDİRME KRİTERLERİ,null
MAD-0374,374,04 - Makine ve Şase,81-20,Standart / ÜB.FR.38,5.2.2.5,Makine ve makara dairesine güvenli erişim,Makine/makara dairelerine güvenli giriş sağlanmalı (tercihen tamamen merdivenlerle),"A,C,E",Görsel + Ölçüm + Talimat/İşaret,null,Ölçülen değer,null,null,null,null,MR,null,null,true,null,null,[],null,Makine/makara dairelerine güvenli giriş sağlanmalı (tercihen tamamen merdivenlerle),ÜB.FR.38,R.04,11,179,"[""modul_g_tam""]",MAKİNA DAİRELİ ASANSÖRLERİN DEĞERLENDİRME KRİTERLERİ,null
MAD-0375,375,04 - Makine ve Şase,81-20,Standart / ÜB.FR.38,5.2.6.3.1,"Muayene, deney ve bakımın makine dairesinden yapılması","Muayene, deney ve bakım çalışmaları makina dairesinden gerçekleştirilmeli ve makine dairesi ile kuyu arasındaki açıklıklar mümkün olduğu kadar küçük olmalı","A,B,C,D,E",Görsel + Test + Ölçüm + Çizim/Hesap + Talimat/İşaret,null,Ölçülen değer,null,null,null,null,MR,null,null,true,null,null,[],null,"Muayene, deney ve bakım çalışmaları makina dairesinden gerçekleştirilmeli ve makine dairesi ile kuyu arasındaki açıklıklar mümkün olduğu kadar küçük olmalı",ÜB.FR.38,R.04,11,181,"[""modul_g_tam""]",MAKİNA DAİRELİ ASANSÖRLERİN DEĞERLENDİRME KRİTERLERİ,null
MAD-0376,376,04 - Makine ve Şase,81-20,Standart / ÜB.FR.38,5.2.3.2,Makine dairesi giriş kapısının net ölçüleri,"Makina dairesi giriş kapısı (yükseklik asgari 2,0 m ve genişlik asgari 0,60 m)","A,C,E",Görsel + Ölçüm + Talimat/İşaret,null,Ölçü 1,m,Ölçü 2,m,null,MR,2,>=,true,null,null,[],null,"Makina dairesi giriş kapısı (yükseklik asgari 2,0 m ve genişlik asgari 0,60 m)",ÜB.FR.38,R.04,11,182,"[""modul_g_tam""]",MAKİNA DAİRELİ ASANSÖRLERİN DEĞERLENDİRME KRİTERLERİ,null
MAD-0377,377,04 - Makine ve Şase,81-20,Standart / ÜB.FR.38,5.2.3.3,Makine dairesi giriş kapısının açılma ve kilit düzeni,"Makine dairesi giriş kapsı makina dairesinin içine doğru açılmamalı, anahtarla kilitlenebilir, anahtarsız tekrar kapatılma ve tekrar kilitlenme özelliğine sahip olmalıdır, makina dairesi içinden anahtarsız açılabilme özelliği olmalıdır.","A,C,E",Görsel + Ölçüm + Talimat/İşaret,null,Ölçülen değer,null,null,null,null,MR,null,null,true,null,null,[],null,"Makine dairesi giriş kapsı makina dairesinin içine doğru açılmamalı, anahtarla kilitlenebilir, anahtarsız tekrar kapatılma ve tekrar kilitlenme özelliğine sahip olmalıdır, makina dairesi içinden anahtarsız açılabilme özelliği olmalıdır.",ÜB.FR.38,R.04,11,183,"[""modul_g_tam""]",MAKİNA DAİRELİ ASANSÖRLERİN DEĞERLENDİRME KRİTERLERİ,null
MAD-0378,378,04 - Makine ve Şase,81-20,Standart / ÜB.FR.38,5.2.4.1,Makine veya makara dairesi giriş uyarısı,Makina/makara dairesi giriş kapısı/kapağının dış yüzünde uyarı yazsı,"A,E",Görsel + Talimat/İşaret,null,null,null,null,null,null,MR,null,null,true,null,null,[],null,Makina/makara dairesi giriş kapısı/kapağının dış yüzünde uyarı yazsı,ÜB.FR.38,R.04,11,184,"[""modul_g_tam""]",MAKİNA DAİRELİ ASANSÖRLERİN DEĞERLENDİRME KRİTERLERİ,null
MAD-0379,379,04 - Makine ve Şase,81-20,Standart / ÜB.FR.38,5.2.1.9,"Makine alanı duvar, zemin ve tavan yüzeyleri","Duvarlar, zemin ve tavan yüzeyleri, toz oluşturmayan ve dayanıklı malzemeden olmalı","A,B,C,D,E",Görsel + Test + Ölçüm + Çizim/Hesap + Talimat/İşaret,null,Ölçülen değer,null,null,null,null,MR,null,null,true,null,null,[],null,"Duvarlar, zemin ve tavan yüzeyleri, toz oluşturmayan ve dayanıklı malzemeden olmalı",ÜB.FR.38,R.04,11,185,"[""modul_g_tam""]",MAKİNA DAİRELİ ASANSÖRLERİN DEĞERLENDİRME KRİTERLERİ,null
MAD-0380,380,04 - Makine ve Şase,81-20,Standart / ÜB.FR.38,5.2.6.3.2.4,Seviye farklarında merdiven ve korkuluk,"0,5m’den daha fazla seviyeler için merdiven ve koruyucu parmaklığa sahip korkuluk","A,B,C,D,E",Görsel + Test + Ölçüm + Çizim/Hesap + Talimat/İşaret,null,Ölçü 1,m,null,null,null,MR,null,null,true,null,null,[],null,"0,5m’den daha fazla seviyeler için merdiven ve koruyucu parmaklığa sahip korkuluk",ÜB.FR.38,R.04,11,186,"[""modul_g_tam""]",MAKİNA DAİRELİ ASANSÖRLERİN DEĞERLENDİRME KRİTERLERİ,null
MAD-0381,381,04 - Makine ve Şase,81-20,Standart / ÜB.FR.38,5.2.6.3.3,Döşeme ve zemindeki açıklıkların sınırlandırılması,Döşeme ve zemindeki delikler kullanım amacına uygun olarak (mümkünse) azaltılmalı,"A,B,C,D,E",Görsel + Test + Ölçüm + Çizim/Hesap + Talimat/İşaret,null,Ölçülen değer,null,null,null,null,MR,null,null,true,null,null,[],null,Döşeme ve zemindeki delikler kullanım amacına uygun olarak (mümkünse) azaltılmalı,ÜB.FR.38,R.04,11,187,"[""modul_g_tam""]",MAKİNA DAİRELİ ASANSÖRLERİN DEĞERLENDİRME KRİTERLERİ,null
MAD-0382,382,04 - Makine ve Şase,81-20,Standart / ÜB.FR.38,5.2.6.3.2.2,Makine dairesi hareket yolunun net yüksekliği,"Makine dairesinde personelin hareket ettiği geçiş yolunda net yüksekliğin en az 1,80 m olduğunu ölçün.","A,B,C,D,E",Görsel + Test + Ölçüm + Çizim/Hesap + Talimat/İşaret,null,Ölçü 1,m,null,null,null,MR,null,null,true,null,null,[],null,"Hareket için net yükseklik, 1,80 m’den az olmamalı",ÜB.FR.38,R.04,11,189,"[""modul_g_tam""]",MAKİNA DAİRELİ ASANSÖRLERİN DEĞERLENDİRME KRİTERLERİ,null
MAD-0383,383,04 - Makine ve Şase,81-20,Standart / ÜB.FR.38,5.2.6.3.2.1,Makine dairesi çalışma alanının net yüksekliği,"Makine dairesindeki çalışma alanlarında net yüksekliğin en az 2,10 m olduğunu ölçün.","A,B,C,D,E",Görsel + Test + Ölçüm + Çizim/Hesap + Talimat/İşaret,null,Ölçü 1,m,null,null,null,MR,2.1,>=,true,null,null,[],null,"Makina dairesinin çalışma alanlarında net en az 2,10 m yükseklik sağlanmalı",ÜB.FR.38,R.04,11,191,"[""modul_g_tam""]",MAKİNA DAİRELİ ASANSÖRLERİN DEĞERLENDİRME KRİTERLERİ,null
MAD-0384,384,04 - Makine ve Şase,81-20,Standart / ÜB.FR.38,5.2.6.3.2.1,Hareketli parçaların bakım ve muayene çalışma alanı,"Gerekli ise hareketli parçaların bakımı/muayenesi için en az (0,5 x 0,6) m net yatay alan","A,B,C,D,E",Görsel + Test + Ölçüm + Çizim/Hesap + Talimat/İşaret,null,Ölçülen değer,null,null,null,null,MR,null,null,true,null,null,[],null,"Gerekli ise hareketli parçaların bakımı/muayenesi için en az (0,5 x 0,6) m net yatay alan",ÜB.FR.38,R.04,11,193,"[""modul_g_tam""]",MAKİNA DAİRELİ ASANSÖRLERİN DEĞERLENDİRME KRİTERLERİ,null
MAD-0385,385,04 - Makine ve Şase,81-20,Standart / ÜB.FR.38,5.2.6.3.2.3,Korumasız dönen parçalar üzerindeki düşey açıklık,"Makinanın korumasız dönen parçaları üzerinde en az 0,30 m net dikey mesafe","A,B,C,D,E",Görsel + Test + Ölçüm + Çizim/Hesap + Talimat/İşaret,null,Ölçü 1,m,null,null,null,MR,0.3,>=,true,null,null,[],null,"Makinanın korumasız dönen parçaları üzerinde en az 0,30 m net dikey mesafe",ÜB.FR.38,R.04,11,194,"[""modul_g_tam""]",MAKİNA DAİRELİ ASANSÖRLERİN DEĞERLENDİRME KRİTERLERİ,null
MAD-0386,386,04 - Makine ve Şase,81-20,Standart / ÜB.FR.38,5.2.1.2.1,Makine veya makara dairesindeki yabancı donanımlar,"Makine/makara dairesinde, asansörden farklı teçhizatlar olmamalı","A,B,C,D,E",Görsel + Test + Ölçüm + Çizim/Hesap + Talimat/İşaret,null,Ölçülen değer,null,null,null,null,MR,null,null,true,null,null,[],null,"Makine/makara dairesinde, asansörden farklı teçhizatlar olmamalı",ÜB.FR.38,R.04,11,195,"[""modul_g_tam""]",MAKİNA DAİRELİ ASANSÖRLERİN DEĞERLENDİRME KRİTERLERİ,null
MAD-0387,387,04 - Makine ve Şase,81-20,Standart / ÜB.FR.38,5.2.1.3,Makine dairesi havalandırması ve çevresel koruma,"Makine dairesi havalandırması, donanımları toz, zararlı duman ve nemden korumalı","A,B,C,D,E",Görsel + Test + Ölçüm + Çizim/Hesap + Talimat/İşaret,null,Ölçülen değer,null,null,null,null,MR,null,null,true,null,null,[],null,"Makine dairesi havalandırması, donanımları toz, zararlı duman ve nemden korumalı",ÜB.FR.38,R.04,11,196,"[""modul_g_tam""]",MAKİNA DAİRELİ ASANSÖRLERİN DEĞERLENDİRME KRİTERLERİ,null
MAD-0388,388,04 - Makine ve Şase,81-20,Standart / ÜB.FR.38,5.2.1.5.2 b,Makine alanı çalışma prizi,Her bir çalışma alanı için uygun bir yerde sağlanmış en az bir soket çıkışı. (Priz),"A,B,C,D,E",Görsel + Test + Ölçüm + Çizim/Hesap + Talimat/İşaret,null,Ölçülen değer,null,null,null,null,MR,null,null,true,null,null,[],null,Her bir çalışma alanı için uygun bir yerde sağlanmış en az bir soket çıkışı. (Priz),ÜB.FR.38,R.04,11,197,"[""modul_g_tam""]",MAKİNA DAİRELİ ASANSÖRLERİN DEĞERLENDİRME KRİTERLERİ,null
MAD-0389,389,04 - Makine ve Şase,81-20,Standart / ÜB.FR.38,5.2.1.5.2 a,Makine dairesi aydınlatma anahtarı,"Makine dairesi aydınlatma anahtarı (yetkili kişilerce erişilebilecek, uygun yükseklikte)","A,B,C,D,E",Görsel + Test + Ölçüm + Çizim/Hesap + Talimat/İşaret,null,Ölçülen değer,null,null,null,null,MR,null,null,true,null,null,[],null,"Makine dairesi aydınlatma anahtarı (yetkili kişilerce erişilebilecek, uygun yükseklikte)",ÜB.FR.38,R.04,11,198,"[""modul_g_tam""]",MAKİNA DAİRELİ ASANSÖRLERİN DEĞERLENDİRME KRİTERLERİ,null
MAD-0390,390,04 - Makine ve Şase,81-20,Standart / ÜB.FR.38,5.2.1.4.2,Makine dairesi aydınlatma seviyeleri,"Makine dairesi aydınlatması (kat seviyesinde 200 lüks, hareket alanları için 50 lüks)","A,B,C,D,E",Görsel + Test + Ölçüm + Çizim/Hesap + Talimat/İşaret,null,Ölçü 1,lüks,Ölçü 2,lüks,null,MR,null,null,true,null,null,[],null,"Makine dairesi aydınlatması (kat seviyesinde 200 lüks, hareket alanları için 50 lüks)",ÜB.FR.38,R.04,11,199,"[""modul_g_tam""]",MAKİNA DAİRELİ ASANSÖRLERİN DEĞERLENDİRME KRİTERLERİ,null
MAD-0391,391,04 - Makine ve Şase,81-20,Standart / ÜB.FR.38,5.2.6.3.2.5,Çalışma ve hareket alanlarındaki zemin girintileri,Makine dairesi zemininde 5 cm’den daha fazla derinlikte ve 5cm ile 50cm arasında genişlikte girinti varsa kapatılmalı (sadece çalışma ve hareket alanlarda),"A,B,C,D,E",Görsel + Test + Ölçüm + Çizim/Hesap + Talimat/İşaret,null,Ölçü 1,cm,Ölçü 2,cm,null,MR,null,null,true,null,null,[],null,Makine dairesi zemininde 5 cm’den daha fazla derinlikte ve 5cm ile 50cm arasında genişlikte girinti varsa kapatılmalı (sadece çalışma ve hareket alanlarda),ÜB.FR.38,R.04,11,200,"[""modul_g_tam""]",MAKİNA DAİRELİ ASANSÖRLERİN DEĞERLENDİRME KRİTERLERİ,null
MAD-0392,392,04 - Makine ve Şase,81-20,Standart / ÜB.FR.38,Yangın Yön. M.53-2,Makine alanında temizlik ve yanıcı madde kontrolü,Yanıcı maddelerin atılmaması ve depolanmaması ve temizlik,A,Görsel,null,null,null,null,null,null,MR,null,null,true,null,null,[],null,Yanıcı maddelerin atılmaması ve depolanmaması ve temizlik,ÜB.FR.38,R.04,11,201,"[""modul_g_tam""]",MAKİNA DAİRELİ ASANSÖRLERİN DEĞERLENDİRME KRİTERLERİ,null
MAD-0393,393,04 - Makine ve Şase,81-20,Standart / ÜB.FR.38,5.2.1.4.1,Aydınlatma elemanlarının mekanik korunması,"Aydınlatma elemanları, mekanik hasara karşı korunmuş olmalıdır.","A,B,C,D,E",Görsel + Test + Ölçüm + Çizim/Hesap + Talimat/İşaret,null,Ölçülen değer,null,null,null,null,MR,null,null,true,null,null,[],null,"Aydınlatma elemanları, mekanik hasara karşı korunmuş olmalıdır.",ÜB.FR.38,R.04,11,202,"[""modul_g_tam""]",MAKİNA DAİRELİ ASANSÖRLERİN DEĞERLENDİRME KRİTERLERİ,null
MAD-0394,394,04 - Makine ve Şase,81-20,Standart / ÜB.FR.38,5.1.2,"Etiket, işaret ve talimatların kalıcılığı ve dili","Tüm etiketler, bildirimler, işaretlemeler ve talimatlar kalıcı, sabitlenmiş, silinmez, okunaklı ve anlaşılır, dayanıklı malzemeden, görünür ve Türkçe yazılı olmalı,","A,E",Görsel + Talimat/İşaret,null,null,null,null,null,null,MR,null,null,true,null,null,[],null,"Tüm etiketler, bildirimler, işaretlemeler ve talimatlar kalıcı, sabitlenmiş, silinmez, okunaklı ve anlaşılır, dayanıklı malzemeden, görünür ve Türkçe yazılı olmalı,",ÜB.FR.38,R.04,11,203,"[""modul_g_tam""]",MAKİNA DAİRELİ ASANSÖRLERİN DEĞERLENDİRME KRİTERLERİ,null
MAD-0395,395,04 - Makine ve Şase,81-20,Standart / ÜB.FR.38,0.4.16,Kuyu ve makine alanının çalışma sıcaklığı koşulları,"Kuyu ve makine alanındaki donanımın, standartta belirtilen +5 °C ile +40 °C tasarım sıcaklığı aralığında çalışmaya uygun olduğunu kontrol edin. Sahadaki sıcaklık bu aralığın dışına çıkabiliyorsa doğrudan uygunluk kararı vermek yerine gerçek çevre koşulunu ve üretici tarafından öngörülen ısıtma, soğutma veya havalandırma tedbirlerini tespit olarak kaydedin.",A,Görsel,null,null,null,null,null,null,null,null,null,true,null,null,[],null,Kuyu ve makina alanındaki ortam sıcaklığı (5-40)°C arası (varsayım),ÜB.FR.38,R.04,11,205,"[""modul_g_tam""]",MAKİNA DAİRELİ VE MAKİNA DAİRESİZ ASANSÖRLERİN ORTAK DEĞERLENDİRME KRİTERLERİ,null
MAD-0396,396,04 - Makine ve Şase,81-20,Standart / ÜB.FR.38,5.2.6.1,Çalışma alanlarının çevresel etkilere karşı korunması,"Bakım, muayene ve acil müdahale için kullanılan çalışma alanlarının yağmur, su, aşırı sıcaklık, toz, zararlı duman, nem ve benzeri çevresel etkilerden korunup korunmadığını bulunduğu yerin gerçek koşullarına göre tespit edin.","A,B,C,D,E",Görsel + Test + Ölçüm + Çizim/Hesap + Talimat/İşaret,null,Ölçülen değer,null,null,null,null,null,null,null,true,null,null,[],null,"Bakım/muayene çalışması ve acil durum müdahalesi için alanlar ve ilgili çalışma bölgesi, çevresel etkilere karşı uygun bir şekilde korunmalıdır",ÜB.FR.38,R.04,11,206,"[""modul_g_tam""]",MAKİNA DAİRELİ VE MAKİNA DAİRESİZ ASANSÖRLERİN ORTAK DEĞERLENDİRME KRİTERLERİ,null
MAD-0397,397,04 - Makine ve Şase,81-20,Standart / ÜB.FR.38,5.2.6.2.2,Ana ayırıcı sonrasında enerjili kalabilen parçaların uyarısı,"Ana anahtar kapatıldıktan sonra, elektrik bulunması ihtimali olan parçalar varsa uyarılar bu durumu belirtmelidir.","A,B,C,D,E",Görsel + Test + Ölçüm + Çizim/Hesap + Talimat/İşaret,null,Ölçülen değer,null,null,null,null,null,null,null,true,null,null,[],null,"Ana anahtar kapatıldıktan sonra, elektrik bulunması ihtimali olan parçalar varsa uyarılar bu durumu belirtmelidir.",ÜB.FR.38,R.04,11,207,"[""modul_g_tam""]",MAKİNA DAİRELİ VE MAKİNA DAİRESİZ ASANSÖRLERİN ORTAK DEĞERLENDİRME KRİTERLERİ,null
MAD-0398,398,04 - Makine ve Şase,81-20,Standart / ÜB.FR.38,5.2.6.2.3,Normal kullanım ve kurtarma talimatları,"Makine/acil durum panelinde, normal kullanım, kurtarma ve kapı açma anahtarı talimatları bulunmalıdır.","A,B,C,D,E",Görsel + Test + Ölçüm + Çizim/Hesap + Talimat/İşaret,null,Ölçülen değer,null,null,null,null,null,null,null,true,null,null,[],null,"Makine/acil durum panelinde, normal kullanım, kurtarma ve kapı açma anahtarı talimatları bulunmalıdır.",ÜB.FR.38,R.04,11,208,"[""modul_g_tam""]",MAKİNA DAİRELİ VE MAKİNA DAİRESİZ ASANSÖRLERİN ORTAK DEĞERLENDİRME KRİTERLERİ,null
MAD-0399,399,04 - Makine ve Şase,81-20,Standart / ÜB.FR.38,"Ek D, D.2 İç Tes. Yön. M.57",Makine alanında koruyucu topraklama sürekliliği,"Koruyucu iletkenlerin yeşil-sarı olduğunu, makine alanındaki erişilebilir metal gövdelerin koruyucu topraklama devresine bağlı olduğunu ve bağlantı sürekliliğinin sağlandığını kontrol edin.","A,C",Görsel + Ölçüm,null,Ölçülen değer,null,null,null,null,null,null,null,true,null,null,[],null,Topraklamanın sürekliliği (kablo renkleri yeşil-sarı),ÜB.FR.38,R.04,11,209,"[""modul_g_tam""]",MAKİNA DAİRELİ VE MAKİNA DAİRESİZ ASANSÖRLERİN ORTAK DEĞERLENDİRME KRİTERLERİ,null
MAD-0400,400,04 - Makine ve Şase,81-20,Standart / ÜB.FR.38,7.1 - 7.2 - 7.3,Güvenlik aksamı montaj ve bakım talimatları,"Güvenlik aksamlarının montaj, bağlantı, ayar ve bakımları için talimatların bulunması","A,E",Görsel + Talimat/İşaret,null,null,null,null,null,null,null,null,null,true,null,null,[],null,"Güvenlik aksamlarının montaj, bağlantı, ayar ve bakımları için talimatların bulunması",ÜB.FR.38,R.04,11,210,"[""modul_g_tam""]",MAKİNA DAİRELİ VE MAKİNA DAİRESİZ ASANSÖRLERİN ORTAK DEĞERLENDİRME KRİTERLERİ,null
MAD-0401,401,04 - Makine ve Şase,81-20,Standart / ÜB.FR.38,7.1 - 7.2 - 7.3,"Devre şemaları, bakım talimatları ve kayıt defteri","Devre şemaları, bakım, muayene ve tamir için talimatlar ve kayıt defteri bulunmalıdır.","A,E",Görsel + Talimat/İşaret,null,null,null,null,null,null,null,null,null,true,null,null,[],null,"Devre şemaları, bakım, muayene ve tamir için talimatlar ve kayıt defteri bulunmalıdır.",ÜB.FR.38,R.04,11,211,"[""modul_g_tam""]",MAKİNA DAİRELİ VE MAKİNA DAİRESİZ ASANSÖRLERİN ORTAK DEĞERLENDİRME KRİTERLERİ,null
MAD-0402,402,04 - Makine ve Şase,81-20,Standart / ÜB.FR.38,5.10.5.1.1,Ana ayırıcıdan etkilenmemesi gereken yardımcı devreler,"Ana anahtar, kabin aydınlatması ve havalandırmasını, kabin üstündeki prizi, makina alanının aydınlatmasını, kuyudaki prizi ve kuyu aydınlatmasını kesmemeli","A,B,D,E",Görsel + Test + Çizim/Hesap + Talimat/İşaret,null,null,null,null,null,null,null,null,null,true,null,null,[],null,"Ana anahtar, kabin aydınlatması ve havalandırmasını, kabin üstündeki prizi, makina alanının aydınlatmasını, kuyudaki prizi ve kuyu aydınlatmasını kesmemeli",ÜB.FR.38,R.04,11,212,"[""modul_g_tam""]",MAKİNA DAİRELİ VE MAKİNA DAİRESİZ ASANSÖRLERİN ORTAK DEĞERLENDİRME KRİTERLERİ,null
MAD-0403,403,04 - Makine ve Şase,81-20,Standart / ÜB.FR.38,5.2.6.2.1,Ana ayırıcı ve aydınlatma anahtarlarının tanımlanması,Ana anahtarı ve aydınlatma anahtarı kolay bir şekilde tarif edecek uyarılar sağlanmalıdır.,"A,B,C,D,E",Görsel + Test + Ölçüm + Çizim/Hesap + Talimat/İşaret,null,Ölçülen değer,null,null,null,null,null,null,null,true,null,null,[],null,Ana anahtarı ve aydınlatma anahtarı kolay bir şekilde tarif edecek uyarılar sağlanmalıdır.,ÜB.FR.38,R.04,11,213,"[""modul_g_tam""]",MAKİNA DAİRELİ VE MAKİNA DAİRESİZ ASANSÖRLERİN ORTAK DEĞERLENDİRME KRİTERLERİ,null
MAD-0404,404,04 - Makine ve Şase,81-20,Standart / ÜB.FR.38,5.10.5.2,Ana ayırıcının erişimi ve montaj yüksekliği,"Ana anahtar makina dairesi girişinden doğrudan erişilebilir olmalıdır. Ana anahtar, zeminin 0,6 m ile 1,9 m arasındaki yüksekliğe konulmalıdır.","A,B,D,E",Görsel + Test + Çizim/Hesap + Talimat/İşaret,null,null,null,null,null,null,null,null,null,true,null,null,[],null,"Ana anahtar makina dairesi girişinden doğrudan erişilebilir olmalıdır. Ana anahtar, zeminin 0,6 m ile 1,9 m arasındaki yüksekliğe konulmalıdır.",ÜB.FR.38,R.04,11,214,"[""modul_g_tam""]",MAKİNA DAİRELİ VE MAKİNA DAİRESİZ ASANSÖRLERİN ORTAK DEĞERLENDİRME KRİTERLERİ,null
MAD-0405,405,04 - Makine ve Şase,81-20,Standart / ÜB.FR.38,5.10.5.3,Asansör besleme devresinin kesme ve koruma düzeni,Ana ayırıcıya yakın yerde asansör besleme devrelerinin uygun kesme ve aşırı akım koruma elemanlarına sahip olduğunu kontrol edin. Dört kutuplu sigorta grubu kullanılmışsa kutup ve bağlantı düzenini doğrulayın.,"A,B,D,E",Görsel + Test + Çizim/Hesap + Talimat/İşaret,null,null,null,null,null,null,null,null,null,true,null,null,[],null,"Ana anahtara yakın, asansör kaynak girdileri, kesiciye sahip olmalı (4’lü sigorta gurubu)",ÜB.FR.38,R.04,11,215,"[""modul_g_tam""]",MAKİNA DAİRELİ VE MAKİNA DAİRESİZ ASANSÖRLERİN ORTAK DEĞERLENDİRME KRİTERLERİ,null
MAD-0406,406,04 - Makine ve Şase,81-20,Standart / ÜB.FR.38,5.10.8.3,Aydınlatma ve priz devrelerinin ayrı korunması,"Kabin aydınlatması, kabin prizi ve makine alanı aydınlatması devrelerinin, ana tahrik devresinden ayrı ve uygun koruma elemanları üzerinden beslendiğini kontrol edin.","A,B,D,E",Görsel + Test + Çizim/Hesap + Talimat/İşaret,null,null,null,null,null,null,null,null,null,true,null,null,[],null,"Kabin aydınlatması, kabin prizi ve makine dairesi aydınlatması devreleri ayrı sigortalarla korunmalıdır.",ÜB.FR.38,R.04,11,217,"[""modul_g_tam""]",MAKİNA DAİRELİ VE MAKİNA DAİRESİZ ASANSÖRLERİN ORTAK DEĞERLENDİRME KRİTERLERİ,null
MAD-0407,407,04 - Makine ve Şase,81-20,Standart / ÜB.FR.38,5.10.6.3.7,Kablo girişlerinin mahfazaya bağlantısı ve mekanik korunması,Kablo dış kılıflarının anahtar veya donanım mahfazasının içine kadar girdiğini ya da uygun bir kablo rakoru/contalama elemanında sonlandığını; açıkta kalan iletken ve mekanik zorlanma bulunmadığını kontrol edin.,"A,B,D,E",Görsel + Test + Çizim/Hesap + Talimat/İşaret,null,null,null,null,null,null,null,null,null,true,null,null,[],null,"Kabloların koruyucu kaplamaları, anahtarların mahfazasına tam girmeli veya contalama içinde sona erdirilmeli ve mekanik olarak korunmuş olmalı",ÜB.FR.38,R.04,11,218,"[""modul_g_tam""]",MAKİNA DAİRELİ VE MAKİNA DAİRESİZ ASANSÖRLERİN ORTAK DEĞERLENDİRME KRİTERLERİ,null
MAD-0408,408,04 - Makine ve Şase,81-20,Standart / ÜB.FR.38,5.10.7.2,Priz devrelerinin bağımsız beslenmesi,Tüm prizlerin elektrik beslemesi makine elektrik beslemesinden bağımsız olmalı,"A,B,D,E",Görsel + Test + Çizim/Hesap + Talimat/İşaret,null,null,null,null,null,null,null,null,null,true,null,null,[],null,Tüm prizlerin elektrik beslemesi makine elektrik beslemesinden bağımsız olmalı,ÜB.FR.38,R.04,11,219,"[""modul_g_tam""]",MAKİNA DAİRELİ VE MAKİNA DAİRESİZ ASANSÖRLERİN ORTAK DEĞERLENDİRME KRİTERLERİ,null
MAD-0409,409,04 - Makine ve Şase,81-20,Standart / ÜB.FR.38,5.10.8.1,Kabin aydınlatması ve priz devresi kumanda anahtarı,Kabin aydınlatması ve soket çıkışları için kumanda anahtarı (şalter) bulunmalı,"A,B,D,E",Görsel + Test + Çizim/Hesap + Talimat/İşaret,null,null,null,null,null,null,null,null,null,true,null,null,[],null,Kabin aydınlatması ve soket çıkışları için kumanda anahtarı (şalter) bulunmalı,ÜB.FR.38,R.04,11,220,"[""modul_g_tam""]",MAKİNA DAİRELİ VE MAKİNA DAİRESİZ ASANSÖRLERİN ORTAK DEĞERLENDİRME KRİTERLERİ,null
MAD-0410,410,04 - Makine ve Şase,81-20,Standart / ÜB.FR.38,5.10.8.2,Kuyu aydınlatmasının iki noktadan kumandası,Kuyu aydınlatma anahtarı kuyu dibinden ve ana anahtardan çalıştırılabilmeli,"A,B,D,E",Görsel + Test + Çizim/Hesap + Talimat/İşaret,null,null,null,null,null,null,null,null,null,true,null,null,[],null,Kuyu aydınlatma anahtarı kuyu dibinden ve ana anahtardan çalıştırılabilmeli,ÜB.FR.38,R.04,11,221,"[""modul_g_tam""]",MAKİNA DAİRELİ VE MAKİNA DAİRESİZ ASANSÖRLERİN ORTAK DEĞERLENDİRME KRİTERLERİ,null
MAD-0411,411,04 - Makine ve Şase,81-20,Standart / ÜB.FR.38,5.2.1.7,Ağır donanım için kaldırma ve taşıma vasıtası,"Gerekli ise donanım taşma vasıtası (uygun yerleştirilmiş, çalışma yükleri belirtilmiş)","A,B,C,D,E",Görsel + Test + Ölçüm + Çizim/Hesap + Talimat/İşaret,null,Ölçülen değer,null,null,null,null,MRL,null,null,true,null,null,[],null,"Gerekli ise donanım taşma vasıtası (uygun yerleştirilmiş, çalışma yükleri belirtilmiş)",ÜB.FR.38,R.04,11,222,"[""modul_g_tam""]",MAKİNA DAİRELİ VE MAKİNA DAİRESİZ ASANSÖRLERİN ORTAK DEĞERLENDİRME KRİTERLERİ,null
MAD-0412,412,04 - Makine ve Şase,81-20,Standart / ÜB.FR.38,5.2.6.6.2,Kumanda panosundaki kurtarma ve deney donanımları,"Kumanda panosunda dâhili haberleşme ve kabini durağa getirecek acil müdahale düzenini; dinamik deney kumandalarını; ayrıca makine doğrudan görülemiyorsa kabin hareket yönünü, kilit açılma bölgesini ve kabin hızını gösteren göstergeleri kontrol edin.","A,B,C,D,E",Görsel + Test + Ölçüm + Çizim/Hesap + Talimat/İşaret,null,Ölçülen değer,null,null,null,null,null,null,null,true,null,null,[],null,"Panoda aşağıdaki özellikler sağlamalı; - Dâhili haberleşme sistemi ve kabini durağa getirmek için acil durum müdahale tertibatı, - Dinamik deneylerin gerçekleştirilmesini sağlayan kumanda donanımları, - Asansör makinasını doğrudan gözleyen veya kabin hareket yönünü, kilit açılma bölgesine ulaşıldığını ve asansör kabinin hızını gösteren göstergeler",ÜB.FR.38,R.04,11,223,"[""modul_g_tam""]",MAKİNA DAİRELİ VE MAKİNA DAİRESİZ ASANSÖRLERİN ORTAK DEĞERLENDİRME KRİTERLERİ,null
MAD-0413,413,04 - Makine ve Şase,81-20,Standart / ÜB.FR.38,5.2.6.6.3,Kumanda panosu çalışma aydınlatması,Panolarda en az 200 lüks aydınlatma (üzeri/yakınından bir anahtar ile çalışmalı) Elektrik beslemesi makine elektrik beslemesinden bağımsız olmalı,"A,B,C,D,E",Görsel + Test + Ölçüm + Çizim/Hesap + Talimat/İşaret,null,Ölçü 1,lüks,null,null,null,null,200,>=,true,null,null,[],null,Panolarda en az 200 lüks aydınlatma (üzeri/yakınından bir anahtar ile çalışmalı) Elektrik beslemesi makine elektrik beslemesinden bağımsız olmalı,ÜB.FR.38,R.04,11,224,"[""modul_g_tam""]",MAKİNA DAİRELİ VE MAKİNA DAİRESİZ ASANSÖRLERİN ORTAK DEĞERLENDİRME KRİTERLERİ,null
MAD-0414,414,04 - Makine ve Şase,81-20,Standart / ÜB.FR.38,5.5.7.1,Kasnak ve makaralarda fiziksel koruma,"Kasnak ve makaraların koruması (Şahıs yaralanması, halatın makaralardan çıkması, halat ve makara arasına cisimlerin girmesi)","A,D",Görsel + Çizim/Hesap,null,null,null,null,null,null,null,null,null,true,null,null,[],null,"Kasnak ve makaraların koruması (Şahıs yaralanması, halatın makaralardan çıkması, halat ve makara arasına cisimlerin girmesi)",ÜB.FR.38,R.04,11,225,"[""modul_g_tam""]",MAKİNA DAİRELİ VE MAKİNA DAİRESİZ ASANSÖRLERİN ORTAK DEĞERLENDİRME KRİTERLERİ,null
MAD-0415,415,04 - Makine ve Şase,81-20,Standart / ÜB.FR.38,5.9.1.2,Dönen parçaların sarı renkle işaretlenmesi,"Kasnak korumaları, volan, fren tamburları en azından kısmi olarak sarıya boyanmalı","A,D",Görsel + Çizim/Hesap,null,null,null,null,null,null,null,null,null,true,null,null,[],null,"Kasnak korumaları, volan, fren tamburları en azından kısmi olarak sarıya boyanmalı",ÜB.FR.38,R.04,11,226,"[""modul_g_tam""]",MAKİNA DAİRELİ VE MAKİNA DAİRESİZ ASANSÖRLERİN ORTAK DEĞERLENDİRME KRİTERLERİ,null
MAD-0416,416,04 - Makine ve Şase,81-20,Standart / ÜB.FR.38,5.5.7.2,Dönen parça koruyucularının bakım ve görünürlük düzeni,"Koruma tertibatları, dönen parçalarının görünür olduğu, kontrol ve bakımdan engellenmediği bir şekilde olmalı, gerektiğinde sökülebilir olmalı","A,D",Görsel + Çizim/Hesap,null,null,null,null,null,null,null,null,null,true,null,null,[],null,"Koruma tertibatları, dönen parçalarının görünür olduğu, kontrol ve bakımdan engellenmediği bir şekilde olmalı, gerektiğinde sökülebilir olmalı",ÜB.FR.38,R.04,11,227,"[""modul_g_tam""]",MAKİNA DAİRELİ VE MAKİNA DAİRESİZ ASANSÖRLERİN ORTAK DEĞERLENDİRME KRİTERLERİ,null
MAD-0417,417,04 - Makine ve Şase,81-20,Standart / ÜB.FR.38,5.5.2.1,Kasnak çapı ile askı halatı çapı oranı,Kasnak/makara/tamburların çapı ile askı halatlarının beyan çapı arasında en az 40 oranı,"A,C,D",Görsel + Ölçüm + Çizim/Hesap,null,Ölçülen değer,null,null,null,null,null,null,null,true,null,null,[],null,Kasnak/makara/tamburların çapı ile askı halatlarının beyan çapı arasında en az 40 oranı,ÜB.FR.38,R.04,11,228,"[""modul_g_tam""]",MAKİNA DAİRELİ VE MAKİNA DAİRESİZ ASANSÖRLERİN ORTAK DEĞERLENDİRME KRİTERLERİ,null
MAD-0418,418,04 - Makine ve Şase,81-20,Standart / ÜB.FR.38,5.6.2.2.1.1,Hız regülatörünün devreye girme hızı,"Güvenlik tertibatı için hız regülatörünün devreye girmesi, anma hızının en az %115'ine eşit ve aşağıdakilerden düşük bir hızda meydana gelmelidir: 1) sabit makaralı tipler hariç ani etkili güvenlik tertibatları için 0,8 m/s veya 2) sabit makaralı tip güvenlik tertibatları için 1 m/s veya 3) 1,0 m/s'yi aşmayan anma hızları için kullanılan kademeli güvenlik tertibatı için 1,50 m/s veya 4)1,25 v + 0,25/ v 1,0 m/s'yi aşan anma hızları için kademeli güvenlik tertibatında; saniye başına metre cinsinden.","A,B,D,E",Görsel + Test + Çizim/Hesap + Talimat/İşaret,null,null,null,null,null,null,null,null,null,true,null,null,[],null,"Güvenlik tertibatı için hız regülatörünün devreye girmesi, anma hızının en az %115'ine eşit ve aşağıdakilerden düşük bir hızda meydana gelmelidir: 1) sabit makaralı tipler hariç ani etkili güvenlik tertibatları için 0,8 m/s veya 2) sabit makaralı tip güvenlik tertibatları için 1 m/s veya 3) 1,0 m/s'yi aşmayan anma hızları için kullanılan kademeli güvenlik tertibatı için 1,50 m/s veya 4)1,25 v + 0,25/ v 1,0 m/s'yi aşan anma hızları için kademeli güvenlik tertibatında; saniye başına metre cinsinden.",ÜB.FR.38,R.04,11,229,"[""modul_g_tam""]",MAKİNA DAİRELİ VE MAKİNA DAİRESİZ ASANSÖRLERİN ORTAK DEĞERLENDİRME KRİTERLERİ,null
MAD-0419,419,04 - Makine ve Şase,81-20,Standart / ÜB.FR.38,5.6.2.2.1.4,Hız regülatörü tanıtım plakası,Hız regülatörü üzerine aşağıda belirtilen bilgileri içeren bir plaka sabitlenmelidir: a) hız regülatörünün imalatçısının ismi; b) tip inceleme belgesi numarası; c) hız regülatörünün tipi; d) ayarlanmış olduğu gerçek devreye girme hızı.,"A,B,D,E",Görsel + Test + Çizim/Hesap + Talimat/İşaret,null,null,null,null,null,null,null,null,null,true,null,null,[],null,Hız regülatörü üzerine aşağıda belirtilen bilgileri içeren bir plaka sabitlenmelidir: a) hız regülatörünün imalatçısının ismi; b) tip inceleme belgesi numarası; c) hız regülatörünün tipi; d) ayarlanmış olduğu gerçek devreye girme hızı.,ÜB.FR.38,R.04,11,230,"[""modul_g_tam""]",MAKİNA DAİRELİ VE MAKİNA DAİRESİZ ASANSÖRLERİN ORTAK DEĞERLENDİRME KRİTERLERİ,null
MAD-0420,420,04 - Makine ve Şase,81-20,Standart / ÜB.FR.38,5.6.2.2.1.4,Hız regülatörünün erişilebilirliği,"Hız regülatörü kontrol ve bakım için erişilebilir ve ulaşılabilir olmalıdır. Eğer asansör kuyusunda konumlandırılmışsa, hız regülatörüne kuyunun dışından erişebilmeli ve ulaşılabilmelidir.","A,B,D,E",Görsel + Test + Çizim/Hesap + Talimat/İşaret,null,null,null,null,null,null,null,null,null,true,null,null,[],null,"Hız regülatörü kontrol ve bakım için erişilebilir ve ulaşılabilir olmalıdır. Eğer asansör kuyusunda konumlandırılmışsa, hız regülatörüne kuyunun dışından erişebilmeli ve ulaşılabilmelidir.",ÜB.FR.38,R.04,11,231,"[""modul_g_tam""]",MAKİNA DAİRELİ VE MAKİNA DAİRESİZ ASANSÖRLERİN ORTAK DEĞERLENDİRME KRİTERLERİ,null
MAD-0421,421,04 - Makine ve Şase,81-20,Standart / ÜB.FR.38,5.6.2.2.1.6,Regülatör halatı kopma veya aşırı gerilme güvenliği,"Regülatör halatının kopması veya aşırı gerilmesi, bir elektrik güvenlik aygıtı aracılığıyla motorun durmasına sebep olmalıdır.","A,B,D,E",Görsel + Test + Çizim/Hesap + Talimat/İşaret,null,null,null,null,null,null,null,null,null,true,null,null,[],null,"Regülatör halatının kopması veya aşırı gerilmesi, bir elektrik güvenlik aygıtı aracılığıyla motorun durmasına sebep olmalıdır.",ÜB.FR.38,R.04,11,232,"[""modul_g_tam""]",MAKİNA DAİRELİ VE MAKİNA DAİRESİZ ASANSÖRLERİN ORTAK DEĞERLENDİRME KRİTERLERİ,null
MAD-0422,422,04 - Makine ve Şase,81-20,Standart / ÜB.FR.38,5.6.2.2.1.3 c,Regülatör kasnağı ile halat çapı oranı,Hız regülâtörünün kasnak çapı ile halatının beyan çapı arasında en az 30 oranı,"A,B,D,E",Görsel + Test + Çizim/Hesap + Talimat/İşaret,null,null,null,null,null,null,null,null,null,true,null,null,[],null,Hız regülâtörünün kasnak çapı ile halatının beyan çapı arasında en az 30 oranı,ÜB.FR.38,R.04,11,233,"[""modul_g_tam""]",MAKİNA DAİRELİ VE MAKİNA DAİRESİZ ASANSÖRLERİN ORTAK DEĞERLENDİRME KRİTERLERİ,null
MAD-0423,423,04 - Makine ve Şase,81-20,Standart / ÜB.FR.38,5.6.2.2.1.1c,Hız regülatörü dönme yönü işareti,Hız regülâtörü üzerinde dönme yönü işaretlenmeli,"A,B,D,E",Görsel + Test + Çizim/Hesap + Talimat/İşaret,null,null,null,null,null,null,null,null,null,true,null,null,[],null,Hız regülâtörü üzerinde dönme yönü işaretlenmeli,ÜB.FR.38,R.04,11,234,"[""modul_g_tam""]",MAKİNA DAİRELİ VE MAKİNA DAİRESİZ ASANSÖRLERİN ORTAK DEĞERLENDİRME KRİTERLERİ,null
MAD-0424,424,04 - Makine ve Şase,81-20,Standart / ÜB.FR.38,5.6.2.2.1.5,Hız regülatörünün ayar mührü,Hız regülâtörü tekrar ayarlanmayı önleyecek şekilde mühürlenmiş olmalı,"A,B,D,E",Görsel + Test + Çizim/Hesap + Talimat/İşaret,null,null,null,null,null,null,null,null,null,true,null,null,[],null,Hız regülâtörü tekrar ayarlanmayı önleyecek şekilde mühürlenmiş olmalı,ÜB.FR.38,R.04,11,235,"[""modul_g_tam""]",MAKİNA DAİRELİ VE MAKİNA DAİRESİZ ASANSÖRLERİN ORTAK DEĞERLENDİRME KRİTERLERİ,null
MAD-0425,425,04 - Makine ve Şase,81-20,Standart / ÜB.FR.38,"Ek-I, 3.4",Regülatör devreye girme hızı ile asansör hızının uyumu,Hız regülâtörünün devreye girme hızı ile asansör hızı arasında uyum olmasının kontrolü,A,Görsel,null,null,null,null,null,null,null,null,null,true,null,null,[],null,Hız regülâtörünün devreye girme hızı ile asansör hızı arasında uyum olmasının kontrolü,ÜB.FR.38,R.04,11,236,"[""modul_g_tam""]",MAKİNA DAİRELİ VE MAKİNA DAİRESİZ ASANSÖRLERİN ORTAK DEĞERLENDİRME KRİTERLERİ,null
MAD-0426,426,04 - Makine ve Şase,81-20,Standart / ÜB.FR.38,EN 60204 M. 7.2,Kuvvet panosunda hata akımına karşı koruma,"Kuvvet panosunda, uygulanabilir devreler için hata akımına karşı koruma elemanlarının bulunduğunu; anma değerleri, bağlantıları ve test işlevlerinin uygun olduğunu kontrol edin.",A,Görsel,null,null,null,null,null,null,null,null,null,true,null,null,[],null,Kuvvet panosunda hata akımına karşı koruma elemanları,ÜB.FR.38,R.04,11,237,"[""modul_g_tam""]",MAKİNA DAİRELİ VE MAKİNA DAİRESİZ ASANSÖRLERİN ORTAK DEĞERLENDİRME KRİTERLERİ,null
MAD-0427,427,04 - Makine ve Şase,81-20,Standart / ÜB.FR.38,EN 60204 M. 7.2,Kumanda panosunda hata akımına karşı koruma,Kumanda panosunda hata akımına karşı koruma elemanları,A,Görsel,null,null,null,null,null,null,null,null,null,true,null,null,[],null,Kumanda panosunda hata akımına karşı koruma elemanları,ÜB.FR.38,R.04,11,238,"[""modul_g_tam""]",MAKİNA DAİRELİ VE MAKİNA DAİRESİZ ASANSÖRLERİN ORTAK DEĞERLENDİRME KRİTERLERİ,null
MAD-0428,428,04 - Makine ve Şase,81-20,Standart / ÜB.FR.38,5.9.2.3.3,Elle kurtarma kuvveti yüksek olduğunda elektrikli kurtarma tertibatı,"Beyan yüklü kabinin yukarı yönde el gücü 400 N’dan büyükse veya mekanik vasıtalar sağlanmamışsa, elektrikli elle kumanda tertibatı olmalı","A,B,C,D,E",Görsel + Test + Ölçüm + Çizim/Hesap + Talimat/İşaret,null,Ölçü 1,N,null,null,null,null,null,null,true,null,null,[],null,"Beyan yüklü kabinin yukarı yönde el gücü 400 N’dan büyükse veya mekanik vasıtalar sağlanmamışsa, elektrikli elle kumanda tertibatı olmalı",ÜB.FR.38,R.04,11,239,"[""modul_g_tam""]",MAKİNA DAİRELİ VE MAKİNA DAİRESİZ ASANSÖRLERİN ORTAK DEĞERLENDİRME KRİTERLERİ,null
MAD-0429,429,04 - Makine ve Şase,81-20,Standart / ÜB.FR.38,5.9.2.3.1,Elle kurtarma için volan düzeni,"Kabini en yakın durağa elle getirmek için gereken kuvvet 150 N değerinden azsa, makine üzerinde sabit bir volan veya sahada hazır bulunan ve güvenle takılabilen sökülebilir bir volan bulunmalıdır. Kullanım ve erişilebilirliğini kontrol edin.","A,B,C,D,E",Görsel + Test + Ölçüm + Çizim/Hesap + Talimat/İşaret,null,Ölçü 1,N,null,null,null,null,null,null,true,null,null,[],null,"Kabini durağa getirmek için el gücü 150 N’dan az ise, makineye sabit/sökülebilir volan",ÜB.FR.38,R.04,11,240,"[""modul_g_tam""]",MAKİNA DAİRELİ VE MAKİNA DAİRESİZ ASANSÖRLERİN ORTAK DEĞERLENDİRME KRİTERLERİ,null
MAD-0430,430,04 - Makine ve Şase,81-20,Standart / ÜB.FR.38,5.9.2.3.5,Volan üzerinde kabin hareket yönü işareti,"Volan üzerinde, kabinin hareket yönü (sökülebilirse, yakınında veya makine üzerinde)","A,B,C,D,E",Görsel + Test + Ölçüm + Çizim/Hesap + Talimat/İşaret,null,Ölçülen değer,null,null,null,null,null,null,null,true,null,null,[],null,"Volan üzerinde, kabinin hareket yönü (sökülebilirse, yakınında veya makine üzerinde)",ÜB.FR.38,R.04,11,242,"[""modul_g_tam""]",MAKİNA DAİRELİ VE MAKİNA DAİRESİZ ASANSÖRLERİN ORTAK DEĞERLENDİRME KRİTERLERİ,null
MAD-0431,431,04 - Makine ve Şase,81-20,Standart / ÜB.FR.38,5.9.2.3.2,Kabinin kilit açılma bölgesinde olduğunun görülebilmesi,"Kabinin, bir kilit açılma bölgesinde olup olmadığının kontrolü kolaylıkla mümkün olmalı","A,B,C,D,E",Görsel + Test + Ölçüm + Çizim/Hesap + Talimat/İşaret,null,Ölçülen değer,null,null,null,null,null,null,null,true,null,null,[],null,"Kabinin, bir kilit açılma bölgesinde olup olmadığının kontrolü kolaylıkla mümkün olmalı",ÜB.FR.38,R.04,11,243,"[""modul_g_tam""]",MAKİNA DAİRELİ VE MAKİNA DAİRESİZ ASANSÖRLERİN ORTAK DEĞERLENDİRME KRİTERLERİ,null
MAD-0432,432,04 - Makine ve Şase,81-20,Standart / ÜB.FR.38,5.10.1.2.2,Elektrik donanımı mahfazalarında tehlike işareti,"Elektrik donanımı bulunduran mahfazalar, grafik sembolü ile işaretlenmeli","A,B,C,D,E",Görsel + Test + Ölçüm + Çizim/Hesap + Talimat/İşaret,null,Ölçülen değer,null,null,null,null,null,null,null,true,null,null,[],null,"Elektrik donanımı bulunduran mahfazalar, grafik sembolü ile işaretlenmeli",ÜB.FR.38,R.04,11,244,"[""modul_g_tam""]",MAKİNA DAİRELİ VE MAKİNA DAİRESİZ ASANSÖRLERİN ORTAK DEĞERLENDİRME KRİTERLERİ,null
MAD-0433,433,04 - Makine ve Şase,81-20,Standart / ÜB.FR.38,5.10.1.2.3,Yetkisiz erişilebilen devrelerde 30 mA artık akım koruması,30 mA’i aşmayan artık akımdan koruma tertibatı,"A,B,C,D,E",Görsel + Test + Ölçüm + Çizim/Hesap + Talimat/İşaret,null,Ölçülen değer,null,null,null,null,null,null,null,true,null,null,[],null,30 mA’i aşmayan artık akımdan koruma tertibatı,ÜB.FR.38,R.04,11,247,"[""modul_g_tam""]",MAKİNA DAİRELİ VE MAKİNA DAİRESİZ ASANSÖRLERİN ORTAK DEĞERLENDİRME KRİTERLERİ,null
MAD-0434,434,04 - Makine ve Şase,81-20,Standart / ÜB.FR.38,5.2.1.7,MRL donanımı için kaldırma ve taşıma vasıtası,"Gerekli ise donanım taşma vasıtası (uygun yerleştirilmiş, çalışma yükleri belirtilmiş)","A,B,C,D,E",Görsel + Test + Ölçüm + Çizim/Hesap + Talimat/İşaret,null,Ölçülen değer,null,null,null,null,MRL,null,null,true,null,null,[],null,"Gerekli ise donanım taşma vasıtası (uygun yerleştirilmiş, çalışma yükleri belirtilmiş)",ÜB.FR.38,R.04,11,249,"[""modul_g_tam""]",MAKİNA DAİRESİZ ASANSÖRLERİN DEĞERLENDİRME KRİTERLERİ,null
MAD-0435,435,04 - Makine ve Şase,81-20,Standart / ÜB.FR.38,5.2.6.6.3,MRL kumanda panosu aydınlatma anahtarı,"Panonun üzerine veya yakınına yerleştirilmiş bir anahtar, panonun/panoların aydınlatılmasına kumanda etmelidir.","A,B,C,D,E",Görsel + Test + Ölçüm + Çizim/Hesap + Talimat/İşaret,null,Ölçülen değer,null,null,null,null,MRL,null,null,true,null,null,[],null,"Panonun üzerine veya yakınına yerleştirilmiş bir anahtar, panonun/panoların aydınlatılmasına kumanda etmelidir.",ÜB.FR.38,R.04,11,250,"[""modul_g_tam""]",MAKİNA DAİRESİZ ASANSÖRLERİN DEĞERLENDİRME KRİTERLERİ,null
MAD-0436,436,04 - Makine ve Şase,81-20,Standart / ÜB.FR.38,5.2.6.6.3,MRL kumanda panosu aydınlatma seviyesi,"Panonun/panoların üzerindeki aygıtlar, aygıtta en az 200 lüks (lux) şiddetinde bir aydınlatma sağlayacak sabit elektrik tesisatı ile aydınlatılmalıdır.","A,B,C,D,E",Görsel + Test + Ölçüm + Çizim/Hesap + Talimat/İşaret,null,Ölçü 1,lüks,null,null,null,MRL,200,>=,true,null,null,[],null,"Panonun/panoların üzerindeki aygıtlar, aygıtta en az 200 lüks (lux) şiddetinde bir aydınlatma sağlayacak sabit elektrik tesisatı ile aydınlatılmalıdır.",ÜB.FR.38,R.04,11,251,"[""modul_g_tam""]",MAKİNA DAİRESİZ ASANSÖRLERİN DEĞERLENDİRME KRİTERLERİ,null
MAD-0437,437,04 - Makine ve Şase,81-20,Standart / ÜB.FR.38,5.2.6.6.2,"MRL kumanda panosundaki haberleşme, deney ve göstergeler","Panoda/panolarda bir interkom sistemi, dinamik deneylerin gerçekleştirilmesini sağlayan kumanda tertibatları , asansör makinesini doğrudan gözlemleyen veya görüntüleme aygıtı/aygıtları ile kabin hareketlerinin yönü, bir kilit açılma bölgesine ulaşılması ve kabinin hızı görülebilmelidir.","A,B,C,D,E",Görsel + Test + Ölçüm + Çizim/Hesap + Talimat/İşaret,null,Ölçülen değer,null,null,null,null,MRL,null,null,true,null,null,[],null,"Panoda/panolarda bir interkom sistemi, dinamik deneylerin gerçekleştirilmesini sağlayan kumanda tertibatları , asansör makinesini doğrudan gözlemleyen veya görüntüleme aygıtı/aygıtları ile kabin hareketlerinin yönü, bir kilit açılma bölgesine ulaşılması ve kabinin hızı görülebilmelidir.",ÜB.FR.38,R.04,11,252,"[""modul_g_tam""]",MAKİNA DAİRESİZ ASANSÖRLERİN DEĞERLENDİRME KRİTERLERİ,null
MAD-0438,438,04 - Makine ve Şase,81-20,Standart / ÜB.FR.38,5.2.6.4.11,Dış ortamlı kısmen kapalı kuyuda makine grubunun korunması,"Binaların dışında kısmen kapalı kuyuların olması durumunda, makine grubu çevresel etkilere karşı uygun şekilde korunmalıdır.","A,B,C,D,E",Görsel + Test + Ölçüm + Çizim/Hesap + Talimat/İşaret,null,Ölçülen değer,null,null,null,null,MRL,null,null,true,null,null,[],null,"Binaların dışında kısmen kapalı kuyuların olması durumunda, makine grubu çevresel etkilere karşı uygun şekilde korunmalıdır.",ÜB.FR.38,R.04,11,253,"[""modul_g_tam""]",MAKİNA DAİRESİZ ASANSÖRLERİN DEĞERLENDİRME KRİTERLERİ,null
MAD-0439,439,04 - Makine ve Şase,81-20,Standart / ÜB.FR.38,5.2.6.4.1.2,Kuyu içindeki çalışma alanları arasında geçiş yüksekliği,"Kuyu içinde bir çalışma alanından diğerine geçiş için net yükseklik 1,80 m'den az olmamalıdır.","A,B,C,D,E",Görsel + Test + Ölçüm + Çizim/Hesap + Talimat/İşaret,null,Ölçü 1,m,null,null,null,MRL,null,null,true,null,null,[],null,"Kuyu içinde bir çalışma alanından diğerine geçiş için net yükseklik 1,80 m'den az olmamalıdır.",ÜB.FR.38,R.04,11,254,"[""modul_g_tam""]",MAKİNA DAİRESİZ ASANSÖRLERİN DEĞERLENDİRME KRİTERLERİ,null
MAD-0440,440,04 - Makine ve Şase,81-20,Standart / ÜB.FR.38,5.2.6.4.1.3,Hareketli çalışma tertibatları için kuyu içi talimatlar,Geri çekilebilir platform veya hareketli durdurucular veya el ile çalıştırılan mekanik bir cihaz varsa kuyuda uygun yerlere çalışma için gerekli tüm talimatları veren açık bir uyarı/uyarılar asılmalıdır.,"A,B,C,D,E",Görsel + Test + Ölçüm + Çizim/Hesap + Talimat/İşaret,null,Ölçülen değer,null,null,null,null,MRL,null,null,true,null,null,[],null,Geri çekilebilir platform veya hareketli durdurucular veya el ile çalıştırılan mekanik bir cihaz varsa kuyuda uygun yerlere çalışma için gerekli tüm talimatları veren açık bir uyarı/uyarılar asılmalıdır.,ÜB.FR.38,R.04,11,255,"[""modul_g_tam""]",MAKİNA DAİRESİZ ASANSÖRLERİN DEĞERLENDİRME KRİTERLERİ,null
MAD-0441,441,04 - Makine ve Şase,81-20,Standart / ÜB.FR.38,5.2.6.4.3.1,Çalışma sırasında tehlikeli kabin hareketinin mekanik olarak önlenmesi,Kabinin herhangi bir tehlikeli hareketi elektrikli güvenlik tertibatına sahip mekanik bir tertibat ile engellenmelidir.,"A,B,C,D,E",Görsel + Test + Ölçüm + Çizim/Hesap + Talimat/İşaret,null,Ölçülen değer,null,null,null,null,MRL,null,null,true,null,null,[],null,Kabinin herhangi bir tehlikeli hareketi elektrikli güvenlik tertibatına sahip mekanik bir tertibat ile engellenmelidir.,ÜB.FR.38,R.04,11,256,"[""modul_g_tam""]",MAKİNA DAİRESİZ ASANSÖRLERİN DEĞERLENDİRME KRİTERLERİ,null
MAD-0442,442,04 - Makine ve Şase,81-20,Standart / ÜB.FR.38,5.2.6.4.3.1,Mekanik tertibat etkin durumdayken kuyudan çıkış açıklığı,"Kabinde mekanik tertibat etkin konumda olduğunda ve kendi üzerine uygulanan kuvvetler nedeniyle devre dışı kalamadığında; asansör kuyusunu terk edebilmek için , kabin kapısı üst tertibatı/ kapı tahriki üzerinde en az 0,50 m x 0,70 m'lik net bir açıklık ile durak kapısından veya kabin üstündeki acil durum kapağından erişim yoluyla kabinden. Kabin içine güvenli bir iniş sağlamak için basamaklar, merdiven ve/veya el tutamakları bulunmalıdır veya bir acil durum kapısı aracılığıyla sağlanmalıdır. Kaçış prosedürü ile ilgili talimatlar asansör dosyasında verilmelidir.","A,B,C,D,E",Görsel + Test + Ölçüm + Çizim/Hesap + Talimat/İşaret,null,Ölçü 1,m,Ölçü 2,m,null,MRL,0.5,>=,true,null,null,[],null,"Kabinde mekanik tertibat etkin konumda olduğunda ve kendi üzerine uygulanan kuvvetler nedeniyle devre dışı kalamadığında; asansör kuyusunu terk edebilmek için , kabin kapısı üst tertibatı/ kapı tahriki üzerinde en az 0,50 m x 0,70 m'lik net bir açıklık ile durak kapısından veya kabin üstündeki acil durum kapağından erişim yoluyla kabinden. Kabin içine güvenli bir iniş sağlamak için basamaklar, merdiven ve/veya el tutamakları bulunmalıdır veya bir acil durum kapısı aracılığıyla sağlanmalıdır. Kaçış prosedürü ile ilgili talimatlar asansör dosyasında verilmelidir.",ÜB.FR.38,R.04,11,257,"[""modul_g_tam""]",MAKİNA DAİRESİZ ASANSÖRLERİN DEĞERLENDİRME KRİTERLERİ,null
MAD-0443,443,04 - Makine ve Şase,81-20,Standart / ÜB.FR.38,5.2.6.4.2.1,Kuyu içi çalışma alanının net yüksekliği,"Çalışma alanlarında net en az 2,10 m yükseklik sağlanmalıdır.","A,B,C,D,E",Görsel + Test + Ölçüm + Çizim/Hesap + Talimat/İşaret,null,Ölçü 1,m,null,null,null,MRL,2.1,>=,true,null,null,[],null,"Çalışma alanlarında net en az 2,10 m yükseklik sağlanmalıdır.",ÜB.FR.38,R.04,11,258,"[""modul_g_tam""]",MAKİNA DAİRESİZ ASANSÖRLERİN DEĞERLENDİRME KRİTERLERİ,null
MAD-0444,444,04 - Makine ve Şase,81-20,Standart / ÜB.FR.38,5.2.6.4.2.1 a,Kumanda panosu önündeki net çalışma alanı,"Kumanda panelleri ve dolaplarının önünde net bir yatay alan bulunmalıdır. Mahfazaların dış yüzeyinden ölçülen derinlik, en az 0,70 m olmalıdır. Genişlik, kabinin veya panelin tam genişliği veya 0,50 m değerlerinden büyük olanı seçilmelidir.","A,B,C,D,E",Görsel + Test + Ölçüm + Çizim/Hesap + Talimat/İşaret,null,Ölçü 1,m,Ölçü 2,m,null,MRL,0.7,>=,true,null,null,[],null,"Kumanda panelleri ve dolaplarının önünde net bir yatay alan bulunmalıdır. Mahfazaların dış yüzeyinden ölçülen derinlik, en az 0,70 m olmalıdır. Genişlik, kabinin veya panelin tam genişliği veya 0,50 m değerlerinden büyük olanı seçilmelidir.",ÜB.FR.38,R.04,11,259,"[""modul_g_tam""]",MAKİNA DAİRESİZ ASANSÖRLERİN DEĞERLENDİRME KRİTERLERİ,null
MAD-0445,445,04 - Makine ve Şase,81-20,Standart / ÜB.FR.38,5.2.6.4.2.1 b,Parça bakım ve kontrolü için net yatay alan,"Gerekli olan noktalarda parçaların bakımı ve kontrolü için en az 0,50 m x 0,60 m'lik net bir yatay alan olmalıdır.","A,B,C,D,E",Görsel + Test + Ölçüm + Çizim/Hesap + Talimat/İşaret,null,Ölçü 1,m,Ölçü 2,m,null,MRL,0.5,>=,true,null,null,[],null,"Gerekli olan noktalarda parçaların bakımı ve kontrolü için en az 0,50 m x 0,60 m'lik net bir yatay alan olmalıdır.",ÜB.FR.38,R.04,11,260,"[""modul_g_tam""]",MAKİNA DAİRESİZ ASANSÖRLERİN DEĞERLENDİRME KRİTERLERİ,null
MAD-0446,446,04 - Makine ve Şase,81-20,Standart / ÜB.FR.38,5.2.6.4.2.2,Kuyu içindeki korumasız dönen parçalar üzerindeki açıklık,"Makinenin korumasız dönen parçalarının üzerinde en az 0,30 m'lik net bir düşey mesafe bulunmalıdır.","A,B,C,D,E",Görsel + Test + Ölçüm + Çizim/Hesap + Talimat/İşaret,null,Ölçü 1,m,null,null,null,MRL,0.3,>=,true,null,null,[],null,"Makinenin korumasız dönen parçalarının üzerinde en az 0,30 m'lik net bir düşey mesafe bulunmalıdır.",ÜB.FR.38,R.04,11,261,"[""modul_g_tam""]",MAKİNA DAİRESİZ ASANSÖRLERİN DEĞERLENDİRME KRİTERLERİ,null
MAD-0447,447,04 - Makine ve Şase,81-20,Standart / ÜB.FR.38,5.2.6.4.3.2,Acil durum ve dinamik deneylerin kuyu dışından yapılabilmesi,"Acil durum çalışması ve dinamik deneyler için gerekli aygıtlar, bu çalışma ve deneyler kuyunun dışından gerçekleştirilebilecek şekilde düzenlenmelidir.","A,B,C,D,E",Görsel + Test + Ölçüm + Çizim/Hesap + Talimat/İşaret,null,Ölçülen değer,null,null,null,null,MRL,null,null,true,null,null,[],null,"Acil durum çalışması ve dinamik deneyler için gerekli aygıtlar, bu çalışma ve deneyler kuyunun dışından gerçekleştirilebilecek şekilde düzenlenmelidir.",ÜB.FR.38,R.04,11,262,"[""modul_g_tam""]",MAKİNA DAİRESİZ ASANSÖRLERİN DEĞERLENDİRME KRİTERLERİ,null
MAD-0448,448,04 - Makine ve Şase,81-20,Standart / ÜB.FR.38,5.2.6.6.1,Kuyu dışı acil müdahale ve deney panosu,Acil durum çalışmaları ve dinamik deney işlemleri için gerekli olan tertibatlar asansör kuyusu dışından gerçekleştirilmesi için uygun bir şekilde bir panonun/panoların üzerinde bulunmalıdır. Bu pano/panolar yalnızca yetkilendirilmiş kişilerce erişilebilir olmalıdır.,"A,B,C,D,E",Görsel + Test + Ölçüm + Çizim/Hesap + Talimat/İşaret,null,Ölçülen değer,null,null,null,null,MRL,null,null,true,null,null,[],null,Acil durum çalışmaları ve dinamik deney işlemleri için gerekli olan tertibatlar asansör kuyusu dışından gerçekleştirilmesi için uygun bir şekilde bir panonun/panoların üzerinde bulunmalıdır. Bu pano/panolar yalnızca yetkilendirilmiş kişilerce erişilebilir olmalıdır.,ÜB.FR.38,R.04,11,263,"[""modul_g_tam""]",MAKİNA DAİRESİZ ASANSÖRLERİN DEĞERLENDİRME KRİTERLERİ,null
MAD-0449,449,04 - Makine ve Şase,81-20,Standart / ÜB.FR.38,5.2.6.6.1,Acil müdahale ve deney panosunun koruyucu mahfazası,"Acil durum müdahalesi ve deney aygıtları bir makine grubu dolabı içinde korunmuyorsa, koruma mahfazası; a) Kuyunun içine doğru açılmamalı, b) Anahtarla çalışan bir kilit bulunmalı, bu kilit anahtar olmadan tekrar kapatılabilmeli ve tekrar kilitlenebilmelidir.","A,B,C,D,E",Görsel + Test + Ölçüm + Çizim/Hesap + Talimat/İşaret,null,Ölçülen değer,null,null,null,null,MRL,null,null,true,null,null,[],null,"Acil durum müdahalesi ve deney aygıtları bir makine grubu dolabı içinde korunmuyorsa, koruma mahfazası; a) Kuyunun içine doğru açılmamalı, b) Anahtarla çalışan bir kilit bulunmalı, bu kilit anahtar olmadan tekrar kapatılabilmeli ve tekrar kilitlenebilmelidir.",ÜB.FR.38,R.04,11,264,"[""modul_g_tam""]",MAKİNA DAİRESİZ ASANSÖRLERİN DEĞERLENDİRME KRİTERLERİ,null
MAD-0450,450,04 - Makine ve Şase,81-20,Standart / ÜB.FR.38,5.5.8 a,Saptırma makarası veya dişlisinin düşmeye karşı tutulması,"Mekanik bir arıza olması durumunda saptırma makaralarının/dişlilerinin düşmesini önlemek için tutucu aygıtlar bulunmalıdır. Bu aygıtlar, makaranın/dişlilerin ve asılı yüklerin ağırlığını destekleyebilecek nitelikte olmalıdır.","A,C,D",Görsel + Ölçüm + Çizim/Hesap,null,Ölçülen değer,null,null,null,null,MRL,null,null,true,null,null,[],null,"Mekanik bir arıza olması durumunda saptırma makaralarının/dişlilerinin düşmesini önlemek için tutucu aygıtlar bulunmalıdır. Bu aygıtlar, makaranın/dişlilerin ve asılı yüklerin ağırlığını destekleyebilecek nitelikte olmalıdır.",ÜB.FR.38,R.04,11,265,"[""modul_g_tam""]",MAKİNA DAİRESİZ ASANSÖRLERİN DEĞERLENDİRME KRİTERLERİ,null
MAD-0451,451,04 - Makine ve Şase,81-20,Standart / ÜB.FR.38,5.12.1.6.1 d,Acil durum elektrikli kurtarmada devre dışı bırakılacak güvenlik aygıtları,"Acil durum elektrikli kurtarma anahtarı çalıştırıldığında yalnız standardın izin verdiği güvenlik aygıtlarının devre dışı bırakıldığını doğrulayın: pozitif tahrikli ve hidrolik asansörlerde halat/zincir gevşeklik kontrolü; kabin güvenlik tertibatı, hız regülatörü, yukarı yönde aşırı hız koruması ve hidrolik tampon üzerindeki aygıtlar ile sınır güvenlik kesicileri. Diğer güvenlik devreleri etkin kalmalıdır.","A,B,C,D,E",Görsel + Test + Ölçüm + Çizim/Hesap + Talimat/İşaret,null,Ölçülen değer,null,null,null,null,MRL,null,null,true,null,null,[],null,"Acil durum elektrikli kurtarma anahtarı, doğrudan veya başka bir elektrik anahtarı yardımıyla, - pozitif tahrikli asansörler ve hidrolik asansörlerde, halat veya zincir gevşemesinin kontrolünde kullanılanlar, - kabin güvenlik tertibatına monte edilenler, - hız regülatöründekiler, - yukarı yönde hareket eden kabinin aşırı hızlanmasına karşı koruma aygıtına monte edilenler, - hidrolik tamponlara monte edilenler, - sınır güvenlik kesicileri, elektrikli aygıtları devre dışı bırakmalıdır.",ÜB.FR.38,R.04,11,266,"[""modul_g_tam""]",MAKİNA DAİRESİZ ASANSÖRLERİN DEĞERLENDİRME KRİTERLERİ,null
MAD-0452,452,04 - Makine ve Şase,81-1/2+A3,Standart / ÜB.FR.39,"6.3.1.1/6.3.2/6.7.1.1 | ZA: 1.2.1, 4.2",Makine/Makara Dairesi,"Makine/Makara dairesi yapısı (kaymayan zemin, toz oluşturmayan, sağlam ve dayanıklı)",A,Görsel,null,null,null,null,null,null,MR,null,null,true,null,null,[],null,"Makine/Makara dairesi yapısı (kaymayan zemin, toz oluşturmayan, sağlam ve dayanıklı)",ÜB.FR.39,R.02,12,138,"[""modul_g_tam""]",null,null
MAD-0453,453,04 - Makine ve Şase,81-1/2+A3,Standart / ÜB.FR.39,6.1 | ZA: 1.1,Makine/Makara Dairesi,"Makine dairesine yalnızca yetkili kişilerin (bakım, kontrol ve kurtarma için) erişilebilmesi",A,Görsel,null,null,null,null,null,null,MR,null,null,true,null,null,[],null,"Makine dairesine yalnızca yetkili kişilerin (bakım, kontrol ve kurtarma için) erişilebilmesi",ÜB.FR.39,R.02,12,139,"[""modul_g_tam""]",null,null
MAD-0454,454,04 - Makine ve Şase,81-1/2+A3,Standart / ÜB.FR.39,6.3.1.1 | ZA: 1.2.1,Makine/Makara Dairesi,Asansör için gerekli olmayan teçhizat (havalandırma/ısıtma ve yangın detektörler hariç),A,Görsel,null,null,null,null,null,null,MR,null,null,true,null,null,[],null,Asansör için gerekli olmayan teçhizat (havalandırma/ısıtma ve yangın detektörler hariç),ÜB.FR.39,R.02,12,140,"[""modul_g_tam""]",null,null
MAD-0455,455,04 - Makine ve Şase,81-1/2+A3,Standart / ÜB.FR.39,"Yangın Yön. M.53-1,2 | ZA: 1.5.6",Makine/Makara Dairesi,Yanıcı maddelerin bulunmaması ve temizlik,A,Görsel,null,null,null,null,null,null,MR,null,null,true,null,null,[],null,Yanıcı maddelerin bulunmaması ve temizlik,ÜB.FR.39,R.02,12,141,"[""modul_g_tam""]",null,null
MAD-0456,456,04 - Makine ve Şase,81-1/2+A3,Standart / ÜB.FR.39,"Ek D, D.2 İç Tes. Yön. M.57 | ZA: 1.6",Makine/makara dairesi topraklama sürekliliği (81-1/2+A3),Topraklamanın sürekliliği (kablo renkleri yeşil-sarı),"A,C",Görsel + Ölçüm,null,Ölçülen değer,null,null,null,null,MR,null,null,true,null,null,[],null,Topraklamanın sürekliliği (kablo renkleri yeşil-sarı),ÜB.FR.39,R.02,12,142,"[""modul_g_tam""]",null,null
MAD-0457,457,04 - Makine ve Şase,81-1/2+A3,Standart / ÜB.FR.39,"6.3.3.4 | ZA: 1.2.1, 4.2",Makine/Makara Dairesi,"Makine platformu > 0,5m ise merdiven ve korkuluklar / Merdiven için bkz. Madde 6.2.2","A,C",Görsel + Ölçüm,null,Ölçülen değer,null,null,null,null,MR,null,null,true,null,null,[],null,"Makine platformu > 0,5m ise merdiven ve korkuluklar / Merdiven için bkz. Madde 6.2.2",ÜB.FR.39,R.02,12,143,"[""modul_g_tam""]",null,null
MAD-0458,458,04 - Makine ve Şase,81-1/2+A3,Standart / ÜB.FR.39,"6.3.3.2 / 6.7.1.2.2 | ZA: 1.6, 4.2",Makine/Makara Dairesi,"Hareket için serbest yükseklik (en az 1,80 m) / Makara dairesi için (en az 1,50 m)","A,C",Görsel + Ölçüm,null,Ölçülen değer,null,null,null,null,MR,1.8,>=,true,null,null,[],null,"Hareket için serbest yükseklik (en az 1,80 m) / Makara dairesi için (en az 1,50 m)",ÜB.FR.39,R.02,12,144,"[""modul_g_tam""]",null,null
MAD-0459,459,04 - Makine ve Şase,81-1/2+A3,Standart / ÜB.FR.39,"6.3.3.1 / 6.7.1.2.2 | ZA: 1.6, 4.2",Makine/Makara Dairesi,"Çalışma alanlarının serbest yüksekliği (en az 2 m) / Makara dairesi için (en az 1,50 m)","A,C",Görsel + Ölçüm,null,Çalışma alanı yükseklik,null,null,null,null,MR,2,>=,true,null,null,[],null,"Çalışma alanlarının serbest yüksekliği (en az 2 m) / Makara dairesi için (en az 1,50 m)",ÜB.FR.39,R.02,12,145,"[""modul_g_tam""]",null,null
MAD-0460,460,04 - Makine ve Şase,81-1/2+A3,Standart / ÜB.FR.39,"6.3.3.1 | ZA: 1.6, 4.2",Makine/makara dairesi pano önü açıklıkları (81-1/2+A3),"Pano önlerindeki açıklıklar (derinlik en az 0,7 m, genişlik en az 0,5 m veya pano genişliği)","A,C",Görsel + Ölçüm,null,Ölçülen değer,null,null,null,null,MR,0.7,>=,true,null,null,[],null,"Pano önlerindeki açıklıklar (derinlik en az 0,7 m, genişlik en az 0,5 m veya pano genişliği)",ÜB.FR.39,R.02,12,146,"[""modul_g_tam""]",null,null
MAD-0461,461,04 - Makine ve Şase,81-1/2+A3,Standart / ÜB.FR.39,"6.3.3.2 | ZA: 1.6, 4.2",Makine/Makara Dairesi,"Geçiş yolları genişliği (en az 0,5 m, hareketli parçalar yoksa en az 0.4 m)","A,C",Görsel + Ölçüm,null,Ölçülen değer,null,null,null,null,MR,0.5,>=,true,null,null,[],null,"Geçiş yolları genişliği (en az 0,5 m, hareketli parçalar yoksa en az 0.4 m)",ÜB.FR.39,R.02,12,147,"[""modul_g_tam""]",null,null
MAD-0462,462,04 - Makine ve Şase,81-1/2+A3,Standart / ÜB.FR.39,"6.3.3.1 | ZA: 1.6, 4.2",Makine/Makara Dairesi,"Hareketli parçaların önünde serbest çalışma alanları (en az 0,5 m x 0,6 m)","A,C",Görsel + Ölçüm,null,Ölçülen değer,null,null,null,null,MR,0.5,>=,true,null,null,[],null,"Hareketli parçaların önünde serbest çalışma alanları (en az 0,5 m x 0,6 m)",ÜB.FR.39,R.02,12,148,"[""modul_g_tam""]",null,null
MAD-0463,463,04 - Makine ve Şase,81-1/2+A3,Standart / ÜB.FR.39,"6.3.3.5 | ZA: 1.6, 4.2",Makine/Makara Dairesi,"Döşemede kanallar, 0,50 m’den derin ve 0,50 m’den dar girintiler varsa, üstü kapatılmalı","A,C",Görsel + Ölçüm,null,Ölçülen değer,null,null,null,null,MR,null,null,true,null,null,[],null,"Döşemede kanallar, 0,50 m’den derin ve 0,50 m’den dar girintiler varsa, üstü kapatılmalı",ÜB.FR.39,R.02,12,149,"[""modul_g_tam""]",null,null
MAD-0464,464,04 - Makine ve Şase,81-1/2+A3,Standart / ÜB.FR.39,6.3.5 | ZA: 1.6,Makine/Makara Dairesi,Makine dairesindeki yatay açıklıklar (en az 50 mm yüksekliğinde engelleyici çıkıntı),"A,C",Görsel + Ölçüm,null,Ölçülen değer,null,null,null,null,MR,50,>=,true,null,null,[],null,Makine dairesindeki yatay açıklıklar (en az 50 mm yüksekliğinde engelleyici çıkıntı),ÜB.FR.39,R.02,12,150,"[""modul_g_tam""]",null,null
MAD-0465,465,04 - Makine ve Şase,81-1/2+A3,Standart / ÜB.FR.39,"6.3.6 | ZA: 1.6, 4.2",Makine/Makara Dairesi,Makine dairesi havalandırması,A,Görsel,null,null,null,null,null,null,MR,null,null,true,null,null,[],null,Makine dairesi havalandırması,ÜB.FR.39,R.02,12,151,"[""modul_g_tam""]",null,null
MAD-0466,466,04 - Makine ve Şase,81-1/2+A3,Standart / ÜB.FR.39,6.3.8 | ZA: 1.6,Makine/Makara Dairesi,Taşıma vasıtaları (üzerlerine güvenli taşıma kapasitesi yazılmalı),"A,E",Görsel + Talimat/İşaret,null,null,null,null,null,null,MR,null,null,true,null,null,[],null,Taşıma vasıtaları (üzerlerine güvenli taşıma kapasitesi yazılmalı),ÜB.FR.39,R.02,12,152,"[""modul_g_tam""]",null,null
MAD-0467,467,04 - Makine ve Şase,81-1/2+A3,Standart / ÜB.FR.39,6.3.7 | ZA: 1.6,Makine/makara dairesinde topraklı priz (81-1/2+A3),Topraklı priz,"A,C",Görsel + Ölçüm,null,Ölçülen değer,null,null,null,null,MR,null,null,true,null,null,[],null,Topraklı priz,ÜB.FR.39,R.02,12,153,"[""modul_g_tam""]",null,null
MAD-0468,468,04 - Makine ve Şase,81-1/2+A3,Standart / ÜB.FR.39,"13.6.3.2 | ZA: 1.6, 4.2",Makine/Makara Dairesi,Kuyu aydınlatma anahtarı,A,Görsel,null,null,null,null,null,null,MR,null,null,true,null,null,[],null,Kuyu aydınlatma anahtarı,ÜB.FR.39,R.02,12,154,"[""modul_g_tam""]",null,null
MAD-0469,469,04 - Makine ve Şase,81-1/2+A3,Standart / ÜB.FR.39,"13.6.3.2 / 6.4.9 | ZA: 1.6, 4.2",Makine/Makara Dairesi,"Makine dairesi aydınlatma anahtarı (yetkili kişilerce erişilebilecek, uygun yükseklikte, kuyu aydınlatmasının bir parçası olabilir)",A,Görsel,null,null,null,null,null,null,MR,null,null,true,null,null,[],null,"Makine dairesi aydınlatma anahtarı (yetkili kişilerce erişilebilecek, uygun yükseklikte, kuyu aydınlatmasının bir parçası olabilir)",ÜB.FR.39,R.02,12,155,"[""modul_g_tam""]",null,null
MAD-0470,470,04 - Makine ve Şase,81-1/2+A3,Standart / ÜB.FR.39,6.3.7 | ZA: 1.6,Makine/Makara Dairesi,Döşemede aydınlatma seviyesi (en az 200 lüks) / (Makara dairesi en az 100 lüks),"A,C",Görsel + Ölçüm,null,lüks,null,null,null,null,MR,200,>=,true,null,null,[],null,Döşemede aydınlatma seviyesi (en az 200 lüks) / (Makara dairesi en az 100 lüks),ÜB.FR.39,R.02,12,156,"[""modul_g_tam""]",null,null
MAD-0471,471,04 - Makine ve Şase,81-1/2+A3,Standart / ÜB.FR.39,"15.4.3 Ek-I, 6.2 | ZA: 6.2",Makine/Makara Dairesi,"Acil durum (kurtarma) talimatı, kilit açma anahtarının kullanımı ile ilgili ayrıntılı talimat","A,E",Görsel + Talimat/İşaret,null,null,null,null,null,null,MR,null,null,true,null,null,[],null,"Acil durum (kurtarma) talimatı, kilit açma anahtarının kullanımı ile ilgili ayrıntılı talimat",ÜB.FR.39,R.02,12,157,"[""modul_g_tam""]",null,null
MAD-0472,472,04 - Makine ve Şase,81-1/2+A3,Standart / ÜB.FR.39,"Ek-I, 6.1 | ZA: 6.1",Makine/makara dairesinde güvenlik aksamı talimatları (81-1/2+A3),"Güvenlik aksamlarının montaj, bağlantı, ayar ve bakımları için talimatların bulunması","A,E",Görsel + Talimat/İşaret,null,null,null,null,null,null,MR,null,null,true,null,null,[],null,"Güvenlik aksamlarının montaj, bağlantı, ayar ve bakımları için talimatların bulunması",ÜB.FR.39,R.02,12,158,"[""modul_g_tam""]",null,null
MAD-0473,473,04 - Makine ve Şase,81-1/2+A3,Standart / ÜB.FR.39,"Ek-I, 6.2 | ZA: 6.2",Makine/makara dairesinde devre şemaları ve kayıt defteri (81-1/2+A3),"Devre şemaları, bakım/muayene/tamir talimatları ve kayıt defterinin makine dairesinde veya erişilebilir bir noktada bulunduğunu kontrol edin.","A,E",Görsel + Talimat/İşaret,null,null,null,null,null,null,MR,null,null,true,null,null,[],null,"Devre şemaları, bakım, muayene ve tamir için talimatlar ve kayıt defteri bulunmalıdır.",ÜB.FR.39,R.02,12,159,"[""modul_g_tam""]",null,null
MAD-0474,474,04 - Makine ve Şase,81-1/2+A3,Standart / ÜB.FR.39,13.5.1.2 | ZA: 1.6.4,Makine/Makara Dairesi,Kablo vb. tesisatları uygunluğu (duvar üzerine tespit edilmeli veya kanal içinde olmalı),A,Görsel,null,null,null,null,null,null,MR,null,null,true,null,null,[],null,Kablo vb. tesisatları uygunluğu (duvar üzerine tespit edilmeli veya kanal içinde olmalı),ÜB.FR.39,R.02,12,160,"[""modul_g_tam""]",null,null
MAD-0475,475,04 - Makine ve Şase,81-1/2+A3,Standart / ÜB.FR.39,13.4.1 | ZA: 1.6.4,Makine/Makara Dairesi,"Ana anahtar (kabin aydınlatması veya havalandırması, kabin üstü prizi, makina dairesi aydınlatma ve prizi, kuyu dibi prizi, kuyu aydınlatması ve alarm tertibatlarını kesmemeli)","A,B",Görsel + Test,null,null,null,null,null,null,MR,null,null,true,null,null,[],null,"Ana anahtar (kabin aydınlatması veya havalandırması, kabin üstü prizi, makina dairesi aydınlatma ve prizi, kuyu dibi prizi, kuyu aydınlatması ve alarm tertibatlarını kesmemeli)",ÜB.FR.39,R.02,12,161,"[""modul_g_tam""]",null,null
MAD-0476,476,04 - Makine ve Şase,81-1/2+A3,Standart / ÜB.FR.39,"13.4.2 Ek-I, 1.6.4 | ZA: 1.6.4",Makine/Makara Dairesi,"Ana anahtar (0 ve 1 konumları, 0 konumunda kilitlenebilir olması, makina dairesi girişinden çabuk ve kolayca erişilebilir olması)","A,B",Görsel + Test,null,null,null,null,null,null,MR,null,null,true,null,null,[],null,"Ana anahtar (0 ve 1 konumları, 0 konumunda kilitlenebilir olması, makina dairesi girişinden çabuk ve kolayca erişilebilir olması)",ÜB.FR.39,R.02,12,162,"[""modul_g_tam""]",null,null
MAD-0477,477,04 - Makine ve Şase,81-1/2+A3,Standart / ÜB.FR.39,"13.1.2 / 13.5.3.1 Ek-I, 1.6.4 | ZA: 1.6.4",Makine/Makara Dairesi,"Asansör kuvvet panosu etiketler, işaretlemeler ve mahfazaları (en az IP 2X koruma)","A,E",Görsel + Talimat/İşaret,null,null,null,null,null,null,MR,null,null,true,null,null,[],null,"Asansör kuvvet panosu etiketler, işaretlemeler ve mahfazaları (en az IP 2X koruma)",ÜB.FR.39,R.02,12,163,"[""modul_g_tam""]",null,null
MAD-0478,478,04 - Makine ve Şase,81-1/2+A3,Standart / ÜB.FR.39,"EN 60204 M. 7.2 Ek-I, 1.6.4 | ZA: 1.6.4",Makine/makara dairesi kuvvet panosu hata akımı koruması (81-1/2+A3),Kuvvet panosunda hata akımına karşı koruma elemanları,A,Görsel,null,null,null,null,null,null,MR,null,null,true,null,null,[],null,Kuvvet panosunda hata akımına karşı koruma elemanları,ÜB.FR.39,R.02,12,164,"[""modul_g_tam""]",null,null
MAD-0479,479,04 - Makine ve Şase,81-1/2+A3,Standart / ÜB.FR.39,13.5.3.5 | ZA: 1.6.4,Makine/Makara Dairesi,Kablo uçları cihazların içine kadar sokulmalı veya uygun bir rakor içinde son bulmalı,A,Görsel,null,null,null,null,null,null,MR,null,null,true,null,null,[],null,Kablo uçları cihazların içine kadar sokulmalı veya uygun bir rakor içinde son bulmalı,ÜB.FR.39,R.02,12,165,"[""modul_g_tam""]",null,null
MAD-0480,480,04 - Makine ve Şase,81-1/2+A3,Standart / ÜB.FR.39,"13.1.2 / 13.5.3.1 Ek-I, 1.6.4 | ZA: 1.6.4",Makine/Makara Dairesi,"Asansör kumanda panosu etiketler, işaretlemeler ve mahfazaları (en az IP 2X koruma)","A,E",Görsel + Talimat/İşaret,null,null,null,null,null,null,MR,null,null,true,null,null,[],null,"Asansör kumanda panosu etiketler, işaretlemeler ve mahfazaları (en az IP 2X koruma)",ÜB.FR.39,R.02,12,166,"[""modul_g_tam""]",null,null
MAD-0481,481,04 - Makine ve Şase,81-1/2+A3,Standart / ÜB.FR.39,"EN 60204 M. 7.2 Ek-I, 1.6.4 | ZA: 1.6.4",Makine/makara dairesi kumanda panosu hata akımı koruması (81-1/2+A3),Kumanda panosunda hata akımına karşı koruma elemanları,A,Görsel,null,null,null,null,null,null,MR,null,null,true,null,null,[],null,Kumanda panosunda hata akımına karşı koruma elemanları,ÜB.FR.39,R.02,12,167,"[""modul_g_tam""]",null,null
MAD-0482,482,04 - Makine ve Şase,81-1/2+A3,Standart / ÜB.FR.39,"13.5 Ek-I, 1.6.4 | ZA: 1.6.4",Makine/Makara Dairesi,Onaylanmış Malzemeler / elektrik güvenlik devresi,A,Görsel,null,null,null,null,null,null,MR,null,null,true,null,null,[],null,Onaylanmış Malzemeler / elektrik güvenlik devresi,ÜB.FR.39,R.02,12,168,"[""modul_g_tam""]",null,null
MAD-0483,483,04 - Makine ve Şase,81-1/2+A3,Standart / ÜB.FR.39,"12.5.2 Ek-I, 4.4 | ZA: 4.4",Makine/Makara Dairesi,Beyan yüklü kabini yukarı yönde hareket ettirme > 400 N ise acil durum elektrikli tertibat,"A,B",Görsel + Test,null,null,null,null,null,null,MR,null,null,true,null,null,[],null,Beyan yüklü kabini yukarı yönde hareket ettirme > 400 N ise acil durum elektrikli tertibat,ÜB.FR.39,R.02,12,169,"[""modul_g_tam""]",null,null
MAD-0484,484,04 - Makine ve Şase,81-1/2+A3,Standart / ÜB.FR.39,"12.5.1 Ek-I, 4.4 | ZA: 4.4",Makine/Makara Dairesi,Beyan yüklü kabini yukarı yönde hareket ettirme ≤ 400 N ise acil durum el vasıtası (çark),"A,B",Görsel + Test,null,null,null,null,null,null,MR,null,null,true,null,null,[],null,Beyan yüklü kabini yukarı yönde hareket ettirme ≤ 400 N ise acil durum el vasıtası (çark),ÜB.FR.39,R.02,12,170,"[""modul_g_tam""]",null,null
MAD-0485,485,04 - Makine ve Şase,81-1/2+A3,Standart / ÜB.FR.39,15.4.3.1 | ZA: 6.2,Makine/Makara Dairesi,Elle kata getirme çarkının yakınında veya üzerinde kabin hareket yönü,"A,E",Görsel + Talimat/İşaret,null,null,null,null,null,null,MR,null,null,true,null,null,[],null,Elle kata getirme çarkının yakınında veya üzerinde kabin hareket yönü,ÜB.FR.39,R.02,12,171,"[""modul_g_tam""]",null,null
MAD-0486,486,04 - Makine ve Şase,81-1/2+A3,Standart / ÜB.FR.39,14.2.2.1 | ZA: 6.2,Tahrik makinası yakınında durdurma tertibatı (81-1/2+A3),Tahrik makinası 1m yakınında durdurma tertibatı,A,Görsel,null,null,null,null,null,null,MR,null,null,true,null,null,[],null,Tahrik makinası 1m yakınında durdurma tertibatı,ÜB.FR.39,R.02,12,172,"[""modul_g_tam""]",null,null
MAD-0487,487,04 - Makine ve Şase,81-1/2+A3,Standart / ÜB.FR.39,"9.7 Ek-I, 1.4.4 | ZA: 1.4.4",Makine/Makara Dairesi,"Tahrik ve saptırma kasnakları (mahfaza, denge kontrolü, halat çıkmaya karşı koruma)","A,B",Görsel + Test,null,null,null,null,null,null,MR,null,null,true,null,null,[],null,"Tahrik ve saptırma kasnakları (mahfaza, denge kontrolü, halat çıkmaya karşı koruma)",ÜB.FR.39,R.02,12,173,"[""modul_g_tam""]",null,null
MAD-0488,488,04 - Makine ve Şase,81-1/2+A3,Standart / ÜB.FR.39,6.3.3.3 / 6.7.1.2.3 | ZA: 1.4.4,Makine/Makara Dairesi,"Tahrik makinesi dönen parçaları ve makaraların üstünde serbest yükseklik (en az 0,3 m)","A,C",Görsel + Ölçüm,null,Ölçülen değer,null,null,null,null,MR,0.3,>=,true,null,null,[],null,"Tahrik makinesi dönen parçaları ve makaraların üstünde serbest yükseklik (en az 0,3 m)",ÜB.FR.39,R.02,12,174,"[""modul_g_tam""]",null,null
MAD-0489,489,04 - Makine ve Şase,81-1/2+A3,Standart / ÜB.FR.39,"9.1.2 / 9.1.3 Ek-I, 1.3 | ZA: 1.3",Makine/Makara Dairesi,"Askı halatları adedi ve çapı (en az 2 adet, çapı en az 8 mm)","A,C",Görsel + Ölçüm,null,Halat çapı,null,Halat adedi,null,null,MR,8,>=,true,null,null,[],null,"Askı halatları adedi ve çapı (en az 2 adet, çapı en az 8 mm)",ÜB.FR.39,R.02,12,175,"[""modul_g_tam""]",null,null
MAD-0490,490,04 - Makine ve Şase,81-1/2+A3,Standart / ÜB.FR.39,9.2.1 | ZA: 1.3,Makine/Makara Dairesi,Tahrik makinesi ve saptırma kasnakları çapı ile halatlar arasındaki oranı (en az 40),"A,C",Görsel + Ölçüm,null,Kasnak çapı / halat çapı oranı,null,null,null,null,MR,null,null,true,null,null,[],null,Tahrik makinesi ve saptırma kasnakları çapı ile halatlar arasındaki oranı (en az 40),ÜB.FR.39,R.02,12,176,"[""modul_g_tam""]",null,null
MAD-0491,491,04 - Makine ve Şase,81-1/2+A3,Standart / ÜB.FR.39,12.5.1.2 | ZA: 4.4,Makine/Makara Dairesi,Kabinin kilit açılma bölgesinde olup olmadığının anlaşılması (halat kat işareti),"A,E",Görsel + Talimat/İşaret,null,null,null,null,null,null,MR,null,null,true,null,null,[],null,Kabinin kilit açılma bölgesinde olup olmadığının anlaşılması (halat kat işareti),ÜB.FR.39,R.02,12,177,"[""modul_g_tam""]",null,null
MAD-0492,492,04 - Makine ve Şase,81-1/2+A3,Standart / ÜB.FR.39,6.6.2 | ZA: 1.4.2,Tahrik makinasının gözlenmesi ve hareket göstergeleri (81-1/2+A3),"Tahrik makinasının doğrudan gözlenmesi veya kabinin hareket yönü, kilit açılma bölgesine ulaşıldığı ve kabinin hızı içi göstergeler","A,E",Görsel + Talimat/İşaret,null,null,null,null,null,null,MR,null,null,true,null,null,[],null,"Tahrik makinasının doğrudan gözlenmesi veya kabinin hareket yönü, kilit açılma bölgesine ulaşıldığı ve kabinin hızı içi göstergeler",ÜB.FR.39,R.02,12,178,"[""modul_g_tam""]",null,null
MAD-0493,493,04 - Makine ve Şase,81-1/2+A3,Standart / ÜB.FR.39,"12.1 Ek-I, 1.5.1 | ZA: 1.5.1",Makine/Makara Dairesi,Her asansöre ait 1 adet tahrik makinası (k.ağırlık yerine ikinci bir kabin kullanılmamışsa),A,Görsel,null,null,null,null,null,null,MR,null,null,true,null,null,[],null,Her asansöre ait 1 adet tahrik makinası (k.ağırlık yerine ikinci bir kabin kullanılmamışsa),ÜB.FR.39,R.02,12,179,"[""modul_g_tam""]",null,null
MAD-0494,494,04 - Makine ve Şase,81-1/2+A3,Standart / ÜB.FR.39,"9.9.5 / 9.9.10 / 15.6 / Ek-I, 1.4.2 | ZA: 1.4.2",Makine/Makara Dairesi,"Hız regülâtörü (üstünde bilgi levhası, mühür ve dönüş yönleri)","A,E",Görsel + Talimat/İşaret,null,null,null,null,null,null,MR,null,null,true,null,null,[],null,"Hız regülâtörü (üstünde bilgi levhası, mühür ve dönüş yönleri)",ÜB.FR.39,R.02,12,180,"[""modul_g_tam""]",null,null
MAD-0495,495,04 - Makine ve Şase,81-1/2+A3,Standart / ÜB.FR.39,"Ek-I, 3.4 | ZA: 3.4",Hız regülatörü devreye girme hızı ile asansör hızı uyumu (81-1/2+A3),Hız regülâtörünün devreye girme hızı ile asansör hızı arasında uyum olmasının kontrolü,"A,B",Görsel + Test,null,null,null,null,null,null,MR,null,null,true,null,null,[],null,Hız regülâtörünün devreye girme hızı ile asansör hızı arasında uyum olmasının kontrolü,ÜB.FR.39,R.02,12,181,"[""modul_g_tam""]",null,null
MAD-0496,496,04 - Makine ve Şase,81-1/2+A3,Standart / ÜB.FR.39,"9.9.6.3,4 | ZA: 1.4.4",Makine/Makara Dairesi,Hız regülâtörü çapı (en az 6 mm) ve kasnağı ile halatı çapı arasındaki oranı (en az 30),"A,C",Görsel + Ölçüm,null,Kasnak çapı / halat çapı oranı,null,null,null,null,MR,6,>=,true,null,null,[],null,Hız regülâtörü çapı (en az 6 mm) ve kasnağı ile halatı çapı arasındaki oranı (en az 30),ÜB.FR.39,R.02,12,182,"[""modul_g_tam""]",null,null
MAD-0497,497,04 - Makine ve Şase,81-1/2+A3,Standart / ÜB.FR.39,9.9.11.2 | ZA: 1.4.4,Makine/Makara Dairesi,Hız regülâtörü elektriksel güvenlik tertibatı,"A,B",Görsel + Test,null,null,null,null,null,null,MR,null,null,true,null,null,[],null,Hız regülâtörü elektriksel güvenlik tertibatı,ÜB.FR.39,R.02,12,183,"[""modul_g_tam""]",null,null
MAD-0498,498,04 - Makine ve Şase,81-1/2+A3,Standart / ÜB.FR.39,14.2.1.4 | ZA: 4.2,Makine/Makara Dairesi,"Asansör, bakım kumandasına geçildiğinde, elektrikli elle kumanda devre dışı kalmalı","A,B",Görsel + Test,null,null,null,null,null,null,MR,null,null,true,null,null,[],null,"Asansör, bakım kumandasına geçildiğinde, elektrikli elle kumanda devre dışı kalmalı",ÜB.FR.39,R.02,12,184,"[""modul_g_tam""]",null,null
MAD-0499,499,04 - Makine ve Şase,81-1/2+A3,Standart / ÜB.FR.39,"📘 Kısa Teknik Açıklamalar 1.1 / 1.2.1 → Makine dairelerinin yapısal güvenliği, erişim ve çalışma alanı boyut gereklilikleri. 1.3 → Ergonomik düzenleme ve çalışma pozisyonlarının uygunluğu. 1.4 / 1.4.2 / 1.4.4 → Hareketli mekanik elemanlarla temas, sıkışma ve düşme risklerine karşı koruma. 1.5.1 / 1.5.6 → Elektriksel donanım ve yangın güvenliği. 1.6 / 1.6.4 → Elektrik panoları, kumanda devreleri, motor ve fren donanımlarının güvenliği (EN 60204 ile uyumlu). 3.4 → Mekanik aşırı yük ve güç aktarım elemanlarının emniyetli çalışması. 4.2 → Bakım ve muayene personelinin çalışma esnasında korunması. 4.4 → Deney ve test prosedürlerinde güvenlik. 6.1 / 6.2 → Makine ve makara dairelerinin havalandırma, aydınlatma ve çalışma konforu şartları. | ZA: 📘 Kısa Teknik Açıklamalar 1.1 / 1.2.1 → Makine dairelerinin yapısal güvenliği, erişim ve çalışma alanı boyut gereklilikleri. 1.3 → Ergonomik düzenleme ve çalışma pozisyonlarının uygunluğu. 1.4 / 1.4.2 / 1.4.4 → Hareketli mekanik elemanlarla temas, sıkışma ve düşme risklerine karşı koruma. 1.5.1 / 1.5.6 → Elektriksel donanım ve yangın güvenliği. 1.6 / 1.6.4 → Elektrik panoları, kumanda devreleri, motor ve fren donanımlarının güvenliği (EN 60204 ile uyumlu). 3.4 → Mekanik aşırı yük ve güç aktarım elemanlarının emniyetli çalışması. 4.2 → Bakım ve muayene personelinin çalışma esnasında korunması. 4.4 → Deney ve test prosedürlerinde güvenlik. 6.1 / 6.2 → Makine ve makara dairelerinin havalandırma, aydınlatma ve çalışma konforu şartları.",Makine/Makara Dairesi,"📘 Kısa Teknik Açıklamalar 1.1 / 1.2.1 → Makine dairelerinin yapısal güvenliği, erişim ve çalışma alanı boyut gereklilikleri. 1.3 → Ergonomik düzenleme ve çalışma pozisyonlarının uygunluğu. 1.4 / 1.4.2 / 1.4.4 → Hareketli mekanik elemanlarla temas, sıkışma ve düşme risklerine karşı koruma. 1.5.1 / 1.5.6 → Elektriksel donanım ve yangın güvenliği. 1.6 / 1.6.4 → Elektrik panoları, kumanda devreleri, motor ve fren donanımlarının güvenliği (EN 60204 ile uyumlu). 3.4 → Mekanik aşırı yük ve güç aktarım elemanlarının emniyetli çalışması. 4.2 → Bakım ve muayene personelinin çalışma esnasında korunması. 4.4 → Deney ve test prosedürlerinde güvenlik. 6.1 / 6.2 → Makine ve makara dairelerinin havalandırma, aydınlatma ve çalışma konforu şartları.","📘KısaTeknikAçıklamalar1.1/1.2.1→Makinedairelerininyapısalgüvenliği,erişimveçalışmaalanıboyutgereklilikleri.1.3→Ergonomikdüzenlemeveçalışmapozisyonlarınınuygunluğu.1.4/1.4.2/1.4.4→Hareketlimekanikelemanlarlatemas,sıkışmavedüşmerisklerinekarşıkoruma.1.5.1/1.5.6→Elektrikseldonanımveyangıngüvenliği.1.6/1.6.4→Elektrikpanoları,kumandadevreleri,motorvefrendonanımlarınıngüvenliği(EN60204ileuyumlu).3.4→Mekanikaşırıyükvegüçaktarımelemanlarınınemniyetliçalışması.4.2→Bakımvemuayenepersonelininçalışmaesnasındakorunması.4.4→Deneyvetestprosedürlerindegüvenlik.6.1/6.2→Makinevemakaradairelerininhavalandırma,aydınlatmaveçalışmakonforuşartları.",null,null,null,null,null,null,null,MR,null,null,false,null,null,[],null,null,null,null,null,null,"[""modul_g_tam""]",null,null
MAD-0500,500,04 - Makine ve Şase,81-1/2+A3,Standart / ÜB.FR.39,"6.4.1.2 | ZA: 1.2.1, 4.2",Makine Kuyu İçerisinde,Kısmen kapalı asansör ise makinanın çevresel etkilere karşı korunması,A,Görsel,null,null,null,null,null,null,MRL,null,null,true,null,null,[],null,Kısmen kapalı asansör ise makinanın çevresel etkilere karşı korunması,ÜB.FR.39,R.02,12,187,"[""modul_g_tam""]",null,null
MAD-0501,501,04 - Makine ve Şase,81-1/2+A3,Standart / ÜB.FR.39,"6.6.3 | ZA: 1.6, 4.2",Makine Kuyu İçerisinde,Panolar üzerindeki cihazlarda aydınlatma şiddeti (en az 50 lüks),"A,C",Görsel + Ölçüm,null,lüks,null,null,null,null,MRL,50,>=,true,null,null,[],null,Panolar üzerindeki cihazlarda aydınlatma şiddeti (en az 50 lüks),ÜB.FR.39,R.02,12,188,"[""modul_g_tam""]",null,null
MAD-0502,502,04 - Makine ve Şase,81-1/2+A3,Standart / ÜB.FR.39,"13.4.1.2 Ek-I, 1.6.4 | ZA: 1.6.4",Makine Kuyu İçerisinde,"Ana Anahtar (acil durum ve deney panosu, kuyu dışında yer almalı)",A,Görsel,null,null,null,null,null,null,MRL,null,null,true,null,null,[],null,"Ana Anahtar (acil durum ve deney panosu, kuyu dışında yer almalı)",ÜB.FR.39,R.02,12,189,"[""modul_g_tam""]",null,null
MAD-0503,503,04 - Makine ve Şase,81-1/2+A3,Standart / ÜB.FR.39,"6.4.9 | ZA: 1.6, 4.2",Makine Kuyu İçerisinde,Topraklı priz,"A,C",Görsel + Ölçüm,null,Ölçülen değer,null,null,null,null,MRL,null,null,true,null,null,[],null,Topraklı priz,ÜB.FR.39,R.02,12,190,"[""modul_g_tam""]",null,null
MAD-0504,504,04 - Makine ve Şase,81-1/2+A3,Standart / ÜB.FR.39,"6.4.10 | ZA: 1.6, 4.2",Makine Kuyu İçerisinde,Taşıma vasıtaları,A,Görsel,null,null,null,null,null,null,MRL,null,null,true,null,null,[],null,Taşıma vasıtaları,ÜB.FR.39,R.02,12,191,"[""modul_g_tam""]",null,null
MAD-0505,505,04 - Makine ve Şase,81-1/2+A3,Standart / ÜB.FR.39,"6.4.3.2 | ZA: 1.6, 4.2",Makine Kuyu İçerisinde,Acil durum çalışması ve deney işlemleri için kumanda tertibatları (kuyu dışından),A,Görsel,null,null,null,null,null,null,MRL,null,null,true,null,null,[],null,Acil durum çalışması ve deney işlemleri için kumanda tertibatları (kuyu dışından),ÜB.FR.39,R.02,12,192,"[""modul_g_tam""]",null,null
MAD-0506,506,04 - Makine ve Şase,81-1/2+A3,Standart / ÜB.FR.39,"6.4.9 | ZA: 1.6, 4.2",Makine Kuyu İçerisinde,En az 200 lüks aydınlatma ve anahtarı (yetkili kişilerce erişilebilir uygun yükseklikte),"A,C",Görsel + Ölçüm,null,lüks,null,null,null,null,MRL,200,>=,true,null,null,[],null,En az 200 lüks aydınlatma ve anahtarı (yetkili kişilerce erişilebilir uygun yükseklikte),ÜB.FR.39,R.02,12,193,"[""modul_g_tam""]",null,null
MAD-0507,507,04 - Makine ve Şase,81-1/2+A3,Standart / ÜB.FR.39,"6.6.2 | ZA: 1.4.2, 4.2",Makine Kuyu İçerisinde,"Tahrik makinasının doğrudan gözlenmesi veya kabinin hareket yönü, kilit açılma bölgesine ulaşıldığı ve kabinin hızı içi göstergeler","A,E",Görsel + Talimat/İşaret,null,null,null,null,null,null,MRL,null,null,true,null,null,[],null,"Tahrik makinasının doğrudan gözlenmesi veya kabinin hareket yönü, kilit açılma bölgesine ulaşıldığı ve kabinin hızı içi göstergeler",ÜB.FR.39,R.02,12,194,"[""modul_g_tam""]",null,null
MAD-0508,508,04 - Makine ve Şase,81-1/2+A3,Standart / ÜB.FR.39,"6.4.2.1 b | ZA: 1.6, 4.2",Makine Kuyu İçerisinde,"Pano önlerindeki açıklıklar (derinlik en az 0,7 m, genişlik en az 0,5 m veya pano genişliği)","A,C",Görsel + Ölçüm,null,Ölçülen değer,null,null,null,null,MRL,0.7,>=,true,null,null,[],null,"Pano önlerindeki açıklıklar (derinlik en az 0,7 m, genişlik en az 0,5 m veya pano genişliği)",ÜB.FR.39,R.02,12,195,"[""modul_g_tam""]",null,null
MAD-0509,509,04 - Makine ve Şase,81-1/2+A3,Standart / ÜB.FR.39,"6.4.8 | ZA: 1.6, 4.2",Makine Kuyu İçerisinde,"Makina mekânlarının havalandırılması (toz, zararlı duman ve nemden korunması)",A,Görsel,null,null,null,null,null,null,MRL,null,null,true,null,null,[],null,"Makina mekânlarının havalandırılması (toz, zararlı duman ve nemden korunması)",ÜB.FR.39,R.02,12,196,"[""modul_g_tam""]",null,null
MAD-0510,510,04 - Makine ve Şase,81-1/2+A3,Standart / ÜB.FR.39,14.2.2.1 | ZA: 6.2,Makine Kuyu İçerisinde,Tahrik makinası 1m yakınında durdurma tertibatı,"A,C",Görsel + Ölçüm,null,Ölçülen değer,null,null,null,null,MRL,null,null,true,null,null,[],null,Tahrik makinası 1m yakınında durdurma tertibatı,ÜB.FR.39,R.02,12,197,"[""modul_g_tam""]",null,null
MAD-0511,511,04 - Makine ve Şase,81-1/2+A3,Standart / ÜB.FR.39,"6.4.1.3 | ZA: 1.2.1, 4.2",Makine Kuyu İçerisinde,"Kuyu içerisinde bir çalışma alanından diğer bir çalışma alanına hareket için serbest yükseklik en az 1,80 m","A,C",Görsel + Ölçüm,null,Ölçülen değer,null,null,null,null,MRL,1.8,>=,true,null,null,[],null,"Kuyu içerisinde bir çalışma alanından diğer bir çalışma alanına hareket için serbest yükseklik en az 1,80 m",ÜB.FR.39,R.02,12,198,"[""modul_g_tam""]",null,null
MAD-0512,512,04 - Makine ve Şase,81-1/2+A3,Standart / ÜB.FR.39,"6.4.2.1 | ZA: 1.6, 4.2",Makine Kuyu İçerisinde,Çalışma alanlarının üstünde en az 2 m serbest yükseklik olmalı,"A,C",Görsel + Ölçüm,null,yükseklik,null,null,null,null,MRL,2,>=,true,null,null,[],null,Çalışma alanlarının üstünde en az 2 m serbest yükseklik olmalı,ÜB.FR.39,R.02,12,199,"[""modul_g_tam""]",null,null
MAD-0513,513,04 - Makine ve Şase,81-1/2+A3,Standart / ÜB.FR.39,"6.4.2.1 a | ZA: 1.6, 4.2",Makine Kuyu İçerisinde,"Parçaların bakım ve kontrolü için en az 0,50 m x 0,60 m’lik bir serbest yatay alan","A,C",Görsel + Ölçüm,null,Ölçülen değer,null,null,null,null,MRL,0.5,>=,true,null,null,[],null,"Parçaların bakım ve kontrolü için en az 0,50 m x 0,60 m’lik bir serbest yatay alan",ÜB.FR.39,R.02,12,200,"[""modul_g_tam""]",null,null
MAD-0514,514,04 - Makine ve Şase,81-1/2+A3,Standart / ÜB.FR.39,"6.4.2.2 | ZA: 1.6, 4.2",Makine Kuyu İçerisinde,"Makinaların korumasız dönen parçalarının üstünde en az 0,30 m yüksekliğinde bir serbest düşey mesafe (0,30 m‘den daha az ise, uygun mahfazası)","A,C",Görsel + Ölçüm,null,Ölçülen değer,null,null,null,null,MRL,0.3,>=,true,null,null,[],null,"Makinaların korumasız dönen parçalarının üstünde en az 0,30 m yüksekliğinde bir serbest düşey mesafe (0,30 m‘den daha az ise, uygun mahfazası)",ÜB.FR.39,R.02,12,201,"[""modul_g_tam""]",null,null
MAD-0515,515,04 - Makine ve Şase,81-1/2+A3,Standart / ÜB.FR.39,"6.4.3.1 | ZA: 1.6, 4.2",Makine Kuyu İçerisinde,Kabinin herhangi bir tehlikeli hareketi switchli mekanik bir tertibat ile engellenmeli ve çalışma alanları güvenli olarak terk edilebilmeli,A,Görsel,null,null,null,null,null,null,MRL,null,null,true,null,null,[],null,Kabinin herhangi bir tehlikeli hareketi switchli mekanik bir tertibat ile engellenmeli ve çalışma alanları güvenli olarak terk edilebilmeli,ÜB.FR.39,R.02,12,202,"[""modul_g_tam""]",null,null
MAD-0516,516,04 - Makine ve Şase,81-1/2+A3,Standart / ÜB.FR.39,"6.4.7.1 | ZA: 1.6, 4.2",Makine Kuyu İçerisinde,"Kuyu içinde çalışma alanına erişim (durak kapısı veya aşağıdaki kuralları sağlayan kapı) - En az 0,60 m genişlikte ve en az 1,80 m yükseklikte olmalı, - Kuyunun içine doğru açılmamalı, - Anahtarlı kilit bulunmalı, anahtarsız tekrar kapatılabilmeli ve tekrar kilitlenebilmeli, - Kilitliyken bile kuyu içerisinden açılabilmeli, - Kapalı konumunu denetlemek için elektrik güvenlik tertibatı ile donatılmalı, - Deliksiz ve yangına dayanıklı, kabin duvarları ile aynı dayanıklılığa sahip olmalı","A,C",Görsel + Ölçüm,null,Ölçülen değer,null,null,null,null,MRL,0.6,>=,true,null,null,[],null,"Kuyu içinde çalışma alanına erişim (durak kapısı veya aşağıdaki kuralları sağlayan kapı) - En az 0,60 m genişlikte ve en az 1,80 m yükseklikte olmalı, - Kuyunun içine doğru açılmamalı, - Anahtarlı kilit bulunmalı, anahtarsız tekrar kapatılabilmeli ve tekrar kilitlenebilmeli, - Kilitliyken bile kuyu içerisinden açılabilmeli, - Kapalı konumunu denetlemek için elektrik güvenlik tertibatı ile donatılmalı, - Deliksiz ve yangına dayanıklı, kabin duvarları ile aynı dayanıklılığa sahip olmalı",ÜB.FR.39,R.02,12,203,"[""modul_g_tam""]",null,null
MAD-0517,517,04 - Makine ve Şase,81-1/2+A3,Standart / ÜB.FR.39,"📘 Kısa Teknik Açıklamalar 1.2.1 → Kuyu içindeki makine tertibatlarına erişim, servis alanı ölçüleri ve emniyetli yaklaşım. 1.4.2 → Hareketli mekanizmalar (kayış, dişli, makara vb.) ile temas riskine karşı koruma. 1.6 / 1.6.4 → Elektriksel ekipman, motor, tahrik, fren, kumanda ve güç devrelerinin güvenliği (EN 60204 ile paralel). 4.2 → Bakım ve muayene personelinin kuyu içi erişim esnasında korunması. 6.2 → Makinelerin kuyu içinde bulunması halinde havalandırma, sıcaklık kontrolü ve çalışma alanı konforu. | ZA: 📘 Kısa Teknik Açıklamalar 1.2.1 → Kuyu içindeki makine tertibatlarına erişim, servis alanı ölçüleri ve emniyetli yaklaşım. 1.4.2 → Hareketli mekanizmalar (kayış, dişli, makara vb.) ile temas riskine karşı koruma. 1.6 / 1.6.4 → Elektriksel ekipman, motor, tahrik, fren, kumanda ve güç devrelerinin güvenliği (EN 60204 ile paralel). 4.2 → Bakım ve muayene personelinin kuyu içi erişim esnasında korunması. 6.2 → Makinelerin kuyu içinde bulunması halinde havalandırma, sıcaklık kontrolü ve çalışma alanı konforu.",Makine Kuyu İçerisinde,"📘 Kısa Teknik Açıklamalar 1.2.1 → Kuyu içindeki makine tertibatlarına erişim, servis alanı ölçüleri ve emniyetli yaklaşım. 1.4.2 → Hareketli mekanizmalar (kayış, dişli, makara vb.) ile temas riskine karşı koruma. 1.6 / 1.6.4 → Elektriksel ekipman, motor, tahrik, fren, kumanda ve güç devrelerinin güvenliği (EN 60204 ile paralel). 4.2 → Bakım ve muayene personelinin kuyu içi erişim esnasında korunması. 6.2 → Makinelerin kuyu içinde bulunması halinde havalandırma, sıcaklık kontrolü ve çalışma alanı konforu.","📘KısaTeknikAçıklamalar1.2.1→Kuyuiçindekimakinetertibatlarınaerişim,servisalanıölçüleriveemniyetliyaklaşım.1.4.2→Hareketlimekanizmalar(kayış,dişli,makaravb.)iletemasriskinekarşıkoruma.1.6/1.6.4→Elektrikselekipman,motor,tahrik,fren,kumandavegüçdevreleriningüvenliği(EN60204ileparalel).4.2→Bakımvemuayenepersonelininkuyuiçierişimesnasındakorunması.6.2→Makinelerinkuyuiçindebulunmasıhalindehavalandırma,sıcaklıkkontrolüveçalışmaalanıkonforu.",null,null,null,null,null,null,null,MRL,null,null,false,null,null,[],null,null,null,null,null,null,"[""modul_g_tam""]",null,null
MAD-0518,518,05 - Elektrik ve Test,81-20,Standart / ÜB.FR.38,5.9.2.4,ASANSÖR HIZ ÖLÇÜMÜ,"Kabinin hızı, tüm hızlanma ve yavaşlatma süreleri hariç; yarı doluyken, yukarı ve aşağı doğru hareket sırasında ve seyir sırasında, anma hızını %5'ten fazla aşmamalıdır. Yüksüz ve tam yüklü kabin için; V : Beyan hızı Vm : Yukarı hızı Vd : Aşağı yöndeki kızı","A,B,C,D,E",Görsel + Test + Ölçüm + Çizim/Hesap + Talimat/İşaret,null,Ölçülen değer,null,null,null,null,null,null,null,true,null,null,[],null,"Kabinin hızı, tüm hızlanma ve yavaşlatma süreleri hariç; yarı doluyken, yukarı ve aşağı doğru hareket sırasında ve seyir sırasında, anma hızını %5'ten fazla aşmamalıdır. Yüksüz ve tam yüklü kabin için; V : Beyan hızı Vm : Yukarı hızı Vd : Aşağı yöndeki kızı",ÜB.FR.38,R.04,11,269,"[""modul_g_tam""]",TESTLER,ASANSÖR HIZ ÖLÇÜMÜ
MAD-0519,519,05 - Elektrik ve Test,81-20,Standart / ÜB.FR.38,5.10.4.2,PTC,Aşırı ısınmaya karşı her bir motor için motor koruması sağlanmalıdır. (PTC),"A,B,D,E",Görsel + Test + Çizim/Hesap + Talimat/İşaret,null,null,null,null,null,null,null,null,null,true,null,null,[],null,Aşırı ısınmaya karşı her bir motor için motor koruması sağlanmalıdır. (PTC),ÜB.FR.38,R.04,11,271,"[""modul_g_tam""]",TESTLER,PTC
MAD-0520,520,05 - Elektrik ve Test,81-20,Standart / ÜB.FR.38,5.10.4.3,PTC,"Sıcaklık izleme aygıtları ile donatılmış elektrikli donanımın tasarım sıcaklığının aşılması durumunda kabin, yolcuların kabini terk etmelerine uygun bir durakta durmalıdır. Asansörün normal çalışmaya otomatik olarak dönmesi, ancak yeterli soğuma sağlandıktan sonra gerçekleşmelidir.","A,B,D,E",Görsel + Test + Çizim/Hesap + Talimat/İşaret,null,null,null,null,null,null,null,null,null,true,null,null,[],null,"Sıcaklık izleme aygıtları ile donatılmış elektrikli donanımın tasarım sıcaklığının aşılması durumunda kabin, yolcuların kabini terk etmelerine uygun bir durakta durmalıdır. Asansörün normal çalışmaya otomatik olarak dönmesi, ancak yeterli soğuma sağlandıktan sonra gerçekleşmelidir.",ÜB.FR.38,R.04,11,272,"[""modul_g_tam""]",TESTLER,PTC
MAD-0521,521,05 - Elektrik ve Test,81-20,Standart / ÜB.FR.38,5.9.2.7.2,MOTOR HAREKET SÜRESİ SINIRLAYICI,"Bir hareket başlatılmasına rağmen makinenin dönmemesi durumunda veya kabin/karşı ağırlık, aşağıya hareket ederken, halatların tahrik kasnağı üzerinde kaymasına neden olan bir engelle durdurulduğu durumlarda makinenin enerjisini kesen ve enerjisiz kalmasını sağlayan bir motor çalışma süresi kısıtlayıcı ile donatılmalıdır.","A,B,C,D,E",Görsel + Test + Ölçüm + Çizim/Hesap + Talimat/İşaret,null,Ölçülen değer,null,null,null,null,null,null,null,true,null,null,[],null,"Bir hareket başlatılmasına rağmen makinenin dönmemesi durumunda veya kabin/karşı ağırlık, aşağıya hareket ederken, halatların tahrik kasnağı üzerinde kaymasına neden olan bir engelle durdurulduğu durumlarda makinenin enerjisini kesen ve enerjisiz kalmasını sağlayan bir motor çalışma süresi kısıtlayıcı ile donatılmalıdır.",ÜB.FR.38,R.04,11,274,"[""modul_g_tam""]",TESTLER,MOTOR HAREKET SÜRESİ SINIRLAYICI
MAD-0522,522,05 - Elektrik ve Test,81-20,Standart / ÜB.FR.38,5.9.2.7.2,MOTOR HAREKET SÜRESİ SINIRLAYICI,"Motor çalışma süresi kısıtlayıcısı aşağıdaki değerlerden küçük olanını aşmayacak bir süre içerisinde devreye girmelidir: a) 45 s; b) normal çalışmada tam tur süresi artı 10 s, tam tur süresi 10 s'den az ise minimum 20 s.","A,B,C,D,E",Görsel + Test + Ölçüm + Çizim/Hesap + Talimat/İşaret,null,Ölçülen değer,null,null,null,null,null,null,null,true,null,null,[],null,"Motor çalışma süresi kısıtlayıcısı aşağıdaki değerlerden küçük olanını aşmayacak bir süre içerisinde devreye girmelidir: a) 45 s; b) normal çalışmada tam tur süresi artı 10 s, tam tur süresi 10 s'den az ise minimum 20 s.",ÜB.FR.38,R.04,11,275,"[""modul_g_tam""]",TESTLER,MOTOR HAREKET SÜRESİ SINIRLAYICI
MAD-0523,523,05 - Elektrik ve Test,81-20,Standart / ÜB.FR.38,5.9.2.7.3,MOTOR HAREKET SÜRESİ SINIRLAYICI,"Normal çalışmaya dönüş, yalnızca yetkin bir bakım personeli tarafından elle yapılacak sıfırlama ile mümkün olmalıdır. Güç kaynağının kesilmesinden sonra, gücün tekrar gelmesi durumunda, makinenin hareketsiz konumda tutulması gerekli değildir.","A,B,C,D,E",Görsel + Test + Ölçüm + Çizim/Hesap + Talimat/İşaret,null,Ölçülen değer,null,null,null,null,null,null,null,true,null,null,[],null,"Normal çalışmaya dönüş, yalnızca yetkin bir bakım personeli tarafından elle yapılacak sıfırlama ile mümkün olmalıdır. Güç kaynağının kesilmesinden sonra, gücün tekrar gelmesi durumunda, makinenin hareketsiz konumda tutulması gerekli değildir.",ÜB.FR.38,R.04,11,276,"[""modul_g_tam""]",TESTLER,MOTOR HAREKET SÜRESİ SINIRLAYICI
MAD-0524,524,05 - Elektrik ve Test,81-20,Standart / ÜB.FR.38,5.9.2.7.4,MOTOR HAREKET SÜRESİ SINIRLAYICI,Motor çalışma süresi kısıtlayıcısı ne kontrol işlemi ne de acil durum elektrikli kurtarma sırasında kabinin hareketini etkilememelidir.,"A,B,C,D,E",Görsel + Test + Ölçüm + Çizim/Hesap + Talimat/İşaret,null,Ölçülen değer,null,null,null,null,null,null,null,true,null,null,[],null,Motor çalışma süresi kısıtlayıcısı ne kontrol işlemi ne de acil durum elektrikli kurtarma sırasında kabinin hareketini etkilememelidir.,ÜB.FR.38,R.04,11,277,"[""modul_g_tam""]",TESTLER,MOTOR HAREKET SÜRESİ SINIRLAYICI
MAD-0525,525,05 - Elektrik ve Test,81-20,Standart / ÜB.FR.38,5.12.2.1,SINIR GÜVENLİK KESİCİLERİ,"Sınır güvenlik kesicileri, kazara çalışma riski bulunmaksızın, son kata mümkün olduğu kadar yakın noktada devreye girecek şekilde ayarlanmış olmalıdır.","A,B,D",Görsel + Test + Çizim/Hesap,null,null,null,null,null,null,null,null,null,true,null,null,[],null,"Sınır güvenlik kesicileri, kazara çalışma riski bulunmaksızın, son kata mümkün olduğu kadar yakın noktada devreye girecek şekilde ayarlanmış olmalıdır.",ÜB.FR.38,R.04,11,279,"[""modul_g_tam""]",TESTLER,SINIR GÜVENLİK KESİCİLERİ
MAD-0526,526,05 - Elektrik ve Test,81-20,Standart / ÜB.FR.38,5.12.2.1,SINIR GÜVENLİK KESİCİLERİ,"Kesiciler, kabin (veya eğer varsa karşı ağırlık) tamponlarla temas etmeden önce devreye girmelidir.","A,B,D",Görsel + Test + Çizim/Hesap,null,null,null,null,null,null,null,null,null,true,null,null,[],null,"Kesiciler, kabin (veya eğer varsa karşı ağırlık) tamponlarla temas etmeden önce devreye girmelidir.",ÜB.FR.38,R.04,11,280,"[""modul_g_tam""]",TESTLER,SINIR GÜVENLİK KESİCİLERİ
MAD-0527,527,05 - Elektrik ve Test,81-20,Standart / ÜB.FR.38,5.12.2.1,SINIR GÜVENLİK KESİCİLERİ,"Sınır güvenlik kesicilerinin etkinleşmesi, tamponlar baskılanmışken gerçekleşmelidir.","A,B,D",Görsel + Test + Çizim/Hesap,null,null,null,null,null,null,null,null,null,true,null,null,[],null,"Sınır güvenlik kesicilerinin etkinleşmesi, tamponlar baskılanmışken gerçekleşmelidir.",ÜB.FR.38,R.04,11,281,"[""modul_g_tam""]",TESTLER,SINIR GÜVENLİK KESİCİLERİ
MAD-0528,528,05 - Elektrik ve Test,81-20,Standart / ÜB.FR.38,5.12.2.2.3,SINIR GÜVENLİK KESİCİLERİ,"Sürtünme tahrikli çalışan asansörlerde, sınır güvenlik kesicilerinin etkinleşmesi aşağıdaki şekilde gerçekleşmelidir: a) kuyunun üstünde ve altında doğrudan kabinle; veya b) kabine bağlanmış bir aygıtla dolaylı olarak (örneğin halatla, kayışla veya zincirle). (b) bendinin geçerli olduğu durumlarda, bu bağlantıdaki olası bir kopma veya gevşeme, bir elektrik güvenlik aygıtı vasıtasıyla makinenin durmasını tetiklemelidir.","A,B,D",Görsel + Test + Çizim/Hesap,null,null,null,null,null,null,null,null,null,true,null,null,[],null,"Sürtünme tahrikli çalışan asansörlerde, sınır güvenlik kesicilerinin etkinleşmesi aşağıdaki şekilde gerçekleşmelidir: a) kuyunun üstünde ve altında doğrudan kabinle; veya b) kabine bağlanmış bir aygıtla dolaylı olarak (örneğin halatla, kayışla veya zincirle). (b) bendinin geçerli olduğu durumlarda, bu bağlantıdaki olası bir kopma veya gevşeme, bir elektrik güvenlik aygıtı vasıtasıyla makinenin durmasını tetiklemelidir.",ÜB.FR.38,R.04,11,282,"[""modul_g_tam""]",TESTLER,SINIR GÜVENLİK KESİCİLERİ
MAD-0529,529,05 - Elektrik ve Test,81-20,Standart / ÜB.FR.38,6.3.7,SINIR GÜVENLİK KESİCİLERİ,Tamponların deneyi (kabin/karşı ağırlık anma yüküyle tampon üzerine oturtulmalı) Deneyden sonra asansörün normal çalışmasını olumsuz etkileyebilecek hiçbir bozulmanın meydana gelmediğinden emin olunmalıdır. Gözle kontrolün yeterli olduğu kabul edilir.,"A,B",Görsel + Test,null,null,null,null,null,null,null,null,null,true,null,null,[],null,Tamponların deneyi (kabin/karşı ağırlık anma yüküyle tampon üzerine oturtulmalı) Deneyden sonra asansörün normal çalışmasını olumsuz etkileyebilecek hiçbir bozulmanın meydana gelmediğinden emin olunmalıdır. Gözle kontrolün yeterli olduğu kabul edilir.,ÜB.FR.38,R.04,11,283,"[""modul_g_tam""]",TESTLER,SINIR GÜVENLİK KESİCİLERİ
MAD-0530,530,05 - Elektrik ve Test,81-20,Standart / ÜB.FR.38,5.12.1.9,ARIZALI KAPI KONTAK TESTİ,"Kabin kapısının kapatılmış konumda bulunduğunu kontrol eden elektrik güvenlik aygıtının doğru çalışması, durak kapı kilitleme aygıtının kilitlenmiş konumda bulunduğunu kontrol eden elektrik güvenlik aygıtı ve izleme sinyali; kabin kilit açılma bölgesindeyken kabin kapısı açılırken ve durak kapı kilidi açılırken izlenmelidir. Aygıtlarda arıza tespit edilmişse, asansörün normal çalışması önlenmelidir.","A,B,C,D,E",Görsel + Test + Ölçüm + Çizim/Hesap + Talimat/İşaret,null,Ölçülen değer,null,null,null,null,null,null,null,true,null,null,[],null,"Kabin kapısının kapatılmış konumda bulunduğunu kontrol eden elektrik güvenlik aygıtının doğru çalışması, durak kapı kilitleme aygıtının kilitlenmiş konumda bulunduğunu kontrol eden elektrik güvenlik aygıtı ve izleme sinyali; kabin kilit açılma bölgesindeyken kabin kapısı açılırken ve durak kapı kilidi açılırken izlenmelidir. Aygıtlarda arıza tespit edilmişse, asansörün normal çalışması önlenmelidir.",ÜB.FR.38,R.04,11,285,"[""modul_g_tam""]",TESTLER,ARIZALI KAPI KONTAK TESTİ
MAD-0531,531,05 - Elektrik ve Test,81-20,Standart / ÜB.FR.38,5.11.1.2,FAZ SIRASI DEĞİŞİMİ,Asansör enerjisi ana şalterden kesilir motora giden faz kablolarından bir tanesi sökülür ve asansöre tekrar enerji verilir. Asansöre kayıt verildikten sonra asansör hareket etmemelidir. Asansör enerjisi ana şalterden kesilir motora giden faz kablolarından ikisinin yerleri değiştirilir ve tekrardan asansöre enerji verilir. Asansöre kayıt verilir. Asansör hareket etmemelidir.,"A,B,C,D,E",Görsel + Test + Ölçüm + Çizim/Hesap + Talimat/İşaret,null,Ölçülen değer,null,null,null,null,null,null,null,true,null,null,[],null,Asansör enerjisi ana şalterden kesilir motora giden faz kablolarından bir tanesi sökülür ve asansöre tekrar enerji verilir. Asansöre kayıt verildikten sonra asansör hareket etmemelidir. Asansör enerjisi ana şalterden kesilir motora giden faz kablolarından ikisinin yerleri değiştirilir ve tekrardan asansöre enerji verilir. Asansöre kayıt verilir. Asansör hareket etmemelidir.,ÜB.FR.38,R.04,11,287,"[""modul_g_tam""]",TESTLER,FAZ SIRASI DEĞİŞİMİ
MAD-0532,532,05 - Elektrik ve Test,81-20,Standart / ÜB.FR.38,5.12.1.2.2,AŞIRI YÜK,"Anma yükü, en az 75 kg olmak kaydıyla, %10’dan fazla aşıldığında aşırı yük tespit edilmelidir.","A,B,C,D,E",Görsel + Test + Ölçüm + Çizim/Hesap + Talimat/İşaret,null,Ölçü 1,kg,null,null,null,null,75,>=,true,null,null,[],null,"Anma yükü, en az 75 kg olmak kaydıyla, %10’dan fazla aşıldığında aşırı yük tespit edilmelidir.",ÜB.FR.38,R.04,11,289,"[""modul_g_tam""]",TESTLER,AŞIRI YÜK
MAD-0533,533,05 - Elektrik ve Test,81-20,Standart / ÜB.FR.38,5.12.1.2.3,AŞIRI YÜK,"Aşırı yük durumunda: -Kullanıcılar kabin içindeki sesli ve görünür bir sinyal ile bilgilendirilmeli, -Otomatik güçle çalışan kapılar, tam olarak açılmalı, -Elle çalışan kapılar kilitlenmemiş durumda kalmalı, -Seviyelemenin, otomatik seviyelemenin kontrolü etkisiz duruma getirilmelidir.","A,B,C,D,E",Görsel + Test + Ölçüm + Çizim/Hesap + Talimat/İşaret,null,Ölçülen değer,null,null,null,null,null,null,null,true,null,null,[],null,"Aşırı yük durumunda: -Kullanıcılar kabin içindeki sesli ve görünür bir sinyal ile bilgilendirilmeli, -Otomatik güçle çalışan kapılar, tam olarak açılmalı, -Elle çalışan kapılar kilitlenmemiş durumda kalmalı, -Seviyelemenin, otomatik seviyelemenin kontrolü etkisiz duruma getirilmelidir.",ÜB.FR.38,R.04,11,290,"[""modul_g_tam""]",TESTLER,AŞIRI YÜK
MAD-0534,534,05 - Elektrik ve Test,81-20,Standart / ÜB.FR.38,5.6.7.2,İSTENMEYEN KABİN HAREKETİNE KARŞI KORUMA (UCM),"Koruma tertibatı kabinin kontrolsüz hareketini tespit etmeli, kabini durdurmalı ve durmuş hâlde kalmasını sağlamalıdır.","A,B,C,D,E",Görsel + Test + Ölçüm + Çizim/Hesap + Talimat/İşaret,null,Ölçülen değer,null,null,null,null,null,null,null,true,null,null,[],null,"Koruma tertibatı kabinin kontrolsüz hareketini tespit etmeli, kabini durdurmalı ve durmuş hâlde kalmasını sağlamalıdır.",ÜB.FR.38,R.04,11,292,"[""modul_g_tam""]",TESTLER,İSTENMEYEN KABİN HAREKETİNE KARŞI KORUMA (UCM)
MAD-0535,535,05 - Elektrik ve Test,81-20,Standart / ÜB.FR.38,5.6.7.5 a,İSTENMEYEN KABİN HAREKETİNE KARŞI KORUMA (UCM),"Durdurma mesafesi, istenmeyen kabin hareketinin tespit edildiği duraktan itibaren 1,20 m’yi aşmamalıdır.","A,B,C,D,E",Görsel + Test + Ölçüm + Çizim/Hesap + Talimat/İşaret,null,Ölçü 1,m,null,null,null,null,null,null,true,null,null,[],null,"Durdurma mesafesi, istenmeyen kabin hareketinin tespit edildiği duraktan itibaren 1,20 m’yi aşmamalıdır.",ÜB.FR.38,R.04,11,293,"[""modul_g_tam""]",TESTLER,İSTENMEYEN KABİN HAREKETİNE KARŞI KORUMA (UCM)
MAD-0536,536,05 - Elektrik ve Test,81-20,Standart / ÜB.FR.38,5.6.7.5 b,İSTENMEYEN KABİN HAREKETİNE KARŞI KORUMA (UCM),Durak eşiği ile koruma eteğinin en alt noktası arasındaki düşey mesafe 200 mm'yi aşmamalıdır.,"A,B,C,D,E",Görsel + Test + Ölçüm + Çizim/Hesap + Talimat/İşaret,null,Ölçü 1,mm,null,null,null,null,null,null,true,null,null,[],null,Durak eşiği ile koruma eteğinin en alt noktası arasındaki düşey mesafe 200 mm'yi aşmamalıdır.,ÜB.FR.38,R.04,11,294,"[""modul_g_tam""]",TESTLER,İSTENMEYEN KABİN HAREKETİNE KARŞI KORUMA (UCM)
MAD-0537,537,05 - Elektrik ve Test,81-20,Standart / ÜB.FR.38,5.6.7.5 c,Kabin eşiği ile kuyu duvarı arasındaki açıklık,Kabin eşiği ile kabin girişine bakan kuyu duvarının en alt kısmı arasındaki yatay mesafeyi ölçün; bu mesafe 200 mm değerini aşmamalıdır.,"A,B,C,D,E",Görsel + Test + Ölçüm + Çizim/Hesap + Talimat/İşaret,null,Ölçü 1,mm,null,null,null,null,null,null,true,null,null,[],null,Kabin eşiği ile kabin girişine bakan kuyu duvarının en alt kısmı arasındaki mesafe 200 mm'yi aşmamalıdır.,ÜB.FR.38,R.04,11,295,"[""modul_g_tam""]",TESTLER,İSTENMEYEN KABİN HAREKETİNE KARŞI KORUMA (UCM)
MAD-0538,538,05 - Elektrik ve Test,81-20,Standart / ÜB.FR.38,5.6.7.5 d,İSTENMEYEN KABİN HAREKETİNE KARŞI KORUMA (UCM),"Kabin eşiği ile durak kapısı üst pervazı veya durak eşiği ile kabin kapısı üst pervazı arasındaki düşey mesafe 1,0 m'den az olmamalıdır.","A,B,C,D,E",Görsel + Test + Ölçüm + Çizim/Hesap + Talimat/İşaret,null,Ölçü 1,m,null,null,null,null,null,null,true,null,null,[],null,"Kabin eşiği ile durak kapısı üst pervazı veya durak eşiği ile kabin kapısı üst pervazı arasındaki düşey mesafe 1,0 m'den az olmamalıdır.",ÜB.FR.38,R.04,11,296,"[""modul_g_tam""]",TESTLER,İSTENMEYEN KABİN HAREKETİNE KARŞI KORUMA (UCM)
MAD-0539,539,05 - Elektrik ve Test,81-20,Standart / ÜB.FR.38,5.6.7.5,İSTENMEYEN KABİN HAREKETİNE KARŞI KORUMA (UCM),"Bu değerler katta durma konumundan harekete geçen bir kabinde, kabin içindeki anma yükünün %100'üne kadar olan herhangi bir yük ile elde edilmelidir. Önceden ayarlanmış bir hızla (örneğin tip deneyi sırasında tanımlandığı gibi, kontrol hızı vb.), boş kabin kuyunun üst kısmında yukarı yönde (örneğin en üst katın bir alt katından) ve tam yüklü kabin kuyunun alt kısmında aşağı yönde (örneğin en alt katın bir üst katından) hareket ettirilerek yapılmalıdır.","A,B,C,D,E",Görsel + Test + Ölçüm + Çizim/Hesap + Talimat/İşaret,null,Ölçülen değer,null,null,null,null,null,null,null,true,null,null,[],null,"Bu değerler katta durma konumundan harekete geçen bir kabinde, kabin içindeki anma yükünün %100'üne kadar olan herhangi bir yük ile elde edilmelidir. Önceden ayarlanmış bir hızla (örneğin tip deneyi sırasında tanımlandığı gibi, kontrol hızı vb.), boş kabin kuyunun üst kısmında yukarı yönde (örneğin en üst katın bir alt katından) ve tam yüklü kabin kuyunun alt kısmında aşağı yönde (örneğin en alt katın bir üst katından) hareket ettirilerek yapılmalıdır.",ÜB.FR.38,R.04,11,297,"[""modul_g_tam""]",TESTLER,İSTENMEYEN KABİN HAREKETİNE KARŞI KORUMA (UCM)
MAD-0540,540,05 - Elektrik ve Test,81-20,Standart / ÜB.FR.38,6.3.3,TAHRİK YETENEĞİ KONTROLÜ,"Tahrik yeteneğinin kontrolü, asansör kurulumuyla uyumlu, en sert frenleme ile yapılan birkaç durdurma ile gerçekleştirilmelidir. Her bir deneyde, kabinin tam durdurulması sağlanmalıdır.","A,B",Görsel + Test,null,null,null,null,null,null,null,null,null,true,null,null,[],null,"Tahrik yeteneğinin kontrolü, asansör kurulumuyla uyumlu, en sert frenleme ile yapılan birkaç durdurma ile gerçekleştirilmelidir. Her bir deneyde, kabinin tam durdurulması sağlanmalıdır.",ÜB.FR.38,R.04,11,299,"[""modul_g_tam""]",TESTLER,TAHRİK YETENEĞİ KONTROLÜ
MAD-0541,541,05 - Elektrik ve Test,81-20,Standart / ÜB.FR.38,6.3.3,TAHRİK YETENEĞİ KONTROLÜ,"Deney, - Boş kabinle yukarı yönde seyir hareketinin üst kısmında, - Anma yükünün %125’i ile yüklü kabinle aşağı yönde seyir hareketinin alt kısmında yapılır. Her denemede kabin tam olarak durmalıdır.","A,B",Görsel + Test,null,null,null,null,null,null,null,null,null,true,null,null,[],null,"Deney, - Boş kabinle yukarı yönde seyir hareketinin üst kısmında, - Anma yükünün %125’i ile yüklü kabinle aşağı yönde seyir hareketinin alt kısmında yapılır. Her denemede kabin tam olarak durmalıdır.",ÜB.FR.38,R.04,11,300,"[""modul_g_tam""]",TESTLER,TAHRİK YETENEĞİ KONTROLÜ
MAD-0542,542,05 - Elektrik ve Test,81-20,Standart / ÜB.FR.38,6.3.3,TAHRİK YETENEĞİ KONTROLÜ,Karşı ağırlık tamponla/tamponlarla temas etmeli ve makine halat kayması oluşana kadar döndürülmeye devam etmeli veya kayma oluşmazsa kabin yükselmemelidir.,"A,B",Görsel + Test,null,null,null,null,null,null,null,null,null,true,null,null,[],null,Karşı ağırlık tamponla/tamponlarla temas etmeli ve makine halat kayması oluşana kadar döndürülmeye devam etmeli veya kayma oluşmazsa kabin yükselmemelidir.,ÜB.FR.38,R.04,11,301,"[""modul_g_tam""]",TESTLER,TAHRİK YETENEĞİ KONTROLÜ
MAD-0543,543,05 - Elektrik ve Test,81-20,Standart / ÜB.FR.38,5.5.3 a,TAHRİK YETENEĞİ KONTROLÜ,"Kabin, %125 yüklendiğinde kaymadan zemin seviyesinde tutulmalıdır.","B,D",Test + Çizim/Hesap,null,null,null,null,null,null,null,null,null,true,null,null,[],null,"Kabin, %125 yüklendiğinde kaymadan zemin seviyesinde tutulmalıdır.",ÜB.FR.38,R.04,11,302,"[""modul_g_tam""]",TESTLER,TAHRİK YETENEĞİ KONTROLÜ
MAD-0544,544,05 - Elektrik ve Test,81-20,Standart / ÜB.FR.38,5.9.2.2.1.1,MAKİNE-MOTOR FREN SETİ TESTİ,Asansörde şebekede güç kesilmesi ve kontrol devrelerinin güç kaynağının kesilmesi durumunda otomatik olarak devreye giren bir fren sistemi bulunmalıdır.,"A,B,C,D,E",Görsel + Test + Ölçüm + Çizim/Hesap + Talimat/İşaret,null,Ölçülen değer,null,null,null,null,null,null,null,true,null,null,[],null,Asansörde şebekede güç kesilmesi ve kontrol devrelerinin güç kaynağının kesilmesi durumunda otomatik olarak devreye giren bir fren sistemi bulunmalıdır.,ÜB.FR.38,R.04,11,304,"[""modul_g_tam""]",TESTLER,MAKİNE-MOTOR FREN SETİ TESTİ
MAD-0545,545,05 - Elektrik ve Test,81-20,Standart / ÜB.FR.38,5.9.2.2.2.1,MAKİNE-MOTOR FREN SETİ TESTİ,"Elektromekanik fren, kabin aşağıya doğru anma hızında ve anma yükünün %25 fazlası ile hareket hâlindeyken makineyi kendi başına durdurabilmelidir. Bu koşullarda, kabinin ortalama yavaşlatması, güvenlik tertibatının çalışması veya tamponda durma nedeniyle yaşanan yavaşlamayı aşmamalıdır. Frenleme yüzeyi üzerindeki frenleme etkisinin sağlanmasına katkıda bulunan, frene ait tüm mekanik aksamın kurulumu en az ikişer takım hâlinde yapılmalıdır. Bir aksamın arızalanması nedeniyle fren takımlarından biri çalışmıyorsa; anma hızında beyan edilen yük ile aşağıya doğru hareket eden ve anma hızında boş hâlde yukarı doğru hareket eden kabini yavaşlatmak, durdurmak ve hareketsiz tutabilmek için gereken yeterli frenleme uygulanmaya devam edilmelidir. Not: Motorun tip onay belgesi varsa tek frende test yapılır.","A,B,C,D,E",Görsel + Test + Ölçüm + Çizim/Hesap + Talimat/İşaret,null,Ölçülen değer,null,null,null,null,null,null,null,true,null,null,[],null,"Elektromekanik fren, kabin aşağıya doğru anma hızında ve anma yükünün %25 fazlası ile hareket hâlindeyken makineyi kendi başına durdurabilmelidir. Bu koşullarda, kabinin ortalama yavaşlatması, güvenlik tertibatının çalışması veya tamponda durma nedeniyle yaşanan yavaşlamayı aşmamalıdır. Frenleme yüzeyi üzerindeki frenleme etkisinin sağlanmasına katkıda bulunan, frene ait tüm mekanik aksamın kurulumu en az ikişer takım hâlinde yapılmalıdır. Bir aksamın arızalanması nedeniyle fren takımlarından biri çalışmıyorsa; anma hızında beyan edilen yük ile aşağıya doğru hareket eden ve anma hızında boş hâlde yukarı doğru hareket eden kabini yavaşlatmak, durdurmak ve hareketsiz tutabilmek için gereken yeterli frenleme uygulanmaya devam edilmelidir. Not: Motorun tip onay belgesi varsa tek frende test yapılır.",ÜB.FR.38,R.04,11,305,"[""modul_g_tam""]",TESTLER,MAKİNE-MOTOR FREN SETİ TESTİ
MAD-0546,546,05 - Elektrik ve Test,81-20,Standart / ÜB.FR.38,5.9.2.2.2.7,MAKİNE-MOTOR FREN SETİ TESTİ,"Makina, sürekli el ile çalışması nedeniyle frenin serbest bırakılma özelliğine sahip olmalıdır. Kuyu dışından her bir fren setinin bağımsız olarak deneye tabi tutulması mümkün olmalıdır.","A,B,C,D,E",Görsel + Test + Ölçüm + Çizim/Hesap + Talimat/İşaret,null,Ölçülen değer,null,null,null,null,null,null,null,true,null,null,[],null,"Makina, sürekli el ile çalışması nedeniyle frenin serbest bırakılma özelliğine sahip olmalıdır. Kuyu dışından her bir fren setinin bağımsız olarak deneye tabi tutulması mümkün olmalıdır.",ÜB.FR.38,R.04,11,306,"[""modul_g_tam""]",TESTLER,MAKİNE-MOTOR FREN SETİ TESTİ
MAD-0547,547,05 - Elektrik ve Test,81-20,Standart / ÜB.FR.38,5.9.2.5.2,KONTAKTÖR TESTİ,"Besleme, kontakları motor devresinde seri bağlı, birbirinden bağımsız iki adet kontaktörle kesilmelidir. Asansör hareketsiz hâldeyken, kontaktörlerden birinin ana kontakları asansör durduğunda devreyi açmazsa, en geç, hareket yönündeki bir sonraki değişimde kabinin daha fazla hareket etmesi engellenmelidir.","A,B,C,D,E",Görsel + Test + Ölçüm + Çizim/Hesap + Talimat/İşaret,null,Ölçülen değer,null,null,null,null,null,null,null,true,null,null,[],null,"Besleme, kontakları motor devresinde seri bağlı, birbirinden bağımsız iki adet kontaktörle kesilmelidir. Asansör hareketsiz hâldeyken, kontaktörlerden birinin ana kontakları asansör durduğunda devreyi açmazsa, en geç, hareket yönündeki bir sonraki değişimde kabinin daha fazla hareket etmesi engellenmelidir.",ÜB.FR.38,R.04,11,308,"[""modul_g_tam""]",TESTLER,KONTAKTÖR TESTİ
MAD-0548,548,05 - Elektrik ve Test,81-20,Standart / ÜB.FR.38,5.10.1.3.1,YALITIM DİRENCİ TESTİ,"Gerilim taşıyan her iletken ile toprak arasındaki yalıtım direncini 500 V test voltajıyla ölçün; geçerli devrede ve güvenlik ekipmanlarında değerin 0,5 MΩ'u aştığını doğrulayın. (Bu ölçüm ÜB.FR.38 formunda hem ana madde 5.10.1.3.1 hem Ek-I 1.1 satırında ayrı ayrı istenir; aynı ölçüm değerini her iki maddede de girin.)","A,B,C,D,E",Görsel + Test + Ölçüm + Çizim/Hesap + Talimat/İşaret,null,Ölçülen değer,MΩ,null,null,null,null,0.5,>=,true,null,null,[],null,"Yalıtım direnci, gerilim taşıyan her iletken ile toprak arasında ölçülmelidir. Geçerli devre için >0,5 MΩ (test voltajı 500 V); güvenlik ekipmanları için >0,5 MΩ (test voltajı 500 V).",ÜB.FR.38,R.04,11,310,"[""modul_g_tam""]",TESTLER,YALITIM DİRENCİ TESTİ
MAD-0549,549,05 - Elektrik ve Test,81-20,Standart / ÜB.FR.38,"Ek-I, 1.1",Yalıtım direnci testi,"Gerilim taşıyan her iletken ile toprak arasındaki yalıtım direncini 500 V test voltajıyla ölçün; geçerli devrede ve güvenlik ekipmanlarında değerin 0,5 MΩ'u aştığını doğrulayın. (Bu ölçüm ÜB.FR.38 formunda hem ana madde 5.10.1.3.1 hem Ek-I 1.1 satırında ayrı ayrı istenir; aynı ölçüm değerini her iki maddede de girin.)","A,C",Görsel + Ölçüm,null,Ölçü 1,MΩ,null,null,null,null,null,null,true,null,null,[],null,"Yalıtım direnci, gerilim taşıyan her iletken ile toprak arasında ölçülmelidir. Geçerli devre için >0,5 MΩ (test voltajı 500 V); güvenlik ekipmanları için >0,5 MΩ (test voltajı 500 V).",ÜB.FR.38,R.04,null,null,"[""modul_g_tam""]",null,null
MAD-0550,550,05 - Elektrik ve Test,81-20,Standart / ÜB.FR.38,5.10.9,Koruyucu topraklama düzeninin doğrulanması,"Koruyucu topraklama iletkenlerinin sürekliliğini, erişilebilir iletken parçaların koruyucu devreye bağlanmasını ve koruma düzeninin HD 60364-4-41:2007 Madde 411.3.1.1 gereklerini karşıladığını doğrulayın.","B,D",Test + Çizim/Hesap,null,null,null,null,null,null,null,null,null,true,null,null,[],null,"Koruyucu topraklama HD 60364-4-41:2007, Madde 411.3.1.1’in gerekleri uygulanır.",ÜB.FR.38,R.04,11,312,"[""modul_g_tam""]",TESTLER,YALITIM DİRENCİ TESTİ
MAD-0551,551,05 - Elektrik ve Test,81-20,Standart / ÜB.FR.38,5.11.1.1,Topraklama kaynaklı yalıtım arızasında güvenli davranış,Topraklama ile ilişkili tek bir yalıtım arızasının asansörün kendiliğinden hareket etmesine veya başka bir tehlikeli çalışma durumuna yol açmadığını deney ve devre incelemesiyle doğrulayın.,"A,B,D,E",Görsel + Test + Çizim/Hesap + Talimat/İşaret,null,null,null,null,null,null,null,null,null,true,null,null,[],null,"Topraklama ile ilgili bir yalıtım arızası, asansörün kendiliğinden tehlikeli bir şekilde çalışmasına neden olmamalıdır.",ÜB.FR.38,R.04,11,313,"[""modul_g_tam""]",TESTLER,YALITIM DİRENCİ TESTİ
MAD-0552,552,05 - Elektrik ve Test,81-20,Standart / ÜB.FR.38,5.10.1.2.3,YALITIM DİRENCİ TESTİ,Ana şebekeye doğrudan bağlı motorlar kısa devreye karşı korunmalıdır. (Toprak tesisatı ile güvenlik devresinden bir uç kısa devre yaptırılır.) Güvenlik devresi -Toprak Nötr hattı -Toprak Priz nötr -Toprak Revizyon kutusu Priz nötr -Toprak,"A,B,C,D,E",Görsel + Test + Ölçüm + Çizim/Hesap + Talimat/İşaret,null,Ölçülen değer,null,null,null,null,null,null,null,true,null,null,[],null,Ana şebekeye doğrudan bağlı motorlar kısa devreye karşı korunmalıdır. (Toprak tesisatı ile güvenlik devresinden bir uç kısa devre yaptırılır.) Güvenlik devresi -Toprak Nötr hattı -Toprak Priz nötr -Toprak Revizyon kutusu Priz nötr -Toprak,ÜB.FR.38,R.04,11,314,"[""modul_g_tam""]",TESTLER,YALITIM DİRENCİ TESTİ
MAD-0553,553,05 - Elektrik ve Test,81-20,Standart / ÜB.FR.38,5.10.5,ANA ANAHTARLAR,"Ana anahtar aşağıdaki akım devrelerini kesmemelidir. -Kabin aydınlatması -Kabin havalandırması, -Kabin çatısında bulunan soket çıkışı, -Makina alanlarının ve makara dairelerinin aydınlatması, -Makina alanlarındaki ve makara dairelerdeki aydınlatması ve kuyu boşluğundaki soket çıkışı, -Asansör kuyusu aydınlatması, -Alarm tertibatı.","A,B,D,E",Görsel + Test + Çizim/Hesap + Talimat/İşaret,null,null,null,null,null,null,null,null,null,true,null,null,[],null,"Ana anahtar aşağıdaki akım devrelerini kesmemelidir. -Kabin aydınlatması -Kabin havalandırması, -Kabin çatısında bulunan soket çıkışı, -Makina alanlarının ve makara dairelerinin aydınlatması, -Makina alanlarındaki ve makara dairelerdeki aydınlatması ve kuyu boşluğundaki soket çıkışı, -Asansör kuyusu aydınlatması, -Alarm tertibatı.",ÜB.FR.38,R.04,11,316,"[""modul_g_tam""]",TESTLER,ANA ANAHTARLAR
MAD-0554,554,05 - Elektrik ve Test,81-20,Standart / ÜB.FR.38,5.6.2.1.4.1,GÜVENLİK TERTİBATI TESTİ,"Kabinin / karşı ağırlığın üzerindeki güvenlik tertibatının devre dışı kalması ve otomatik ilk ayara dönmesi, sadece kabin veya karşı ağırlık yükseltilmesi ile mümkün olmalı","A,B,D,E",Görsel + Test + Çizim/Hesap + Talimat/İşaret,null,null,null,null,null,null,null,null,null,true,null,null,[],null,"Kabinin / karşı ağırlığın üzerindeki güvenlik tertibatının devre dışı kalması ve otomatik ilk ayara dönmesi, sadece kabin veya karşı ağırlık yükseltilmesi ile mümkün olmalı",ÜB.FR.38,R.04,11,318,"[""modul_g_tam""]",TESTLER,GÜVENLİK TERTİBATI TESTİ
MAD-0555,555,05 - Elektrik ve Test,81-20,Standart / ÜB.FR.38,5.6.2.1.4.3,GÜVENLİK TERTİBATI TESTİ,"Güvenlik tertibatı serbest kaldıktan (devre dışı bırakıldıktan) sonra, asansörün tekrardan hizmete girmesi için yetkin bakım personelinin müdahalesini gerektirmelidir.","A,B,D,E",Görsel + Test + Çizim/Hesap + Talimat/İşaret,null,null,null,null,null,null,null,null,null,true,null,null,[],null,"Güvenlik tertibatı serbest kaldıktan (devre dışı bırakıldıktan) sonra, asansörün tekrardan hizmete girmesi için yetkin bakım personelinin müdahalesini gerektirmelidir.",ÜB.FR.38,R.04,11,319,"[""modul_g_tam""]",TESTLER,GÜVENLİK TERTİBATI TESTİ
MAD-0556,556,05 - Elektrik ve Test,81-20,Standart / ÜB.FR.38,6.3.4,Kabin güvenlik tertibatı deneyi,"Deneyi kabin aşağı yönde hareket ederken ve deney yükü kabin alanına düzgün dağıtılmışken yapın. Ani etkili tertibatta kabin anma hızında olmalıdır. Kademeli tertibatta sürtünme tahrikli asansörün kabini anma yükünün %125’i ile ve anma hızında veya daha düşük hızda hareket etmelidir. Pozitif tahrikli ve hidrolik asansörlerde deney yükünü tertibat tipine, anma yüke ve Çizelge 6 sınırına göre belirleyin. Makineyi halatlar kayana veya gevşeyene kadar çalıştırın; deneyden sonra normal kullanımı olumsuz etkileyecek bozulma bulunmadığını kontrol edin.",A,Görsel,null,null,null,null,null,null,null,null,null,true,null,"G-8120-C6 — Beyan yüküne göre azami kullanılabilir kabin alanı, Çizelge 6","[{""id"":""guvenlik_tertibati_tipi"",""etiket"":""Güvenlik tertibatı tipi"",""birim"":null,""tur"":""secim"",""secenekler"":[""Ani etkili"",""Kademeli""],""referans_metni"":""Deney şartı tertibat tipine göre belirlenir."",""kaynak"":""TS EN 81-20:2020, 6.3.4""},{""id"":""guvenlik_tertibati_deney_yuku"",""etiket"":""Uygulanan deney yükü"",""birim"":""kg"",""tur"":""sayi"",""referans_metni"":""Anma yükü, tahrik tipi, tertibat tipi ve Çizelge 6 birlikte değerlendirilir."",""kaynak"":""TS EN 81-20:2020, 6.3.4""},{""id"":""guvenlik_tertibati_deney_hizi"",""etiket"":""Deney hızı"",""birim"":""m/s"",""tur"":""sayi"",""referans_metni"":""Ani etkili tertibatta anma hızı; diğer şartlar için 6.3.4 esas alınır."",""kaynak"":""TS EN 81-20:2020, 6.3.4""}]",null,"Asansör hizmete girmeden önce yapılan deneyin amacı, kabin ve kabin dekorasyonu, güvenlik tertibatı, kılavuz raylar ve bunların yapıya sabitlenmesinden oluşan tam kurulumun doğru monte edildiğinin, doğru ayarlandığının ve sağlamlığının kontrol edilmesidir. Bu deney, aşağıdaki şartlar altında kabin üzerinde düzgün dağıtılan gerekli yükle birlikte aşağı inerken, makinenin halatta kayma veya gevşeme oluşana kadar çalıştırılmasıyla yapılmalıdır: a) ani etkili güvenlik tertibatı: Kabin, anma hızında hareket etmeli ve aşağıdaki yüklemelerden biri ile yüklü olmalıdır: 1) anma yükü, Çizelge 6’ya karşılık geldiğinde anma yüküyle veya 2) hidrolik asansörlerde anma yükü, Çizelge 6’da verilen değerden daha küçük olduğunda Çizelge 6’ya karşılık geleni aşmaması kaydıyla anma yükünün %125'i ile; b) kademeli güvenlik tertibatı: Sürtünme tahrikli asansörlerde kabin, anma yükünün %125'i ile yüklü olmalı ve anma hızı veya daha düşük bir hızda hareket etmelidir. Pozitif tahrikli asansörlerde ve hidrolik asansörlerde anma yükü Çizelge 6 ’ya karşılık geldiğinde, kabin anma yükü ile yüklenmeli ve anma hızında veya daha düşük bir hızda hareket etmelidir. Kabin (ve varsa karşı ağırlık) güvenlik tertibatı deneyi (aşağı inerken), deney sonrası asansörün çalışmasını olumsuz etkileyebilen herhangi bir bozulma oluşmamalı",ÜB.FR.38,R.04,11,320,"[""modul_g_tam""]",TESTLER,GÜVENLİK TERTİBATI TESTİ
MAD-0557,557,05 - Elektrik ve Test,81-20,Standart / ÜB.FR.38,6.3.5,GÜVENLİK TERTİBATI TESTİ,"Deney karşı ağırlık veya dengeleme ağırlığı aşağı yönde hareket ederken ve aşağıdaki şartlarda yapılmalıdır. Makine, halatta kayma veya gevşeme oluşana kadar çalışmaya devam etmelidir: a) hız regülatörü veya güvenlik halatı ile devreye girmiş ani etkili güvenlik tertibatı: Deney, anma hızında boş kabinle yapılmalıdır; b) kademeli güvenlik tertibatı: Deney, anma hızında veya daha düşük hızda boş kabinle yapılmalıdır.",A,Görsel,null,null,null,null,null,null,null,null,null,true,null,null,[],null,"Deney karşı ağırlık veya dengeleme ağırlığı aşağı yönde hareket ederken ve aşağıdaki şartlarda yapılmalıdır. Makine, halatta kayma veya gevşeme oluşana kadar çalışmaya devam etmelidir: a) hız regülatörü veya güvenlik halatı ile devreye girmiş ani etkili güvenlik tertibatı: Deney, anma hızında boş kabinle yapılmalıdır; b) kademeli güvenlik tertibatı: Deney, anma hızında veya daha düşük hızda boş kabinle yapılmalıdır.",ÜB.FR.38,R.04,11,321,"[""modul_g_tam""]",TESTLER,GÜVENLİK TERTİBATI TESTİ
MAD-0558,558,05 - Elektrik ve Test,81-20,Standart / ÜB.FR.38,6.3.11,GÜVENLİK TERTİBATI TESTİ,"Yukarı yönde kabinin aşırı hızlanmasına karşı koruma araçları Bu deney, boş kabin anma hızından daha küçük olmayan hızda yukarı çıkarken, frenleme için yalnızca bu aygıt kullanılarak yapılmalıdır.",A,Görsel,null,null,null,null,null,null,null,null,null,true,null,null,[],null,"Yukarı yönde kabinin aşırı hızlanmasına karşı koruma araçları Bu deney, boş kabin anma hızından daha küçük olmayan hızda yukarı çıkarken, frenleme için yalnızca bu aygıt kullanılarak yapılmalıdır.",ÜB.FR.38,R.04,11,322,"[""modul_g_tam""]",TESTLER,GÜVENLİK TERTİBATI TESTİ
MAD-0559,559,05 - Elektrik ve Test,81-20,Standart / ÜB.FR.38,TS EN 81-50 5.11,HALAT SARILMA AÇISI KONTROLÜ,Asansörün sağlıklı çalışabilmesi ve kat hizasından kayarak herhangi bir kazaya yol açmaması için sarma açısı minimum 160° olmalıdır. 180 – ≥ 160°,"A,B",Görsel + Test,null,null,null,null,null,null,null,null,null,true,null,null,[],null,Asansörün sağlıklı çalışabilmesi ve kat hizasından kayarak herhangi bir kazaya yol açmaması için sarma açısı minimum 160° olmalıdır. 180 – ≥ 160°,ÜB.FR.38,R.04,11,324,"[""modul_g_tam""]",TESTLER,HALAT SARILMA AÇISI KONTROLÜ
MAD-0560,560,05 - Elektrik ve Test,81-20,Standart / ÜB.FR.38,TS EN 81-50 5.11.2.3.1.1 5.11.2.3.1.2,Tahrik kasnağı kanallarının durumu,"Kasnak kanallarını görsel olarak inceleyin. Kanallarda düzensiz veya aşırı aşınma, keskin yüzey, halat çapına uygun olmayan oturma ya da halatların kanala farklı derinliklerde oturması bulunmamalıdır.","A,B,D,E",Görsel + Test + Çizim/Hesap + Talimat/İşaret,null,null,null,null,null,null,null,null,null,true,null,null,[],null,"Tahrik kasnağı kanallarının durumu kontrol edilmelidir (kanallarda aşınma olup olmadığı, halatların kanala tam oturup oturmadığı vb.).",ÜB.FR.38,R.04,11,326,"[""modul_g_tam""]",TESTLER,KASNAK KANALLARI KONTROLÜ
MAD-0561,561,05 - Elektrik ve Test,81-20,Standart / ÜB.FR.38,5.10.1.1.5,Testler,"Tüm kontrol tertibatları, düzenli bakım veya ayarlama için erişimin gerekli olduğu durumda, çalışma alanından 0,40 m ve 2,0 m yükseklik arasında yerleştirilmelidir, bağlantı uçları çalışma alanından en az 0,20 m yükseklikte olmalıdır.","A,B,C,D,E",Görsel + Test + Ölçüm + Çizim/Hesap + Talimat/İşaret,null,Ölçü 1,m,Ölçü 2,m,null,null,0.2,>=,true,null,null,[],null,"Tüm kontrol tertibatları, düzenli bakım veya ayarlama için erişimin gerekli olduğu durumda, çalışma alanından 0,40 m ve 2,0 m yükseklik arasında yerleştirilmelidir, bağlantı uçları çalışma alanından en az 0,20 m yükseklikte olmalıdır.",ÜB.FR.38,R.04,11,327,"[""modul_g_tam""]",TESTLER,KASNAK KANALLARI KONTROLÜ
MAD-0562,562,05 - Elektrik ve Test,81-20,Standart / ÜB.FR.38,0.4.22,Hidrolik Kontrol ve Testleri,"Hidrolik asansörlerin çalışmasında kullanılan akışkanlar, EN ISO 6743-4’e uygun olmalıdır.",null,null,null,null,null,null,null,Hidrolik,null,null,null,true,null,null,[],null,"Hidrolik asansörlerin çalışmasında kullanılan akışkanlar, EN ISO 6743-4’e uygun olmalıdır.",ÜB.FR.38,R.04,11,329,"[""modul_g_tam""]",HİDROLİK ASANSÖRLERİN KONTROL VE TESTLERİ ASANSÖR HİDROLİK DEĞİLSE İŞARETLEYİNİZ; İLGİLİ DEĞİL,null
MAD-0563,563,05 - Elektrik ve Test,81-20,Standart / ÜB.FR.38,5.2.1.9,Hidrolik Kontrol ve Testleri,"Hidrolik asansörlerde, güç ünitesinin bulunduğu alan ve kuyu alt boşluğu, bu alanlara yerleştirilen makine grubunda bulunan tüm akışkanın sızıntı veya kaçak sebebiyle çıkması durumunda bile, bu sızıntı ve kaçak tutulacak şekilde geçirimsiz olarak tasarlanmalıdır.","A,B,C,D,E",Görsel + Test + Ölçüm + Çizim/Hesap + Talimat/İşaret,null,Ölçülen değer,null,null,null,Hidrolik,null,null,null,true,null,null,[],null,"Hidrolik asansörlerde, güç ünitesinin bulunduğu alan ve kuyu alt boşluğu, bu alanlara yerleştirilen makine grubunda bulunan tüm akışkanın sızıntı veya kaçak sebebiyle çıkması durumunda bile, bu sızıntı ve kaçak tutulacak şekilde geçirimsiz olarak tasarlanmalıdır.",ÜB.FR.38,R.04,11,330,"[""modul_g_tam""]",HİDROLİK ASANSÖRLERİN KONTROL VE TESTLERİ ASANSÖR HİDROLİK DEĞİLSE İŞARETLEYİNİZ; İLGİLİ DEĞİL,null
MAD-0564,564,05 - Elektrik ve Test,81-20,Standart / ÜB.FR.38,5.2.5.1.3,Hidrolik Kontrol ve Testleri,"Hidrolik asansörlerde kaldırıcılar, kabin ile aynı kuyuda olmalıdır. Bu üniteler zemin veya diğer alanlar içerisine genişleyebilir.","A,B,C,D,E",Görsel + Test + Ölçüm + Çizim/Hesap + Talimat/İşaret,null,Ölçülen değer,null,null,null,Hidrolik,null,null,null,true,null,null,[],null,"Hidrolik asansörlerde kaldırıcılar, kabin ile aynı kuyuda olmalıdır. Bu üniteler zemin veya diğer alanlar içerisine genişleyebilir.",ÜB.FR.38,R.04,11,331,"[""modul_g_tam""]",HİDROLİK ASANSÖRLERİN KONTROL VE TESTLERİ ASANSÖR HİDROLİK DEĞİLSE İŞARETLEYİNİZ; İLGİLİ DEĞİL,null
MAD-0565,565,05 - Elektrik ve Test,81-20,Standart / ÜB.FR.38,5.9.3.2.5.1,Hidrolik Kontrol ve Testleri,"Kaldırıcı zeminden içeri uzanıyorsa, alt ucunda sızdırmazlık sağlanmış koruyucu bir boru içine yerleştirilmelidir. Başka alanlara da uzanıyorsa, uygun bir şekilde korumaya alınmış olmalıdır.","A,B,C,D,E",Görsel + Test + Ölçüm + Çizim/Hesap + Talimat/İşaret,null,Ölçülen değer,null,null,null,Hidrolik,null,null,null,true,null,null,[],null,"Kaldırıcı zeminden içeri uzanıyorsa, alt ucunda sızdırmazlık sağlanmış koruyucu bir boru içine yerleştirilmelidir. Başka alanlara da uzanıyorsa, uygun bir şekilde korumaya alınmış olmalıdır.",ÜB.FR.38,R.04,11,332,"[""modul_g_tam""]",HİDROLİK ASANSÖRLERİN KONTROL VE TESTLERİ ASANSÖR HİDROLİK DEĞİLSE İŞARETLEYİNİZ; İLGİLİ DEĞİL,null
MAD-0566,566,05 - Elektrik ve Test,81-20,Standart / ÜB.FR.38,5.9.3.2.5.2,Hidrolik Kontrol ve Testleri,Silindir kafasından kaçak ve sızan hidrolik sıvısı toplanmalıdır.,"A,B,C,D,E",Görsel + Test + Ölçüm + Çizim/Hesap + Talimat/İşaret,null,Ölçülen değer,null,null,null,Hidrolik,null,null,null,true,null,null,[],null,Silindir kafasından kaçak ve sızan hidrolik sıvısı toplanmalıdır.,ÜB.FR.38,R.04,11,333,"[""modul_g_tam""]",HİDROLİK ASANSÖRLERİN KONTROL VE TESTLERİ ASANSÖR HİDROLİK DEĞİLSE İŞARETLEYİNİZ; İLGİLİ DEĞİL,null
MAD-0567,567,05 - Elektrik ve Test,81-20,Standart / ÜB.FR.38,5.5.5.3. b,Hidrolik Kontrol ve Testleri,"Hidrolik asansörlerde, eğer gevşek halat (veya zincir) riski varsa,bir elektrik güvenlik aygıtı, gevşeme meydana geldiğinde makinenin durmasını sağlamalıdır. Durduktan sonra normal çalışma engellenmelidir. İki veya daha fazla kaldırıcılı hidrolik asansörlerde bu gereklilik her askı düzeneği için geçerlidir.","A,B,D",Görsel + Test + Çizim/Hesap,null,null,null,null,null,Hidrolik,null,null,null,true,null,null,[],null,"Hidrolik asansörlerde, eğer gevşek halat (veya zincir) riski varsa,bir elektrik güvenlik aygıtı, gevşeme meydana geldiğinde makinenin durmasını sağlamalıdır. Durduktan sonra normal çalışma engellenmelidir. İki veya daha fazla kaldırıcılı hidrolik asansörlerde bu gereklilik her askı düzeneği için geçerlidir.",ÜB.FR.38,R.04,11,334,"[""modul_g_tam""]",HİDROLİK ASANSÖRLERİN KONTROL VE TESTLERİ ASANSÖR HİDROLİK DEĞİLSE İŞARETLEYİNİZ; İLGİLİ DEĞİL,null
MAD-0568,568,05 - Elektrik ve Test,81-20,Standart / ÜB.FR.38,5.6.5.3,Hidrolik Kontrol ve Testleri,"Kabin beyan yükü ile yüklü olarak tamponlar üzerinde otururken en alt durak seviyesi ile kabin döşemesi seviyesi arasındaki fark 0,12 m’yi aşmamalıdır.","A,B,C,D",Görsel + Test + Ölçüm + Çizim/Hesap,null,Ölçü 1,m,null,null,Hidrolik,null,null,null,true,null,null,[],null,"Kabin beyan yükü ile yüklü olarak tamponlar üzerinde otururken en alt durak seviyesi ile kabin döşemesi seviyesi arasındaki fark 0,12 m’yi aşmamalıdır.",ÜB.FR.38,R.04,11,335,"[""modul_g_tam""]",HİDROLİK ASANSÖRLERİN KONTROL VE TESTLERİ ASANSÖR HİDROLİK DEĞİLSE İŞARETLEYİNİZ; İLGİLİ DEĞİL,null
MAD-0569,569,05 - Elektrik ve Test,81-20,Standart / ÜB.FR.38,5.9.3.2.3.1,Hidrolik Kontrol ve Testleri,"Pistonu, tampon etkisiyle durduracak vasıtalar mevcut olmalıdır.","A,B,C,D,E",Görsel + Test + Ölçüm + Çizim/Hesap + Talimat/İşaret,null,Ölçülen değer,null,null,null,Hidrolik,null,null,null,true,null,null,[],null,"Pistonu, tampon etkisiyle durduracak vasıtalar mevcut olmalıdır.",ÜB.FR.38,R.04,11,336,"[""modul_g_tam""]",HİDROLİK ASANSÖRLERİN KONTROL VE TESTLERİ ASANSÖR HİDROLİK DEĞİLSE İŞARETLEYİNİZ; İLGİLİ DEĞİL,null
MAD-0570,570,05 - Elektrik ve Test,81-20,Standart / ÜB.FR.38,5.2.5.6.4.1,Hidrolik Kontrol ve Testleri,"Kabin, en yüksek konumundayken, kılavuz rayının uzunlukları, en az 0,10 m ilave kılavuzlanmış hareket seyri sağlayacak şekilde olmalıdır.",null,null,null,Ölçü 1,m,null,null,Hidrolik,null,0.1,>=,true,null,null,[],null,"Kabin, en yüksek konumundayken, kılavuz rayının uzunlukları, en az 0,10 m ilave kılavuzlanmış hareket seyri sağlayacak şekilde olmalıdır.",ÜB.FR.38,R.04,11,337,"[""modul_g_tam""]",HİDROLİK ASANSÖRLERİN KONTROL VE TESTLERİ ASANSÖR HİDROLİK DEĞİLSE İŞARETLEYİNİZ; İLGİLİ DEĞİL,null
MAD-0571,571,05 - Elektrik ve Test,81-20,Standart / ÜB.FR.38,5.2.5.7.4,Hidrolik Kontrol ve Testleri,"Kuyu tavanın en kısa kısımları ile pistonun en yüksek parçaları arasında en az 0,10 m olmalıdır.","A,B,C,D,E",Görsel + Test + Ölçüm + Çizim/Hesap + Talimat/İşaret,null,Ölçü 1,m,null,null,Hidrolik,null,0.1,>=,true,null,null,[],null,"Kuyu tavanın en kısa kısımları ile pistonun en yüksek parçaları arasında en az 0,10 m olmalıdır.",ÜB.FR.38,R.04,11,338,"[""modul_g_tam""]",HİDROLİK ASANSÖRLERİN KONTROL VE TESTLERİ ASANSÖR HİDROLİK DEĞİLSE İŞARETLEYİNİZ; İLGİLİ DEĞİL,null
MAD-0572,572,05 - Elektrik ve Test,81-20,Standart / ÜB.FR.38,5.2.5.8.2 c,Hidrolik Kontrol ve Testleri,"Kuyu alt boşluğunun tabanı veya orada kurulu donanımın üstü ile ters çevrilmiş bir kaldırıcının aşağıya doğru hareket eden piston başı tertibatının en alt kısımları arasındaki serbest düşey mesafe en az 0,50 m olmalıdır. Bununla birlikte, piston başı donanımı altına istem dışı erişimin sağlanması imkânsızsa (ör. bölme duvarları sağlanarak), bu düşey mesafe, 0,50 m’den en az 0,10 m olacak şekilde azaltılabilir.","A,B,C,D,E",Görsel + Test + Ölçüm + Çizim/Hesap + Talimat/İşaret,null,Ölçü 1,m,Ölçü 2,m,Hidrolik,null,0.5,>=,true,null,null,[],null,"Kuyu alt boşluğunun tabanı veya orada kurulu donanımın üstü ile ters çevrilmiş bir kaldırıcının aşağıya doğru hareket eden piston başı tertibatının en alt kısımları arasındaki serbest düşey mesafe en az 0,50 m olmalıdır. Bununla birlikte, piston başı donanımı altına istem dışı erişimin sağlanması imkânsızsa (ör. bölme duvarları sağlanarak), bu düşey mesafe, 0,50 m’den en az 0,10 m olacak şekilde azaltılabilir.",ÜB.FR.38,R.04,11,339,"[""modul_g_tam""]",HİDROLİK ASANSÖRLERİN KONTROL VE TESTLERİ ASANSÖR HİDROLİK DEĞİLSE İŞARETLEYİNİZ; İLGİLİ DEĞİL,null
MAD-0573,573,05 - Elektrik ve Test,81-20,Standart / ÜB.FR.38,5.2.5.8.2 d,Hidrolik Kontrol ve Testleri,"Kuyu alt boşluğunun tabanı ile doğrudan etkili bir asansörün kabininin altındaki teleskopik kaldırıcının en alt kılavuz kelepçesi arasındaki serbest düşey mesafe en az 0,50 m olmalıdır.","A,B,C,D,E",Görsel + Test + Ölçüm + Çizim/Hesap + Talimat/İşaret,null,Ölçü 1,m,null,null,Hidrolik,null,0.5,>=,true,null,null,[],null,"Kuyu alt boşluğunun tabanı ile doğrudan etkili bir asansörün kabininin altındaki teleskopik kaldırıcının en alt kılavuz kelepçesi arasındaki serbest düşey mesafe en az 0,50 m olmalıdır.",ÜB.FR.38,R.04,11,340,"[""modul_g_tam""]",HİDROLİK ASANSÖRLERİN KONTROL VE TESTLERİ ASANSÖR HİDROLİK DEĞİLSE İŞARETLEYİNİZ; İLGİLİ DEĞİL,null
MAD-0574,574,05 - Elektrik ve Test,81-20,Standart / ÜB.FR.38,5.9.3.3.1.2,Hidrolik Kontrol ve Testleri,"Borular duvarlar veya döşeme içinden geçiyorsa bu borular, boyutları gerektiğinde kontrol için boruların sökülebilmesine izin veren yüksüklerle korunmalıdır. Yüksük içinde hiçbir birleştirme bulunmamalıdır.","A,B,C,D,E",Görsel + Test + Ölçüm + Çizim/Hesap + Talimat/İşaret,null,Ölçülen değer,null,null,null,Hidrolik,null,null,null,true,null,null,[],null,"Borular duvarlar veya döşeme içinden geçiyorsa bu borular, boyutları gerektiğinde kontrol için boruların sökülebilmesine izin veren yüksüklerle korunmalıdır. Yüksük içinde hiçbir birleştirme bulunmamalıdır.",ÜB.FR.38,R.04,11,341,"[""modul_g_tam""]",HİDROLİK ASANSÖRLERİN KONTROL VE TESTLERİ ASANSÖR HİDROLİK DEĞİLSE İŞARETLEYİNİZ; İLGİLİ DEĞİL,null
MAD-0575,575,05 - Elektrik ve Test,81-20,Standart / ÜB.FR.38,5.9.3.3.3.1,Hidrolik Kontrol ve Testleri,"Silindir ile geri dönüşsüz valf veya aşağı yön valfi/valfleri arasındaki esnek hortum, tam yük basıncı ve patlama basıncı arasındaki güvenlik faktörü en az 8 olacak şekilde seçilmelidir.","A,B,C,D,E",Görsel + Test + Ölçüm + Çizim/Hesap + Talimat/İşaret,null,Ölçülen değer,null,null,null,Hidrolik,null,null,null,true,null,null,[],null,"Silindir ile geri dönüşsüz valf veya aşağı yön valfi/valfleri arasındaki esnek hortum, tam yük basıncı ve patlama basıncı arasındaki güvenlik faktörü en az 8 olacak şekilde seçilmelidir.",ÜB.FR.38,R.04,11,342,"[""modul_g_tam""]",HİDROLİK ASANSÖRLERİN KONTROL VE TESTLERİ ASANSÖR HİDROLİK DEĞİLSE İŞARETLEYİNİZ; İLGİLİ DEĞİL,null
MAD-0576,576,05 - Elektrik ve Test,81-20,Standart / ÜB.FR.38,5.9.3.3.3.2,Hidrolik Kontrol ve Testleri,"Silindir ve geri dönüşsüz valf veya aşağı yönlü valf arasındaki esnek hortum ve bağlantıları, hasar görmeksizin tam yük basıncının beş katı basınca dayanmalıdır, bu deney hortum ve bağlantılarının imalatçısı tarafından yapılmalıdır.","A,B,C,D,E",Görsel + Test + Ölçüm + Çizim/Hesap + Talimat/İşaret,null,Ölçülen değer,null,null,null,Hidrolik,null,null,null,true,null,null,[],null,"Silindir ve geri dönüşsüz valf veya aşağı yönlü valf arasındaki esnek hortum ve bağlantıları, hasar görmeksizin tam yük basıncının beş katı basınca dayanmalıdır, bu deney hortum ve bağlantılarının imalatçısı tarafından yapılmalıdır.",ÜB.FR.38,R.04,11,343,"[""modul_g_tam""]",HİDROLİK ASANSÖRLERİN KONTROL VE TESTLERİ ASANSÖR HİDROLİK DEĞİLSE İŞARETLEYİNİZ; İLGİLİ DEĞİL,null
MAD-0577,577,05 - Elektrik ve Test,81-20,Standart / ÜB.FR.38,5.9.3.3.3.3,Hidrolik Kontrol ve Testleri,"Esnek hortum üzerinde (imalatçı adı-markası, deney basıncı, silinmeyecek şekilde deney tarihi) olmalıdır.","A,B,C,D,E",Görsel + Test + Ölçüm + Çizim/Hesap + Talimat/İşaret,null,Ölçülen değer,null,null,null,Hidrolik,null,null,null,true,null,null,[],null,"Esnek hortum üzerinde (imalatçı adı-markası, deney basıncı, silinmeyecek şekilde deney tarihi) olmalıdır.",ÜB.FR.38,R.04,11,344,"[""modul_g_tam""]",HİDROLİK ASANSÖRLERİN KONTROL VE TESTLERİ ASANSÖR HİDROLİK DEĞİLSE İŞARETLEYİNİZ; İLGİLİ DEĞİL,null
MAD-0578,578,05 - Elektrik ve Test,81-20,Standart / ÜB.FR.38,5.9.3.5.4.1,Hidrolik Kontrol ve Testleri,"Aşağı yön valfleri elektriksel olarak açık tutulmalıdır. Valflerin kapanması, kaldırıcı hidrolik basıncıyla ve valf başına en az bir adet kılavuzlanmış yay etkisi ile olmalıdır.","A,B,C,D,E",Görsel + Test + Ölçüm + Çizim/Hesap + Talimat/İşaret,null,Ölçülen değer,null,null,null,Hidrolik,null,null,null,true,null,null,[],null,"Aşağı yön valfleri elektriksel olarak açık tutulmalıdır. Valflerin kapanması, kaldırıcı hidrolik basıncıyla ve valf başına en az bir adet kılavuzlanmış yay etkisi ile olmalıdır.",ÜB.FR.38,R.04,11,345,"[""modul_g_tam""]",HİDROLİK ASANSÖRLERİN KONTROL VE TESTLERİ ASANSÖR HİDROLİK DEĞİLSE İŞARETLEYİNİZ; İLGİLİ DEĞİL,null
MAD-0579,579,05 - Elektrik ve Test,81-20,Standart / ÜB.FR.38,5.9.3.5.4.2,Hidrolik Kontrol ve Testleri,"Yukarı yön valfleri elektrikle kapanmalıdır. Valflerin açılması, kaldırıcının hidrolik basıncı ve valf başına en az bir adet kılavuzlanmış yay etkisi ile olmalıdır.","A,B,C,D,E",Görsel + Test + Ölçüm + Çizim/Hesap + Talimat/İşaret,null,Ölçülen değer,null,null,null,Hidrolik,null,null,null,true,null,null,[],null,"Yukarı yön valfleri elektrikle kapanmalıdır. Valflerin açılması, kaldırıcının hidrolik basıncı ve valf başına en az bir adet kılavuzlanmış yay etkisi ile olmalıdır.",ÜB.FR.38,R.04,11,346,"[""modul_g_tam""]",HİDROLİK ASANSÖRLERİN KONTROL VE TESTLERİ ASANSÖR HİDROLİK DEĞİLSE İŞARETLEYİNİZ; İLGİLİ DEĞİL,null
MAD-0580,580,05 - Elektrik ve Test,81-20,Standart / ÜB.FR.38,5.9.3.6.1,Hidrolik Kontrol ve Testleri,Sistem basıncının gösterilmesi için bir basınç göstergesi(manometre) sağlanmalıdır. Geri dönüşsüz valf veya aşağı yön valfi/valfleri ile kapama vanası arasındaki devreye bağlanmalıdır.,"A,B,C,D,E",Görsel + Test + Ölçüm + Çizim/Hesap + Talimat/İşaret,null,Ölçülen değer,null,null,null,Hidrolik,null,null,null,true,null,null,[],null,Sistem basıncının gösterilmesi için bir basınç göstergesi(manometre) sağlanmalıdır. Geri dönüşsüz valf veya aşağı yön valfi/valfleri ile kapama vanası arasındaki devreye bağlanmalıdır.,ÜB.FR.38,R.04,11,347,"[""modul_g_tam""]",HİDROLİK ASANSÖRLERİN KONTROL VE TESTLERİ ASANSÖR HİDROLİK DEĞİLSE İŞARETLEYİNİZ; İLGİLİ DEĞİL,null
MAD-0581,581,05 - Elektrik ve Test,81-20,Standart / ÜB.FR.38,5.9.3.6.2,Hidrolik Kontrol ve Testleri,Ana devre ile manometre bağlantısı arasında bir gösterge kapama vanası bulunmalıdır.,"A,B,C,D,E",Görsel + Test + Ölçüm + Çizim/Hesap + Talimat/İşaret,null,Ölçülen değer,null,null,null,Hidrolik,null,null,null,true,null,null,[],null,Ana devre ile manometre bağlantısı arasında bir gösterge kapama vanası bulunmalıdır.,ÜB.FR.38,R.04,11,348,"[""modul_g_tam""]",HİDROLİK ASANSÖRLERİN KONTROL VE TESTLERİ ASANSÖR HİDROLİK DEĞİLSE İŞARETLEYİNİZ; İLGİLİ DEĞİL,null
MAD-0582,582,05 - Elektrik ve Test,81-20,Standart / ÜB.FR.38,5.9.3.6.3,Hidrolik Kontrol ve Testleri,"Bağlantı, M 20 x 1,5 veya G 1/2” iç vidalı diş ile sağlanmalıdır.","A,B,C,D,E",Görsel + Test + Ölçüm + Çizim/Hesap + Talimat/İşaret,null,Ölçülen değer,null,null,null,Hidrolik,null,null,null,true,null,null,[],null,"Bağlantı, M 20 x 1,5 veya G 1/2” iç vidalı diş ile sağlanmalıdır.",ÜB.FR.38,R.04,11,349,"[""modul_g_tam""]",HİDROLİK ASANSÖRLERİN KONTROL VE TESTLERİ ASANSÖR HİDROLİK DEĞİLSE İŞARETLEYİNİZ; İLGİLİ DEĞİL,null
MAD-0583,583,05 - Elektrik ve Test,81-20,Standart / ÜB.FR.38,5.9.3.7,Hidrolik Kontrol ve Testleri,"Tank, aşağıdakilerin kolayca gerçekleştirileceği şekilde tasarlanmalı ve imal edilmelidir: a) tanktaki hidrolik sıvının seviyesini kontrol etmek için; b) doldurmak ve boşaltmak için. Tank üzerinde hidrolik sıvının özellikleri belirtilmelidir.","A,B,C,D,E",Görsel + Test + Ölçüm + Çizim/Hesap + Talimat/İşaret,null,Ölçülen değer,null,null,null,Hidrolik,null,null,null,true,null,null,[],null,"Tank, aşağıdakilerin kolayca gerçekleştirileceği şekilde tasarlanmalı ve imal edilmelidir: a) tanktaki hidrolik sıvının seviyesini kontrol etmek için; b) doldurmak ve boşaltmak için. Tank üzerinde hidrolik sıvının özellikleri belirtilmelidir.",ÜB.FR.38,R.04,11,350,"[""modul_g_tam""]",HİDROLİK ASANSÖRLERİN KONTROL VE TESTLERİ ASANSÖR HİDROLİK DEĞİLSE İŞARETLEYİNİZ; İLGİLİ DEĞİL,null
MAD-0584,584,05 - Elektrik ve Test,81-20,Standart / ÜB.FR.38,5.9.3.11,Hidrolik Kontrol ve Testleri,"Bir sıcaklık detektörü bulunmalıdır. Bu detektör, makineyi durdurmalı ve makinenin hareket etmesini engellemelidir.","A,B,C,D,E",Görsel + Test + Ölçüm + Çizim/Hesap + Talimat/İşaret,null,Ölçülen değer,null,null,null,Hidrolik,null,null,null,true,null,null,[],null,"Bir sıcaklık detektörü bulunmalıdır. Bu detektör, makineyi durdurmalı ve makinenin hareket etmesini engellemelidir.",ÜB.FR.38,R.04,11,351,"[""modul_g_tam""]",HİDROLİK ASANSÖRLERİN KONTROL VE TESTLERİ ASANSÖR HİDROLİK DEĞİLSE İŞARETLEYİNİZ; İLGİLİ DEĞİL,null
MAD-0585,585,05 - Elektrik ve Test,81-20,Standart / ÜB.FR.38,5.10.4.4,Hidrolik Kontrol ve Testleri,"Bir sıcaklık izleme aygıtı ile donatılmış hidrolik makine motorunun ve/veya yağın tasarım sıcaklığı aşılırsa, kabin hemen durmalı ve yolcuların kabini terk edebilmesinin sağlanabileceği alt durağa dönmelidir. Asansörün normal çalışmaya otomatik olarak dönmesi, ancak yeterli soğuma sağlandıktan sonra gerçekleşmelidir.","A,B,C,D,E",Görsel + Test + Ölçüm + Çizim/Hesap + Talimat/İşaret,null,Ölçülen değer,null,null,null,Hidrolik,null,null,null,true,null,null,[],null,"Bir sıcaklık izleme aygıtı ile donatılmış hidrolik makine motorunun ve/veya yağın tasarım sıcaklığı aşılırsa, kabin hemen durmalı ve yolcuların kabini terk edebilmesinin sağlanabileceği alt durağa dönmelidir. Asansörün normal çalışmaya otomatik olarak dönmesi, ancak yeterli soğuma sağlandıktan sonra gerçekleşmelidir.",ÜB.FR.38,R.04,11,352,"[""modul_g_tam""]",HİDROLİK ASANSÖRLERİN KONTROL VE TESTLERİ ASANSÖR HİDROLİK DEĞİLSE İŞARETLEYİNİZ; İLGİLİ DEĞİL,null
MAD-0586,586,05 - Elektrik ve Test,81-20,Standart / ÜB.FR.38,5.12.1.10,Hidrolik Kontrol ve Testleri,"Elektrikli kayma önleme sistemi aşağıdaki şartları sağlamalıdır: a) kabin son normal seyrinden sonra 15 min içerisinde en alt durağa otomatik bir şekilde indirilmeli; b) el ile kullanılan kapıya sahip asansörlerde ve/veya kullanıcıların sürekli kontrolünde kapanması gerçekleşen, güçle çalışan kapıya sahip asansörlerde, kabinde “KAPILARI KAPATIN” gibi, uygun bir uyarı bulunmalıdır. Yazı karakterlerinin asgari yüksekliği 50 mm olmalıdır; c) ana şalterin üzerinde veya yanında “Anahtarı sadece kabin en alt durakta olduğunda kapatınız” şeklinde bir yazı bulunmalıdır.","A,B,C,D,E",Görsel + Test + Ölçüm + Çizim/Hesap + Talimat/İşaret,null,Ölçü 1,mm,null,null,Hidrolik,null,null,null,true,null,null,[],null,"Elektrikli kayma önleme sistemi aşağıdaki şartları sağlamalıdır: a) kabin son normal seyrinden sonra 15 min içerisinde en alt durağa otomatik bir şekilde indirilmeli; b) el ile kullanılan kapıya sahip asansörlerde ve/veya kullanıcıların sürekli kontrolünde kapanması gerçekleşen, güçle çalışan kapıya sahip asansörlerde, kabinde “KAPILARI KAPATIN” gibi, uygun bir uyarı bulunmalıdır. Yazı karakterlerinin asgari yüksekliği 50 mm olmalıdır; c) ana şalterin üzerinde veya yanında “Anahtarı sadece kabin en alt durakta olduğunda kapatınız” şeklinde bir yazı bulunmalıdır.",ÜB.FR.38,R.04,11,353,"[""modul_g_tam""]",HİDROLİK ASANSÖRLERİN KONTROL VE TESTLERİ ASANSÖR HİDROLİK DEĞİLSE İŞARETLEYİNİZ; İLGİLİ DEĞİL,null
MAD-0587,587,05 - Elektrik ve Test,81-20,Standart / ÜB.FR.38,5.12.2.2.4,Hidrolik Kontrol ve Testleri,"Doğrudan etkili hidrolik asansörlerde, sınır güvenlik kesicilerinin etkinleşmesi aşağıdaki şekilde gerçekleşmelidir: a) kabin ve piston vasıtasıyla veya b) kabine bağlanmış bir aygıtla dolaylı olarak (örneğin halatla, kayışla veya zincirle). (b) bendinin geçerli olduğu durumlarda, bu bağlantıda bir kopma veya gevşeme meydana gelirse, makine bir elektrik güvenlik aygıtı vasıtasıyla durdurulmalıdır.","A,B,D",Görsel + Test + Çizim/Hesap,null,null,null,null,null,Hidrolik,null,null,null,true,null,null,[],null,"Doğrudan etkili hidrolik asansörlerde, sınır güvenlik kesicilerinin etkinleşmesi aşağıdaki şekilde gerçekleşmelidir: a) kabin ve piston vasıtasıyla veya b) kabine bağlanmış bir aygıtla dolaylı olarak (örneğin halatla, kayışla veya zincirle). (b) bendinin geçerli olduğu durumlarda, bu bağlantıda bir kopma veya gevşeme meydana gelirse, makine bir elektrik güvenlik aygıtı vasıtasıyla durdurulmalıdır.",ÜB.FR.38,R.04,11,354,"[""modul_g_tam""]",HİDROLİK ASANSÖRLERİN KONTROL VE TESTLERİ ASANSÖR HİDROLİK DEĞİLSE İŞARETLEYİNİZ; İLGİLİ DEĞİL,null
MAD-0588,588,05 - Elektrik ve Test,81-20,Standart / ÜB.FR.38,5.12.2.2.5,Hidrolik Kontrol ve Testleri,"Dolaylı etkili hidrolik asansörlerde, sınır güvenlik kesicilerinin etkinleşmesi aşağıdaki şekilde gerçekleşmelidir: a) doğrudan piston vasıtasıyla veya b) pistona bağlanmış bir aygıtla dolaylı olarak (örneğin halatla, kayışla veya zincirle). (b) bendinin geçerli olduğu durumlarda, bu bağlantıda bir kopma veya gevşeme meydana gelirse, makine bir elektrik güvenlik aygıtı vasıtasıyla durdurulmalıdır.","A,B,D",Görsel + Test + Çizim/Hesap,null,null,null,null,null,Hidrolik,null,null,null,true,null,null,[],null,"Dolaylı etkili hidrolik asansörlerde, sınır güvenlik kesicilerinin etkinleşmesi aşağıdaki şekilde gerçekleşmelidir: a) doğrudan piston vasıtasıyla veya b) pistona bağlanmış bir aygıtla dolaylı olarak (örneğin halatla, kayışla veya zincirle). (b) bendinin geçerli olduğu durumlarda, bu bağlantıda bir kopma veya gevşeme meydana gelirse, makine bir elektrik güvenlik aygıtı vasıtasıyla durdurulmalıdır.",ÜB.FR.38,R.04,11,355,"[""modul_g_tam""]",HİDROLİK ASANSÖRLERİN KONTROL VE TESTLERİ ASANSÖR HİDROLİK DEĞİLSE İŞARETLEYİNİZ; İLGİLİ DEĞİL,null
MAD-0589,589,05 - Elektrik ve Test,81-20,Standart / ÜB.FR.38,5.12.2.3.2,Hidrolik Kontrol ve Testleri,"Sınır güvenlik kesicilerinin uygunluğu (kararlı olmalıdır.) Asansörün normal çalışma durumuna geri dönmesi, yetkin bakım personelinin müdahalesi ile mümkün olmalıdır.","A,B,D",Görsel + Test + Çizim/Hesap,null,null,null,null,null,Hidrolik,null,null,null,true,null,null,[],null,"Sınır güvenlik kesicilerinin uygunluğu (kararlı olmalıdır.) Asansörün normal çalışma durumuna geri dönmesi, yetkin bakım personelinin müdahalesi ile mümkün olmalıdır.",ÜB.FR.38,R.04,11,356,"[""modul_g_tam""]",HİDROLİK ASANSÖRLERİN KONTROL VE TESTLERİ ASANSÖR HİDROLİK DEĞİLSE İŞARETLEYİNİZ; İLGİLİ DEĞİL,null
MAD-0590,590,05 - Elektrik ve Test,81-20,Standart / ÜB.FR.38,5.12.2.3.2,Hidrolik Kontrol ve Testleri,"Elektrikli kayma önleme sistemi kullanıldığında sınır güvenlik kesicilerinin devreye girme bölgesini kabinin terk etmesiyle birlikte kabin, derhal otomatik olarak en alt kata indirilmelidir.","A,B,D",Görsel + Test + Çizim/Hesap,null,null,null,null,null,Hidrolik,null,null,null,true,null,null,[],null,"Elektrikli kayma önleme sistemi kullanıldığında sınır güvenlik kesicilerinin devreye girme bölgesini kabinin terk etmesiyle birlikte kabin, derhal otomatik olarak en alt kata indirilmelidir.",ÜB.FR.38,R.04,11,357,"[""modul_g_tam""]",HİDROLİK ASANSÖRLERİN KONTROL VE TESTLERİ ASANSÖR HİDROLİK DEĞİLSE İŞARETLEYİNİZ; İLGİLİ DEĞİL,null
MAD-0591,591,05 - Elektrik ve Test,81-20,Standart / ÜB.FR.38,5.9.3.8.1,Hidrolik Kontrol ve Testleri,"Yukarı doğru vm ve aşağı doğru vd anma hızları 1,0 m/s'den büyük olmamalıdır.","A,B,C,D,E",Görsel + Test + Ölçüm + Çizim/Hesap + Talimat/İşaret,null,Ölçü 1,m/s,null,null,Hidrolik,null,null,null,true,null,null,[],null,"Yukarı doğru vm ve aşağı doğru vd anma hızları 1,0 m/s'den büyük olmamalıdır.",ÜB.FR.38,R.04,11,358,"[""modul_g_tam""]",HİDROLİK ASANSÖRLERİN KONTROL VE TESTLERİ ASANSÖR HİDROLİK DEĞİLSE İŞARETLEYİNİZ; İLGİLİ DEĞİL,null
MAD-0592,592,05 - Elektrik ve Test,81-20,Standart / ÜB.FR.38,5.9.3.8.2,Hidrolik Kontrol ve Testleri,"Boş kabinin yukarı yön ve tam yüklü aşağı yön hızı, beyan hızının % 8’den fazla olmamalıdır.","A,B,C,D,E",Görsel + Test + Ölçüm + Çizim/Hesap + Talimat/İşaret,null,Ölçülen değer,null,null,null,Hidrolik,null,null,null,true,null,null,[],null,"Boş kabinin yukarı yön ve tam yüklü aşağı yön hızı, beyan hızının % 8’den fazla olmamalıdır.",ÜB.FR.38,R.04,11,359,"[""modul_g_tam""]",HİDROLİK ASANSÖRLERİN KONTROL VE TESTLERİ ASANSÖR HİDROLİK DEĞİLSE İŞARETLEYİNİZ; İLGİLİ DEĞİL,null
MAD-0593,593,05 - Elektrik ve Test,81-20,Standart / ÜB.FR.38,5.6.5.1,Hidrolik Kontrol ve Testleri,"Oturma aygıtı, sadece aşağı hareket yönünde çalışmalı ve %125 yüklü kabini durdurabilmeli ve aşağıdaki asansörler için kabini sabit durdurucular üzerinde hareketsiz tutabilmelidir: a) debi sınırlayıcı veya tek yönlü debi sınırlayıcı ile donatılmış asansörler için: vd + 0,30 m/s hızdan itibaren veya b) diğer tüm asansörler için: aşağı yönlü anma hızının %115'ine eşit bir hızdan vd itibaren.","A,B,D",Görsel + Test + Çizim/Hesap,null,null,null,null,null,Hidrolik,null,null,null,true,null,null,[],null,"Oturma aygıtı, sadece aşağı hareket yönünde çalışmalı ve %125 yüklü kabini durdurabilmeli ve aşağıdaki asansörler için kabini sabit durdurucular üzerinde hareketsiz tutabilmelidir: a) debi sınırlayıcı veya tek yönlü debi sınırlayıcı ile donatılmış asansörler için: vd + 0,30 m/s hızdan itibaren veya b) diğer tüm asansörler için: aşağı yönlü anma hızının %115'ine eşit bir hızdan vd itibaren.",ÜB.FR.38,R.04,11,360,"[""modul_g_tam""]",HİDROLİK ASANSÖRLERİN KONTROL VE TESTLERİ ASANSÖR HİDROLİK DEĞİLSE İŞARETLEYİNİZ; İLGİLİ DEĞİL,null
MAD-0594,594,05 - Elektrik ve Test,81-20,Standart / ÜB.FR.38,5.6.5.2,Hidrolik Kontrol ve Testleri,Aşağı yönde hareket eden kabini ileri konuma geldiğinde sabit desteklere (mesnetlere) dayanarak durduracak şekilde tasarlanmış ve en az bir elektriksel şekilde geri konumuna çekebilen oturma tertibatı olmalıdır.,"A,B,D",Görsel + Test + Çizim/Hesap,null,null,null,null,null,Hidrolik,null,null,null,true,null,null,[],null,Aşağı yönde hareket eden kabini ileri konuma geldiğinde sabit desteklere (mesnetlere) dayanarak durduracak şekilde tasarlanmış ve en az bir elektriksel şekilde geri konumuna çekebilen oturma tertibatı olmalıdır.,ÜB.FR.38,R.04,11,361,"[""modul_g_tam""]",HİDROLİK ASANSÖRLERİN KONTROL VE TESTLERİ ASANSÖR HİDROLİK DEĞİLSE İŞARETLEYİNİZ; İLGİLİ DEĞİL,null
MAD-0595,595,05 - Elektrik ve Test,81-20,Standart / ÜB.FR.38,5.6.5.9,Hidrolik Kontrol ve Testleri,"Bir oturma aygıtı, geri çekilmiş konumda bulunmuyorsa, bir elektrik güvenlik aygıtı kabinin aşağı yöndeki herhangi bir hareketini engellemelidir. Oturma aygıtının, kabin durduğunda ileri konumda olduğu elektriksel olarak kontrol edilmelidir.","A,B,D",Görsel + Test + Çizim/Hesap,null,null,null,null,null,Hidrolik,null,null,null,true,null,null,[],null,"Bir oturma aygıtı, geri çekilmiş konumda bulunmuyorsa, bir elektrik güvenlik aygıtı kabinin aşağı yöndeki herhangi bir hareketini engellemelidir. Oturma aygıtının, kabin durduğunda ileri konumda olduğu elektriksel olarak kontrol edilmelidir.",ÜB.FR.38,R.04,11,362,"[""modul_g_tam""]",HİDROLİK ASANSÖRLERİN KONTROL VE TESTLERİ ASANSÖR HİDROLİK DEĞİLSE İŞARETLEYİNİZ; İLGİLİ DEĞİL,null
MAD-0596,596,05 - Elektrik ve Test,81-20,Standart / ÜB.FR.38,5.6.5.9.2,Hidrolik Kontrol ve Testleri,"Oturma aygıtı ileri konumda değilse: a) bir elektrik aygıtı, kapıların açılmasını ve kabinin herhangi bir normal hareketini engellemelidir; b) oturma aygıtı tamamen geri çekilmeli ve kabin, asansörün hizmet verdiği en alt seviyeye gönderilmelidir ve c) insanların kabini terk etmesi için kapılar açılmalı ve asansör hizmet dışı bırakılmalıdır. Normal çalışmaya geri dönme, yetkin bakım personelinin müdahalesini gerektirmelidir.","A,B,D",Görsel + Test + Çizim/Hesap,null,null,null,null,null,Hidrolik,null,null,null,true,null,null,[],null,"Oturma aygıtı ileri konumda değilse: a) bir elektrik aygıtı, kapıların açılmasını ve kabinin herhangi bir normal hareketini engellemelidir; b) oturma aygıtı tamamen geri çekilmeli ve kabin, asansörün hizmet verdiği en alt seviyeye gönderilmelidir ve c) insanların kabini terk etmesi için kapılar açılmalı ve asansör hizmet dışı bırakılmalıdır. Normal çalışmaya geri dönme, yetkin bakım personelinin müdahalesini gerektirmelidir.",ÜB.FR.38,R.04,11,363,"[""modul_g_tam""]",HİDROLİK ASANSÖRLERİN KONTROL VE TESTLERİ ASANSÖR HİDROLİK DEĞİLSE İŞARETLEYİNİZ; İLGİLİ DEĞİL,null
MAD-0597,597,05 - Elektrik ve Test,81-20,Standart / ÜB.FR.38,5.6.5.10,Hidrolik Kontrol ve Testleri,"Enerjiyi dağıtan tipte tamponların kullanılması durumunda; tampon normal uzatılmış konumunda değilse, bir elektrik güvenlik aygıtı, kabin aşağı doğru hareket ediyorsa makinenin durdurulmasını derhal başlatmalı ve makinenin aşağıya doğru hareket etmesini engellemelidir. Güç kaynağı, kesilmelidir.","A,B,D",Görsel + Test + Çizim/Hesap,null,null,null,null,null,Hidrolik,null,null,null,true,null,null,[],null,"Enerjiyi dağıtan tipte tamponların kullanılması durumunda; tampon normal uzatılmış konumunda değilse, bir elektrik güvenlik aygıtı, kabin aşağı doğru hareket ediyorsa makinenin durdurulmasını derhal başlatmalı ve makinenin aşağıya doğru hareket etmesini engellemelidir. Güç kaynağı, kesilmelidir.",ÜB.FR.38,R.04,11,364,"[""modul_g_tam""]",HİDROLİK ASANSÖRLERİN KONTROL VE TESTLERİ ASANSÖR HİDROLİK DEĞİLSE İŞARETLEYİNİZ; İLGİLİ DEĞİL,null
MAD-0598,598,05 - Elektrik ve Test,81-20,Standart / ÜB.FR.38,5.6.5.3,Hidrolik Kontrol ve Testleri,"Her durak için, iki seviyede düzenlenmiş destekler sağlanmalıdır: a) Kabinin durak seviyesinden aşağıya 0,12 m’den fazla kaymasını engellemek için ve b) kabini kilit açılma bölgesinin alt ucunda durdurmak için.","A,B,D",Görsel + Test + Çizim/Hesap,null,null,null,null,null,Hidrolik,null,null,null,true,null,null,[],null,"Her durak için, iki seviyede düzenlenmiş destekler sağlanmalıdır: a) Kabinin durak seviyesinden aşağıya 0,12 m’den fazla kaymasını engellemek için ve b) kabini kilit açılma bölgesinin alt ucunda durdurmak için.",ÜB.FR.38,R.04,11,365,"[""modul_g_tam""]",HİDROLİK ASANSÖRLERİN KONTROL VE TESTLERİ ASANSÖR HİDROLİK DEĞİLSE İŞARETLEYİNİZ; İLGİLİ DEĞİL,null
MAD-0599,599,05 - Elektrik ve Test,81-20,Standart / ÜB.FR.38,6.3.6,Hidrolik Kontrol ve Testleri,Kenetlenme tertibatı deneyi; - Kabin aşağı yönde normal hızda hareket ederken kenetlenme tertibatı (ve varsa hidrolik tampon) üzerindeki kontak aşağı yön vanasının kapanmasını engellemek için köprülenir. %125 beyan yüklü kabin her bir durakta kenetlenme tertibat yardımıyla durdurulmalıdır. Deney sonrası asansör çalışmasını olumsuz etkileyen herhangi bir bozulma olmamalıdır.,"A,B,D",Görsel + Test + Çizim/Hesap,null,null,null,null,null,Hidrolik,null,null,null,true,null,null,[],null,Kenetlenme tertibatı deneyi; - Kabin aşağı yönde normal hızda hareket ederken kenetlenme tertibatı (ve varsa hidrolik tampon) üzerindeki kontak aşağı yön vanasının kapanmasını engellemek için köprülenir. %125 beyan yüklü kabin her bir durakta kenetlenme tertibat yardımıyla durdurulmalıdır. Deney sonrası asansör çalışmasını olumsuz etkileyen herhangi bir bozulma olmamalıdır.,ÜB.FR.38,R.04,11,366,"[""modul_g_tam""]",HİDROLİK ASANSÖRLERİN KONTROL VE TESTLERİ ASANSÖR HİDROLİK DEĞİLSE İŞARETLEYİNİZ; İLGİLİ DEĞİL,null
MAD-0600,600,05 - Elektrik ve Test,81-20,Standart / ÜB.FR.38,6.3.10,Hidrolik Kontrol ve Testleri,"Basınç deneyi; Geri dönüşsüz valf ile hidrolik kaldırma ünitesi arasındaki hidrolik sisteme, tam yük basıncının % 200’ü bir basınç uygulanır. Bundan sonra 5 dakika süre ile sistemde basınç düşmesi ve hidrolik kaçağı olup olmadığı gözlenir. Bu deneyden sonra, hidrolik sistemin bütünlüğünün korunduğu görsel muayene edilerek tespit edilmelidir.","A,B",Görsel + Test,null,null,null,null,null,Hidrolik,null,null,null,true,null,null,[],null,"Basınç deneyi; Geri dönüşsüz valf ile hidrolik kaldırma ünitesi arasındaki hidrolik sisteme, tam yük basıncının % 200’ü bir basınç uygulanır. Bundan sonra 5 dakika süre ile sistemde basınç düşmesi ve hidrolik kaçağı olup olmadığı gözlenir. Bu deneyden sonra, hidrolik sistemin bütünlüğünün korunduğu görsel muayene edilerek tespit edilmelidir.",ÜB.FR.38,R.04,11,367,"[""modul_g_tam""]",HİDROLİK ASANSÖRLERİN KONTROL VE TESTLERİ ASANSÖR HİDROLİK DEĞİLSE İŞARETLEYİNİZ; İLGİLİ DEĞİL,null
MAD-0601,601,05 - Elektrik ve Test,81-20,Standart / ÜB.FR.38,5.6.3.1  5.6.4.1,Hidrolik Kontrol ve Testleri,"Boru kırılma valfi/debi sınırlayıcı, aşağı yönde hareket eden kabini durdurabilmeli ve hareketsiz tutabilmelidir. Boru kırılma valfi/debi sınırlayıcı, en geç hız aşağıya doğru vd artı 0,30 m/s anma hızına eşit bir değere ulaştığında devreye girmelidir.","A,B,D,E",Görsel + Test + Çizim/Hesap + Talimat/İşaret,null,null,null,null,null,Hidrolik,null,null,null,true,null,null,[],null,"Boru kırılma valfi/debi sınırlayıcı, aşağı yönde hareket eden kabini durdurabilmeli ve hareketsiz tutabilmelidir. Boru kırılma valfi/debi sınırlayıcı, en geç hız aşağıya doğru vd artı 0,30 m/s anma hızına eşit bir değere ulaştığında devreye girmelidir.",ÜB.FR.38,R.04,11,368,"[""modul_g_tam""]",HİDROLİK ASANSÖRLERİN KONTROL VE TESTLERİ ASANSÖR HİDROLİK DEĞİLSE İŞARETLEYİNİZ; İLGİLİ DEĞİL,null
MAD-0602,602,05 - Elektrik ve Test,81-20,Standart / ÜB.FR.38,5.6.3.2  5.6.4.2,Hidrolik Kontrol ve Testleri,"Boru kırılma valfi/debi sınırlayıcı, ayarlama ve kontrol için doğrudan kabin tavanından veya kuyu alt boşluğundan erişilebilir olmalıdır.","A,B,D,E",Görsel + Test + Çizim/Hesap + Talimat/İşaret,null,null,null,null,null,Hidrolik,null,null,null,true,null,null,[],null,"Boru kırılma valfi/debi sınırlayıcı, ayarlama ve kontrol için doğrudan kabin tavanından veya kuyu alt boşluğundan erişilebilir olmalıdır.",ÜB.FR.38,R.04,11,369,"[""modul_g_tam""]",HİDROLİK ASANSÖRLERİN KONTROL VE TESTLERİ ASANSÖR HİDROLİK DEĞİLSE İŞARETLEYİNİZ; İLGİLİ DEĞİL,null
MAD-0603,603,05 - Elektrik ve Test,81-20,Standart / ÜB.FR.38,5.6.3.3 -  5.6.4.3,Hidrolik Kontrol ve Testleri,"Boru kırılma valfi/debi sınırlayıcı aşağıdaki şekillerden birinde olmalıdır: a) silindirin bütünleşik bir parçası veya b) doğrudan ve rijit bir şekilde flanş bağlantılı veya c) silindirin yakınına yerleştirilmiş ve silindire kaynaklı, flanşlı veya dişli bağlantıları olan kısa rijit borularla bağlanmış veya d) silindire doğrudan vidalı bağlantı ile bağlanmış. Boru kırılma valfi faturalı bir vidalı uçla tedarik edilmelidir. Fatura, silindire kadar alın alına bitişmelidir. Silindir ile boru kırılma valfi/debi sınırlayıcı arasında, sıkıştırmalı bağlantı elemanları veya genişleyen tip konik ağızlı bağlantı elemanları şeklindeki diğer bağlantı tiplerine izin verilmez.","A,B,D,E",Görsel + Test + Çizim/Hesap + Talimat/İşaret,null,null,null,null,null,Hidrolik,null,null,null,true,null,null,[],null,"Boru kırılma valfi/debi sınırlayıcı aşağıdaki şekillerden birinde olmalıdır: a) silindirin bütünleşik bir parçası veya b) doğrudan ve rijit bir şekilde flanş bağlantılı veya c) silindirin yakınına yerleştirilmiş ve silindire kaynaklı, flanşlı veya dişli bağlantıları olan kısa rijit borularla bağlanmış veya d) silindire doğrudan vidalı bağlantı ile bağlanmış. Boru kırılma valfi faturalı bir vidalı uçla tedarik edilmelidir. Fatura, silindire kadar alın alına bitişmelidir. Silindir ile boru kırılma valfi/debi sınırlayıcı arasında, sıkıştırmalı bağlantı elemanları veya genişleyen tip konik ağızlı bağlantı elemanları şeklindeki diğer bağlantı tiplerine izin verilmez.",ÜB.FR.38,R.04,11,370,"[""modul_g_tam""]",HİDROLİK ASANSÖRLERİN KONTROL VE TESTLERİ ASANSÖR HİDROLİK DEĞİLSE İŞARETLEYİNİZ; İLGİLİ DEĞİL,null
MAD-0604,604,05 - Elektrik ve Test,81-20,Standart / ÜB.FR.38,5.6.3.4,Hidrolik Kontrol ve Testleri,"Birden fazla paralel çalışan kaldırıcı bulunan asansörlerde, ortak bir boru kırılma valfi kullanılabilir. Aksi takdirde, kabinin zemininin normal konumundan %5'ten fazla eğilmesini engellemek için boru kırılma valfleri eş zamanlı kapanmayı sağlayacak şekilde birbirine bağlanmalıdır.","A,B,D,E",Görsel + Test + Çizim/Hesap + Talimat/İşaret,null,null,null,null,null,Hidrolik,null,null,null,true,null,null,[],null,"Birden fazla paralel çalışan kaldırıcı bulunan asansörlerde, ortak bir boru kırılma valfi kullanılabilir. Aksi takdirde, kabinin zemininin normal konumundan %5'ten fazla eğilmesini engellemek için boru kırılma valfleri eş zamanlı kapanmayı sağlayacak şekilde birbirine bağlanmalıdır.",ÜB.FR.38,R.04,11,371,"[""modul_g_tam""]",HİDROLİK ASANSÖRLERİN KONTROL VE TESTLERİ ASANSÖR HİDROLİK DEĞİLSE İŞARETLEYİNİZ; İLGİLİ DEĞİL,null
MAD-0605,605,05 - Elektrik ve Test,81-20,Standart / ÜB.FR.38,5.6.3.9 - 5.6.4.7,Hidrolik Kontrol ve Testleri,Boru kırılma valfi/debi sınırlayıcı üzerinde aşağıda belirtilen bilgileri içeren bir plaka sabitlenmelidir: a) boru kırılma valfi/debi sınırlayıcı imalatçısının adı; b) tip inceleme belgesi numarası; c) ayarlanmış olduğu devreye girme debisi.,"A,B,D,E",Görsel + Test + Çizim/Hesap + Talimat/İşaret,null,null,null,null,null,Hidrolik,null,null,null,true,null,null,[],null,Boru kırılma valfi/debi sınırlayıcı üzerinde aşağıda belirtilen bilgileri içeren bir plaka sabitlenmelidir: a) boru kırılma valfi/debi sınırlayıcı imalatçısının adı; b) tip inceleme belgesi numarası; c) ayarlanmış olduğu devreye girme debisi.,ÜB.FR.38,R.04,11,372,"[""modul_g_tam""]",HİDROLİK ASANSÖRLERİN KONTROL VE TESTLERİ ASANSÖR HİDROLİK DEĞİLSE İŞARETLEYİNİZ; İLGİLİ DEĞİL,null
MAD-0606,606,05 - Elektrik ve Test,81-20,Standart / ÜB.FR.38,6.3.8,Hidrolik Kontrol ve Testleri,"Boru kırılma valfi testi; Asansör kabini eşit dağıtılmış yükle aşağı yönde, boru kırılma valfinin devreye girmesi için gerekli bir aşırı hızla hareket ederken bir sistem deneyi yapılmalıdır. Devreye girme hızının doğru ayarlandığı, örneğin imalatçının ayar şemalarıyla kıyaslama yapılarak kontrol edilebilir. Birden fazla boru kırılma valfinin birbiri ile bağlantılı olduğu asansörlerde, valflerin aynı anda kapanıp kapanmadığı, kabin zeminindeki eğim ölçülerek kontrol edilmelidir.","A,B,D,E",Görsel + Test + Çizim/Hesap + Talimat/İşaret,null,null,null,null,null,Hidrolik,null,null,null,true,null,null,[],null,"Boru kırılma valfi testi; Asansör kabini eşit dağıtılmış yükle aşağı yönde, boru kırılma valfinin devreye girmesi için gerekli bir aşırı hızla hareket ederken bir sistem deneyi yapılmalıdır. Devreye girme hızının doğru ayarlandığı, örneğin imalatçının ayar şemalarıyla kıyaslama yapılarak kontrol edilebilir. Birden fazla boru kırılma valfinin birbiri ile bağlantılı olduğu asansörlerde, valflerin aynı anda kapanıp kapanmadığı, kabin zeminindeki eğim ölçülerek kontrol edilmelidir.",ÜB.FR.38,R.04,11,373,"[""modul_g_tam""]",HİDROLİK ASANSÖRLERİN KONTROL VE TESTLERİ ASANSÖR HİDROLİK DEĞİLSE İŞARETLEYİNİZ; İLGİLİ DEĞİL,null
MAD-0607,607,05 - Elektrik ve Test,81-20,Standart / ÜB.FR.38,6.3.9,Hidrolik Kontrol ve Testleri,"Debi kısıtlayıcı/tek yönlü debi kısıtlayıcı testi; Azami hız vmax'ın vd + 0,30 m/s'yi aşıp aşmadığının kontrolü ölçüm ile yapılır.","A,B,D,E",Görsel + Test + Çizim/Hesap + Talimat/İşaret,null,null,null,null,null,Hidrolik,null,null,null,true,null,null,[],null,"Debi kısıtlayıcı/tek yönlü debi kısıtlayıcı testi; Azami hız vmax'ın vd + 0,30 m/s'yi aşıp aşmadığının kontrolü ölçüm ile yapılır.",ÜB.FR.38,R.04,11,374,"[""modul_g_tam""]",HİDROLİK ASANSÖRLERİN KONTROL VE TESTLERİ ASANSÖR HİDROLİK DEĞİLSE İŞARETLEYİNİZ; İLGİLİ DEĞİL,null
MAD-0608,608,05 - Elektrik ve Test,81-20,Standart / ÜB.FR.38,5.9.3.5.3.1,Hidrolik Kontrol ve Testleri,"Bir basınç tahliye valfi bulunmalıdır. Bu valf, pompa/pompalar ile geri dönüşsüz valf arasındaki devreye koyulmalı ve el pompa/pompaları hariç olmak üzere devre dışı bırakılması (baypas edilmesi) mümkün olmamalıdır. Hidrolik sıvı, tanka geri döndürülmelidir.","A,B,C,D,E",Görsel + Test + Ölçüm + Çizim/Hesap + Talimat/İşaret,null,Ölçülen değer,null,null,null,Hidrolik,null,null,null,true,null,null,[],null,"Bir basınç tahliye valfi bulunmalıdır. Bu valf, pompa/pompalar ile geri dönüşsüz valf arasındaki devreye koyulmalı ve el pompa/pompaları hariç olmak üzere devre dışı bırakılması (baypas edilmesi) mümkün olmamalıdır. Hidrolik sıvı, tanka geri döndürülmelidir.",ÜB.FR.38,R.04,11,375,"[""modul_g_tam""]",HİDROLİK ASANSÖRLERİN KONTROL VE TESTLERİ ASANSÖR HİDROLİK DEĞİLSE İŞARETLEYİNİZ; İLGİLİ DEĞİL,null
MAD-0609,609,05 - Elektrik ve Test,81-20,Standart / ÜB.FR.38,5.9.3.5.3.2,Hidrolik Kontrol ve Testleri,"Basınç tahliye valfi, basıncı tam yük basıncının %140'ı ile sınırlandıracak şekilde ayarlanmalıdır.","A,B,C,D,E",Görsel + Test + Ölçüm + Çizim/Hesap + Talimat/İşaret,null,Ölçülen değer,null,null,null,Hidrolik,null,null,null,true,null,null,[],null,"Basınç tahliye valfi, basıncı tam yük basıncının %140'ı ile sınırlandıracak şekilde ayarlanmalıdır.",ÜB.FR.38,R.04,11,376,"[""modul_g_tam""]",HİDROLİK ASANSÖRLERİN KONTROL VE TESTLERİ ASANSÖR HİDROLİK DEĞİLSE İŞARETLEYİNİZ; İLGİLİ DEĞİL,null
MAD-0610,610,05 - Elektrik ve Test,81-20,Standart / ÜB.FR.38,5.9.3.5.3.3,Hidrolik Kontrol ve Testleri,"Yüksek dâhilî kayıplar (hidrolik yük kaybı, sürtünme) nedeniyle gerekirse, basınç tahliye valfi daha büyük bir değere ayarlanabilir, ancak bu değer tam yük basıncının %170'ini geçmemelidir","A,B,C,D,E",Görsel + Test + Ölçüm + Çizim/Hesap + Talimat/İşaret,null,Ölçülen değer,null,null,null,Hidrolik,null,null,null,true,null,null,[],null,"Yüksek dâhilî kayıplar (hidrolik yük kaybı, sürtünme) nedeniyle gerekirse, basınç tahliye valfi daha büyük bir değere ayarlanabilir, ancak bu değer tam yük basıncının %170'ini geçmemelidir",ÜB.FR.38,R.04,11,377,"[""modul_g_tam""]",HİDROLİK ASANSÖRLERİN KONTROL VE TESTLERİ ASANSÖR HİDROLİK DEĞİLSE İŞARETLEYİNİZ; İLGİLİ DEĞİL,null
MAD-0611,611,05 - Elektrik ve Test,81-20,Standart / ÜB.FR.38,5.9.3.5.1.1,Hidrolik devre kapama vanası,"Silindiri geri dönüşsüz valfe ve aşağı yön valfine bağlayan hidrolik devrede bir kapama vanası bulunduğunu; vananın erişilebilir, tanımlı ve devreyi güvenli biçimde ayırabilecek konumda olduğunu kontrol edin.","A,B,C,D,E",Görsel + Test + Ölçüm + Çizim/Hesap + Talimat/İşaret,null,Ölçülen değer,null,null,null,Hidrolik,null,null,null,true,null,null,[],null,"Bir kapama vanası bulunmalıdır. Bu vana, silindiri/silindirleri geri dönüşsüz valfe ve aşağı yön valfine/valflerine bağlayan devreye yerleştirilmelidir.",ÜB.FR.38,R.04,11,378,"[""modul_g_tam""]",HİDROLİK ASANSÖRLERİN KONTROL VE TESTLERİ ASANSÖR HİDROLİK DEĞİLSE İŞARETLEYİNİZ; İLGİLİ DEĞİL,null
MAD-0612,612,05 - Elektrik ve Test,81-20,Standart / ÜB.FR.38,5.9.3.5.2.1,Hidrolik Kontrol ve Testleri,"Bir geri dönüşsüz valf bulunmalıdır. Bu valf, pompa/pompalar ile kapama vanası arasındaki devreye koyulmalıdır.","A,B,C,D,E",Görsel + Test + Ölçüm + Çizim/Hesap + Talimat/İşaret,null,Ölçülen değer,null,null,null,Hidrolik,null,null,null,true,null,null,[],null,"Bir geri dönüşsüz valf bulunmalıdır. Bu valf, pompa/pompalar ile kapama vanası arasındaki devreye koyulmalıdır.",ÜB.FR.38,R.04,11,379,"[""modul_g_tam""]",HİDROLİK ASANSÖRLERİN KONTROL VE TESTLERİ ASANSÖR HİDROLİK DEĞİLSE İŞARETLEYİNİZ; İLGİLİ DEĞİL,null
MAD-0613,613,05 - Elektrik ve Test,81-20,Standart / ÜB.FR.38,5.9.3.5.2.2,Hidrolik Kontrol ve Testleri,"Geri dönüşsüz valf; pompa basıncının asgari çalışma basıncının altına düşmesi durumunda, anma yükü ile yüklü kabini her noktada sabit tutabilecek bir kapasiteye sahip olmalıdır.","A,B,C,D,E",Görsel + Test + Ölçüm + Çizim/Hesap + Talimat/İşaret,null,Ölçülen değer,null,null,null,Hidrolik,null,null,null,true,null,null,[],null,"Geri dönüşsüz valf; pompa basıncının asgari çalışma basıncının altına düşmesi durumunda, anma yükü ile yüklü kabini her noktada sabit tutabilecek bir kapasiteye sahip olmalıdır.",ÜB.FR.38,R.04,11,380,"[""modul_g_tam""]",HİDROLİK ASANSÖRLERİN KONTROL VE TESTLERİ ASANSÖR HİDROLİK DEĞİLSE İŞARETLEYİNİZ; İLGİLİ DEĞİL,null
MAD-0614,614,05 - Elektrik ve Test,81-20,Standart / ÜB.FR.38,5.9.3.10.1,Hidrolik motor çalışma süresi kısıtlayıcısı deneyi,"Motor çalışma süresi kısıtlayıcısı testi -Hidrolik asansörler; bir hareket başlatıldığında, motor dönmüyorsa veya kabin hareket etmiyorsa, motorun enerjisinin kesilmesine neden olacak ve enerjisiz kalmasını sağlayacak bir motor çalışma süresi kısıtlayıcısı ile donatılmalıdır. Test asansör yukarı giderken yapılmalıdır. - Motor çalışma süresi kısıtlayıcısı aşağıdaki değerlerden küçük olanını aşmayacak bir süre içerisinde devreye girmelidir: a) 45 s; b) normal çalışmada anma yükünde tam tur süresi artı 10 s, tam tur süresi 10 s'den az ise minimum 20 s. - Normal çalışmaya dönüş, ancak elle yapılacak sıfırlama ile mümkün olmalıdır. Güç kaynağının kesilmesinden sonra, gücün tekrar gelmesi durumunda, makinenin hareketsiz konumda tutulması gerekli değildir. - Motor hareket süresi kısıtlayıcısı, devrede olsa dahi, kontrol çalışmasını ve elektrikli kayma önleme sistemini engellememelidir.","A,B,C,D,E",Görsel + Test + Ölçüm + Çizim/Hesap + Talimat/İşaret,null,Ölçülen değer,null,null,null,Hidrolik,null,null,null,true,null,null,[],null,"Motor çalışma süresi kısıtlayıcısı testi -Hidrolik asansörler; bir hareket başlatıldığında, motor dönmüyorsa veya kabin hareket etmiyorsa, motorun enerjisinin kesilmesine neden olacak ve enerjisiz kalmasını sağlayacak bir motor çalışma süresi kısıtlayıcısı ile donatılmalıdır. Test asansör yukarı giderken yapılmalıdır. - Motor çalışma süresi kısıtlayıcısı aşağıdaki değerlerden küçük olanını aşmayacak bir süre içerisinde devreye girmelidir: a) 45 s; b) normal çalışmada anma yükünde tam tur süresi artı 10 s, tam tur süresi 10 s'den az ise minimum 20 s. - Normal çalışmaya dönüş, ancak elle yapılacak sıfırlama ile mümkün olmalıdır. Güç kaynağının kesilmesinden sonra, gücün tekrar gelmesi durumunda, makinenin hareketsiz konumda tutulması gerekli değildir. - Motor hareket süresi kısıtlayıcısı, devrede olsa dahi, kontrol çalışmasını ve elektrikli kayma önleme sistemini engellememelidir.",ÜB.FR.38,R.04,11,382,"[""modul_g_tam""]",HİDROLİK ASANSÖRLERİN KONTROL VE TESTLERİ ASANSÖR HİDROLİK DEĞİLSE İŞARETLEYİNİZ; İLGİLİ DEĞİL,null
MAD-0615,615,05 - Elektrik ve Test,81-20,Standart / ÜB.FR.38,5.9.3.9.1.1,Hidrolik asansörde elle kumandalı acil indirme valfi,"Asansör, elektrik kesilmesi durumunda dahi kabinin, yolcuların kabini terk edebilecekleri bir konuma kadar indirilebileceği, elle kumanda edilen, makine alanında bulunan acil indirme valfine sahip olmalıdır.","A,B,C,D,E",Görsel + Test + Ölçüm + Çizim/Hesap + Talimat/İşaret,null,Ölçülen değer,null,null,null,Hidrolik,null,null,null,true,null,null,[],null,"Asansör, elektrik kesilmesi durumunda dahi kabinin, yolcuların kabini terk edebilecekleri bir konuma kadar indirilebileceği, elle kumanda edilen, makine alanında bulunan acil indirme valfine sahip olmalıdır.",ÜB.FR.38,R.04,11,383,"[""modul_g_tam""]",HİDROLİK ASANSÖRLERİN KONTROL VE TESTLERİ ASANSÖR HİDROLİK DEĞİLSE İŞARETLEYİNİZ; İLGİLİ DEĞİL,null
MAD-0616,616,05 - Elektrik ve Test,81-20,Standart / ÜB.FR.38,5.9.3.9.1.2,Acil indirme valfiyle aşağı hareket hızı,"Acil indirme valfi devredeyken, kabin hızı, 0,30 m/s’yi aşmamalıdır.","A,B,C,D,E",Görsel + Test + Ölçüm + Çizim/Hesap + Talimat/İşaret,null,Ölçü 1,m/s,null,null,Hidrolik,null,null,null,true,null,null,[],null,"Acil indirme valfi devredeyken, kabin hızı, 0,30 m/s’yi aşmamalıdır.",ÜB.FR.38,R.04,11,384,"[""modul_g_tam""]",HİDROLİK ASANSÖRLERİN KONTROL VE TESTLERİ ASANSÖR HİDROLİK DEĞİLSE İŞARETLEYİNİZ; İLGİLİ DEĞİL,null
MAD-0617,617,05 - Elektrik ve Test,81-20,Standart / ÜB.FR.38,5.9.3.9.1.3,Acil indirme valfinde sürekli basma şartı,"Acil indirme valfinin çalışması, sürekli manuel kuvvet uygulanmasını gerektirmelidir.","A,B,C,D,E",Görsel + Test + Ölçüm + Çizim/Hesap + Talimat/İşaret,null,Ölçülen değer,null,null,null,Hidrolik,null,null,null,true,null,null,[],null,"Acil indirme valfinin çalışması, sürekli manuel kuvvet uygulanmasını gerektirmelidir.",ÜB.FR.38,R.04,11,385,"[""modul_g_tam""]",HİDROLİK ASANSÖRLERİN KONTROL VE TESTLERİ ASANSÖR HİDROLİK DEĞİLSE İŞARETLEYİNİZ; İLGİLİ DEĞİL,null
MAD-0618,618,05 - Elektrik ve Test,81-20,Standart / ÜB.FR.38,5.9.3.9.1.4,"Acil indirme valfi, istem dışı hareketlere karşı korunmalıdır","Acil indirme valfi, istem dışı hareketlere karşı korunmalıdır.","A,B,C,D,E",Görsel + Test + Ölçüm + Çizim/Hesap + Talimat/İşaret,null,Ölçülen değer,null,null,null,Hidrolik,null,null,null,true,null,null,[],null,"Acil indirme valfi, istem dışı hareketlere karşı korunmalıdır.",ÜB.FR.38,R.04,11,386,"[""modul_g_tam""]",HİDROLİK ASANSÖRLERİN KONTROL VE TESTLERİ ASANSÖR HİDROLİK DEĞİLSE İŞARETLEYİNİZ; İLGİLİ DEĞİL,null
MAD-0619,619,05 - Elektrik ve Test,81-20,Standart / ÜB.FR.38,5.9.3.9.1.5,Düşük basınçta acil indirme valfinin davranışı,"Acil durum indirme valfi, basınç imalatçı tarafından önceden belirlenen bir değerin altına düştüğünde pistonun daha fazla alçalmasına neden olmamalıdır. Halatın/zincirin gevşeyebileceği dolaylı etkili asansörlerde, valfin elle kumanda edilmesi; pistonun, halatın/zincirin gevşemesine neden olacak noktadan daha fazla alçalmasına neden olmamalıdır.","A,B,C,D,E",Görsel + Test + Ölçüm + Çizim/Hesap + Talimat/İşaret,null,Ölçülen değer,null,null,null,Hidrolik,null,null,null,true,null,null,[],null,"Acil durum indirme valfi, basınç imalatçı tarafından önceden belirlenen bir değerin altına düştüğünde pistonun daha fazla alçalmasına neden olmamalıdır. Halatın/zincirin gevşeyebileceği dolaylı etkili asansörlerde, valfin elle kumanda edilmesi; pistonun, halatın/zincirin gevşemesine neden olacak noktadan daha fazla alçalmasına neden olmamalıdır.",ÜB.FR.38,R.04,11,387,"[""modul_g_tam""]",HİDROLİK ASANSÖRLERİN KONTROL VE TESTLERİ ASANSÖR HİDROLİK DEĞİLSE İŞARETLEYİNİZ; İLGİLİ DEĞİL,null
MAD-0620,620,05 - Elektrik ve Test,81-20,Standart / ÜB.FR.38,5.9.3.9.1.6,Acil aşağı hareket valfi uyarı plakası,Acil durum çalışması ile aşağı yönde hareket için elle kumanda edilen valfin yanında üzerinde aşağıdaki ifade yazılı olan bir plaka bulunmalıdır: “Dikkat – Acil durum aşağı yönde hareket”,"A,B,C,D,E",Görsel + Test + Ölçüm + Çizim/Hesap + Talimat/İşaret,null,Ölçülen değer,null,null,null,Hidrolik,null,null,null,true,null,null,[],null,Acil durum çalışması ile aşağı yönde hareket için elle kumanda edilen valfin yanında üzerinde aşağıdaki ifade yazılı olan bir plaka bulunmalıdır: “Dikkat – Acil durum aşağı yönde hareket”,ÜB.FR.38,R.04,11,388,"[""modul_g_tam""]",HİDROLİK ASANSÖRLERİN KONTROL VE TESTLERİ ASANSÖR HİDROLİK DEĞİLSE İŞARETLEYİNİZ; İLGİLİ DEĞİL,null
MAD-0621,621,05 - Elektrik ve Test,81-20,Standart / ÜB.FR.38,5.9.3.9.2.1,Hidrolik asansörde acil yukarı hareket el pompası,"Her hidrolik asansörde kabinin yukarı doğru hareketini sağlayan bir el pompası kalıcı olarak bulunmalıdır. El pompası asansörün kurulu olduğu binada tutulmalı ve yalnızca yetkilendirilmiş kişi tarafından erişilebilir olmalıdır. Pompanın bağlantısının nasıl yapılacağına ilişkin talimatlar her asansör makinesinde erişilebilir olmalıdır. Kalıcı olarak kurulu olmadığı yerlerde, el pompasının nerede bulunduğu ve nasıl uygun şekilde bağlanacağı ile ilgili açık talimatlar, bakım ve kurtarma operatörlerinin kullanımına sunulmalıdır.","A,B,C,D,E",Görsel + Test + Ölçüm + Çizim/Hesap + Talimat/İşaret,null,Ölçülen değer,null,null,null,Hidrolik,null,null,null,true,null,null,[],null,"Her hidrolik asansörde kabinin yukarı doğru hareketini sağlayan bir el pompası kalıcı olarak bulunmalıdır. El pompası asansörün kurulu olduğu binada tutulmalı ve yalnızca yetkilendirilmiş kişi tarafından erişilebilir olmalıdır. Pompanın bağlantısının nasıl yapılacağına ilişkin talimatlar her asansör makinesinde erişilebilir olmalıdır. Kalıcı olarak kurulu olmadığı yerlerde, el pompasının nerede bulunduğu ve nasıl uygun şekilde bağlanacağı ile ilgili açık talimatlar, bakım ve kurtarma operatörlerinin kullanımına sunulmalıdır.",ÜB.FR.38,R.04,11,389,"[""modul_g_tam""]",HİDROLİK ASANSÖRLERİN KONTROL VE TESTLERİ ASANSÖR HİDROLİK DEĞİLSE İŞARETLEYİNİZ; İLGİLİ DEĞİL,null
MAD-0622,622,05 - Elektrik ve Test,81-20,Standart / ÜB.FR.38,5.9.3.9.2.2,El pompasının hidrolik devreye bağlantısı,El pompası geri dönüşsüz valf veya aşağı yön valfi/valfleri ile kapama vanası arasındaki devreye bağlanmalıdır.,"A,B,C,D,E",Görsel + Test + Ölçüm + Çizim/Hesap + Talimat/İşaret,null,Ölçülen değer,null,null,null,Hidrolik,null,null,null,true,null,null,[],null,El pompası geri dönüşsüz valf veya aşağı yön valfi/valfleri ile kapama vanası arasındaki devreye bağlanmalıdır.,ÜB.FR.38,R.04,11,390,"[""modul_g_tam""]",HİDROLİK ASANSÖRLERİN KONTROL VE TESTLERİ ASANSÖR HİDROLİK DEĞİLSE İŞARETLEYİNİZ; İLGİLİ DEĞİL,null
MAD-0623,623,05 - Elektrik ve Test,81-20,Standart / ÜB.FR.38,5.9.3.9.2.3,El pompası basınç tahliye valfi,"El pompası, basıncı tam yük basıncının 2,3 katında kısıtlayan bir basınç tahliye valfi ile donatılmalıdır.","A,B,C,D,E",Görsel + Test + Ölçüm + Çizim/Hesap + Talimat/İşaret,null,Ölçülen değer,null,null,null,Hidrolik,null,null,null,true,null,null,[],null,"El pompası, basıncı tam yük basıncının 2,3 katında kısıtlayan bir basınç tahliye valfi ile donatılmalıdır.",ÜB.FR.38,R.04,11,391,"[""modul_g_tam""]",HİDROLİK ASANSÖRLERİN KONTROL VE TESTLERİ ASANSÖR HİDROLİK DEĞİLSE İŞARETLEYİNİZ; İLGİLİ DEĞİL,null
MAD-0624,624,05 - Elektrik ve Test,81-20,Standart / ÜB.FR.38,5.9.3.9.2.4,Acil yukarı hareket el pompası uyarı plakası,Acil durum çalışması ile yukarı yönde hareket için el pompasının yanında üzerinde aşağıdaki ifade yazılı olan bir plaka bulunmalıdır: “Dikkat – Acil durum yukarı yönde hareket”,"A,B,C,D,E",Görsel + Test + Ölçüm + Çizim/Hesap + Talimat/İşaret,null,Ölçülen değer,null,null,null,Hidrolik,null,null,null,true,null,null,[],null,Acil durum çalışması ile yukarı yönde hareket için el pompasının yanında üzerinde aşağıdaki ifade yazılı olan bir plaka bulunmalıdır: “Dikkat – Acil durum yukarı yönde hareket”,ÜB.FR.38,R.04,11,392,"[""modul_g_tam""]",HİDROLİK ASANSÖRLERİN KONTROL VE TESTLERİ ASANSÖR HİDROLİK DEĞİLSE İŞARETLEYİNİZ; İLGİLİ DEĞİL,null
MAD-0625,625,05 - Elektrik ve Test,81-20,Standart / ÜB.FR.38,5.9.3.9.3,Kabinin kilit açılma bölgesinde olduğunun bağımsız kontrolü,"Asansör iki duraktan fazlaysa, elektrik besleme devresinden bağımsız bir tertibatla kabinin kilit açılma bölgesi içinde olup olmadığı kontrol edilebilmelidir.","A,B,C,D,E",Görsel + Test + Ölçüm + Çizim/Hesap + Talimat/İşaret,null,Ölçülen değer,null,null,null,Hidrolik,null,null,null,true,null,null,[],null,"Asansör iki duraktan fazlaysa, elektrik besleme devresinden bağımsız bir tertibatla kabinin kilit açılma bölgesi içinde olup olmadığı kontrol edilebilmelidir.",ÜB.FR.38,R.04,11,393,"[""modul_g_tam""]",HİDROLİK ASANSÖRLERİN KONTROL VE TESTLERİ ASANSÖR HİDROLİK DEĞİLSE İŞARETLEYİNİZ; İLGİLİ DEĞİL,null
MAD-0626,626,05 - Elektrik ve Test,81-20,Standart / ÜB.FR.38,5.4.7.3 a,Kabin üstü dış kenarındaki açıklığın sınırlandırılması,"Kabin üstünün dış kenarı ile kuyu duvarı arasındaki mesafesinin 0,30 m'den fazla olduğu yerlerde, kabin üstünün dış kenarı ile ilgili aksamın arasına veya korkuluğun ucu ile aksamın arasına 0,30 m'den daha büyük çaplı yatay bir daire yerleştirmek mümkün olmamalıdır;","A,C,D",Görsel + Ölçüm + Çizim/Hesap,null,Ölçü 1,m,null,null,Hidrolik,null,null,null,true,null,null,[],null,"Kabin üstünün dış kenarı ile kuyu duvarı arasındaki mesafesinin 0,30 m'den fazla olduğu yerlerde, kabin üstünün dış kenarı ile ilgili aksamın arasına veya korkuluğun ucu ile aksamın arasına 0,30 m'den daha büyük çaplı yatay bir daire yerleştirmek mümkün olmamalıdır;",ÜB.FR.38,R.04,11,394,"[""modul_g_tam""]",HİDROLİK ASANSÖRLERİN KONTROL VE TESTLERİ ASANSÖR HİDROLİK DEĞİLSE İŞARETLEYİNİZ; İLGİLİ DEĞİL,null
MAD-0627,627,05 - Elektrik ve Test,81-20,Standart / ÜB.FR.38,5.4.2.2.1 3),Hidrolik yük asansörü bileşenlerinin toplam yüke göre tasarımı,"Hidrolik asansörler için kabin tasarımında; kabin karkasında, kabin ile piston (silindir) arasındaki bağlantıda, kabin güvenlik tertibatında, boru kırılma valfinde, debi sınırlayıcıda/tek yönlü debi sınırlayıcıda, oturma aygıtında, kılavuz raylar ve istenmeyen hareketten koruma araçlarında, anma yüküne forklift ağırlığının ilave edilmesiyle bulunan toplam yük esas alınmalıdır.","B,C,D,E",Test + Ölçüm + Çizim/Hesap + Talimat/İşaret,null,Ölçülen değer,null,null,null,Hidrolik,null,null,null,true,null,null,[],null,"Hidrolik asansörler için kabin tasarımında; kabin karkasında, kabin ile piston (silindir) arasındaki bağlantıda, kabin güvenlik tertibatında, boru kırılma valfinde, debi sınırlayıcıda/tek yönlü debi sınırlayıcıda, oturma aygıtında, kılavuz raylar ve istenmeyen hareketten koruma araçlarında, anma yüküne forklift ağırlığının ilave edilmesiyle bulunan toplam yük esas alınmalıdır.",ÜB.FR.38,R.04,11,395,"[""modul_g_tam""]",HİDROLİK ASANSÖRLERİN KONTROL VE TESTLERİ ASANSÖR HİDROLİK DEĞİLSE İŞARETLEYİNİZ; İLGİLİ DEĞİL,null
MAD-0628,628,05 - Elektrik ve Test,81-20,Standart / ÜB.FR.38,5.4.2.2.2,Hidrolik yük asansöründe azami kullanılabilir kabin alanı,"Hidrolik tahrikli yük asansöründe kabin alanı, aynı anma yükü için Çizelge 6 değerinden büyük olabilir; ancak Çizelge 7’deki azami alanı aşmamalıdır. Kabin net ölçülerinden bulunan alanı, beyan yüküyle birlikte Çizelge 6 ve 7 üzerinden doğrulayın.","B,C,D,E",Test + Ölçüm + Çizim/Hesap + Talimat/İşaret,null,Ölçülen değer,null,null,null,Hidrolik,null,null,null,true,null,"G-8120-C6-C7 — Hidrolik yük asansörlerinde kabin alanı, Çizelge 6 ve 7",[],null,"Hidrolik tahrikli yük yolcu asansörleri için kabinin kullanılabilir alanı Çizelge 6'da belirlenen değerden daha büyük olabilir, fakat karşılık gelen anma yükü için Çizelge 7'den belirlenen değeri aşmamalıdır.",ÜB.FR.38,R.04,11,396,"[""modul_g_tam""]",HİDROLİK ASANSÖRLERİN KONTROL VE TESTLERİ ASANSÖR HİDROLİK DEĞİLSE İŞARETLEYİNİZ; İLGİLİ DEĞİL,null
MAD-0629,629,05 - Elektrik ve Test,81-20,Standart / ÜB.FR.38,5.4.2.2.3,Dengeleme ağırlıklı hidrolik yük asansöründe basınç sınırı,"Dengeleme ağırlığı bulunan hidrolik yük asansöründe, Çizelge 6’dan kabin alanına karşılık gelen yükün; kaldırıcı ve boru donanımının tasarım basıncının 1,4 katından daha yüksek basınç oluşturmamasını teknik dosya ve deney verileri üzerinden doğrulayın.","B,C,D,E",Test + Ölçüm + Çizim/Hesap + Talimat/İşaret,null,Ölçülen değer,null,null,null,Hidrolik,null,null,null,true,null,"G-8120-C6-C7 — Hidrolik yük asansörlerinde kabin alanı, Çizelge 6 ve 7",[],null,"Hidrolik tahrikli yük yolcu asansörleri için dengeleme ağırlıklı bir asansörün kullanılabilir kabin alanı, Çizelge 6'dan (5.4.2.1) bulunan kabin yükü, kaldırıcı ve boru donanımının tasarlandığı basıncın 1,4 katını aşacak bir basınca neden olmayacağı şekilde tasarlanmalıdır.",ÜB.FR.38,R.04,11,397,"[""modul_g_tam""]",HİDROLİK ASANSÖRLERİN KONTROL VE TESTLERİ ASANSÖR HİDROLİK DEĞİLSE İŞARETLEYİNİZ; İLGİLİ DEĞİL,null
MAD-0630,630,05 - Elektrik ve Test,81-20,Standart / ÜB.FR.38,5.4.2.2.4,Hidrolik yük asansörü bileşenlerinin esas alınan tasarım yükü,"Kabin, kabin karkası, kabin–piston bağlantısı, dolaylı tahrikte askı tertibatı, güvenlik tertibatı, boru kırılma valfi, debi sınırlayıcı, oturma aygıtı, kılavuz raylar ve tamponların tasarımında Çizelge 6’dan elde edilen yükün esas alındığını teknik dosyadan doğrulayın. Silindir hesabında Çizelge 7’deki anma yükü kullanılabilir.","B,C,D,E",Test + Ölçüm + Çizim/Hesap + Talimat/İşaret,null,Ölçülen değer,null,null,null,Hidrolik,null,null,null,true,null,"G-8120-C6-C7 — Hidrolik yük asansörlerinde kabin alanı, Çizelge 6 ve 7",[],null,"Hidrolik tahrikli yük yolcu asansörleri için kabinin, kabin karkasının, kabin ile piston (silindir) arasındaki bağlantının, askı tertibatının (dolaylı etkili asansörlerde), kabin güvenlik tertibatının, boru kırılma valfinin, debi sınırlayıcının/tek yönlü debi sınırlayıcının, oturma aygıtının, kılavuz rayların ve tamponların tasarımı, Çizelge 6’dan elde edilen bir yük esas alınarak yapılmalıdır. Silindir, Çizelge 7'de verilen anma yüküne göre hesaplanabilir.",ÜB.FR.38,R.04,11,398,"[""modul_g_tam""]",HİDROLİK ASANSÖRLERİN KONTROL VE TESTLERİ ASANSÖR HİDROLİK DEĞİLSE İŞARETLEYİNİZ; İLGİLİ DEĞİL,null
MAD-0631,631,05 - Elektrik ve Test,81-20,Standart / ÜB.FR.38,5.5.5.3 b),Hidrolik askı tertibatında gevşek halat veya zincir güvenliği,"Hidrolik asansörlerde, eğer gevşek halat (veya zincir) riski varsa, bir elektrik güvenlik aygıtı, gevşeme meydana geldiğinde makinenin durmasını sağlamalıdır. Durduktan sonra normal çalışma engellenmelidir. İki veya daha fazla kaldırıcılı hidrolik asansörlerde bu gereklilik her askı düzeneği için geçerlidir.","B,D",Test + Çizim/Hesap,null,null,null,null,null,Hidrolik,null,null,null,true,null,null,[],null,"Hidrolik asansörlerde, eğer gevşek halat (veya zincir) riski varsa, bir elektrik güvenlik aygıtı, gevşeme meydana geldiğinde makinenin durmasını sağlamalıdır. Durduktan sonra normal çalışma engellenmelidir. İki veya daha fazla kaldırıcılı hidrolik asansörlerde bu gereklilik her askı düzeneği için geçerlidir.",ÜB.FR.38,R.04,11,399,"[""modul_g_tam""]",HİDROLİK ASANSÖRLERİN KONTROL VE TESTLERİ ASANSÖR HİDROLİK DEĞİLSE İŞARETLEYİNİZ; İLGİLİ DEĞİL,null
MAD-0632,632,05 - Elektrik ve Test,81-20,Standart / ÜB.FR.38,5.9.3.8.1,Hidrolik asansörün anma hızı sınırı,"Yukarı doğru vm ve aşağı doğru vd anma hızları 1,0 m/s'den büyük olmamalıdır .","A,B,C,D,E",Görsel + Test + Ölçüm + Çizim/Hesap + Talimat/İşaret,null,Ölçü 1,m/s,null,null,Hidrolik,null,null,null,true,null,null,[],null,"Yukarı doğru vm ve aşağı doğru vd anma hızları 1,0 m/s'den büyük olmamalıdır .",ÜB.FR.38,R.04,11,400,"[""modul_g_tam""]",HİDROLİK ASANSÖRLERİN KONTROL VE TESTLERİ ASANSÖR HİDROLİK DEĞİLSE İŞARETLEYİNİZ; İLGİLİ DEĞİL,null
MAD-0633,633,05 - Elektrik ve Test,81-20,Standart / ÜB.FR.38,5.9.3.8.2,Hidrolik asansörün gerçek seyir hızı toleransı,"Boş kabinin yukarı yöndeki hızı anma hızı vm'yi %8'den fazla aşmamalı ve anma yükü ile yüklü kabinin aşağı yönde hızı aşağı yönde anma hızı vd'yi %8'den fazla aşmamalıdır; her iki durumda da bu, hidrolik sıvısının normal çalışma sıcaklığı ile ilgilidir.","A,B,C,D,E",Görsel + Test + Ölçüm + Çizim/Hesap + Talimat/İşaret,null,Ölçülen değer,null,null,null,Hidrolik,null,null,null,true,null,null,[],null,"Boş kabinin yukarı yöndeki hızı anma hızı vm'yi %8'den fazla aşmamalı ve anma yükü ile yüklü kabinin aşağı yönde hızı aşağı yönde anma hızı vd'yi %8'den fazla aşmamalıdır; her iki durumda da bu, hidrolik sıvısının normal çalışma sıcaklığı ile ilgilidir.",ÜB.FR.38,R.04,11,401,"[""modul_g_tam""]",HİDROLİK ASANSÖRLERİN KONTROL VE TESTLERİ ASANSÖR HİDROLİK DEĞİLSE İŞARETLEYİNİZ; İLGİLİ DEĞİL,null
MAD-0634,634,05 - Elektrik ve Test,81-20,Standart / ÜB.FR.38,5.2.2.3,Özel mülk üzerinden bakım ve kurtarma erişimi,"Bakım ve kurtarma amacıyla asansöre erişim özel mülk üzerinden gerçekleştiriliyorsa, yetkilendirilmiş kişilerin bu mülklere kalıcı erişimi ve ilgili talimatlar sağlanmalıdır.","A,E",Görsel + Talimat/İşaret,null,null,null,null,null,null,null,null,null,true,null,null,[],null,"Bakım ve kurtarma amacıyla asansöre erişim özel mülk üzerinden gerçekleştiriliyorsa, yetkilendirilmiş kişilerin bu mülklere kalıcı erişimi ve ilgili talimatlar sağlanmalıdır.",ÜB.FR.38,R.04,11,403,"[""modul_g_tam""]",KONTROL EDİLECEK EK MADDELER (ÖZEL DURUMLAR),null
MAD-0635,635,04 - Makine ve Şase,81-20,Standart / ÜB.FR.38,5.2.3.2 b,Makara dairesi erişim kapısının net ölçüleri,"Makara dairesi bulunuyorsa erişim kapısının net yüksekliği en az 1400 mm, net genişliği en az 600 mm olmalıdır. Makara dairesi yoksa Aranmaz olarak değerlendirin.","A,C,E",Görsel + Ölçüm + Talimat/İşaret,null,Ölçü 1,m,Ölçü 2,m,null,null,1.4,>=,true,null,null,[],null,"Makara dairesi varsa, erişim kapıları asgari 1,40 m yüksekliğe ve asgari 0,60 m genişliği sahip olmalıdır.",ÜB.FR.38,R.04,11,404,"[""modul_g_tam""]",KONTROL EDİLECEK EK MADDELER (ÖZEL DURUMLAR),null
MAD-0636,636,05 - Elektrik ve Test,81-20,Standart / ÜB.FR.38,5.3.6.2.2.2,Sürekli basmalı kumandalı kapının kapanma hızı ve enerjisi,"Otomatik olmayan, güçle çalışan bir kapı sürekli basmalı butonla kapanıyorsa ve kapının kinetik enerjisi 10 joule değerini aşıyorsa en hızlı panelin ortalama kapanma hızı 0,30 m/s değerini aşmamalıdır.","A,B,C,D,E",Görsel + Test + Ölçüm + Çizim/Hesap + Talimat/İşaret,null,Ölçü 1,m/s,null,null,null,null,null,null,true,null,null,[],null,"Otomatik olmayan güçle çalışan kapılar da kapının kapanması, sürekli basmalı buton ile gerçekleştiğinde ve kinetik enerji 10 j’u aştığında, en hızlı panelin ortalama kapama hızı 0,30 m/s’ye sınırlandırılmalıdır.",ÜB.FR.38,R.04,11,405,"[""modul_g_tam""]",KONTROL EDİLECEK EK MADDELER (ÖZEL DURUMLAR),null
MAD-0637,637,04 - Makine ve Şase,81-20,Standart / ÜB.FR.38,5.2.3.2 c,Makine veya makara dairesi giriş kapağının net ölçüleri,"Makine/makara dairesi giriş kapağı (yerden erişilen, kapak tipi geçiş) varsa en az 0,80 x 0,80 m net geçiş sağladığını ölçün. ""Karşı ağırlıkla dengelenmiş"" ifadesi, kapağın kendiliğinden çarpıp kapanmaması veya ağırlığından dolayı zor açılmaması için bir karşı ağırlık/yay mekanizmasıyla dengelenmiş olması gerektiği anlamına gelir; bu mekanizmanın mevcut ve çalışır durumda olduğunu kontrol edin.","A,C,E",Görsel + Ölçüm + Talimat/İşaret,null,Ölçü 1,m,null,null,null,null,null,null,true,null,null,[],null,"Makine/makara dairesi giriş kapağı varsa, en az 0,80 x 0,80 m net geçişi sağlamalı ve karşı ağırlıkla dengelenmiş olmalıdır.",ÜB.FR.38,R.04,11,406,"[""modul_g_tam""]",KONTROL EDİLECEK EK MADDELER (ÖZEL DURUMLAR),null
MAD-0638,638,04 - Makine ve Şase,81-20,Standart / ÜB.FR.38,5.2.3.2 d,Acil durum kapısının net ölçüleri,"Acil durum kapısı varsa, yükseklik asgari 1,80 m ve genişlik asgari 0,50 m olmalıdır.","A,C,E",Görsel + Ölçüm + Talimat/İşaret,null,Ölçü 1,m,Ölçü 2,m,null,null,1.8,>=,true,null,null,[],null,"Acil durum kapısı varsa, yükseklik asgari 1,80 m ve genişlik asgari 0,50 m olmalıdır.",ÜB.FR.38,R.04,11,407,"[""modul_g_tam""]",KONTROL EDİLECEK EK MADDELER (ÖZEL DURUMLAR),null
MAD-0639,639,05 - Elektrik ve Test,81-20,Standart / ÜB.FR.38,5.2.3.3 e,Muayene kapağının ölçüleri,"Muayene kapağı varsa, 0,50 m azami yüksekliğe ve 0,50 m azami genişliğe sahip olmalı ve gerekli işin kapaktan yapılabilmesi için yeterli boyutlara sahip olmalıdır.","A,C,E",Görsel + Ölçüm + Talimat/İşaret,null,Ölçü 1,m,null,null,null,null,null,null,true,null,null,[],null,"Muayene kapağı varsa, 0,50 m azami yüksekliğe ve 0,50 m azami genişliğe sahip olmalı ve gerekli işin kapaktan yapılabilmesi için yeterli boyutlara sahip olmalıdır.",ÜB.FR.38,R.04,11,408,"[""modul_g_tam""]",KONTROL EDİLECEK EK MADDELER (ÖZEL DURUMLAR),null
MAD-0640,640,05 - Elektrik ve Test,81-20,Standart / ÜB.FR.38,5.2.3.3,"Giriş, acil durum ve muayene kapaklarının güvenlik şartları","Giriş ve acil durum kapısı ve muayene kapağı varsa özellikleri; a) kuyu, makine veya makara odasının içine doğru açılmamalıdır; b) bu kapı ve kapaklar için anahtarla çalışan bir kilit sağlanmalı, bu anahtar olmadan kapı tekrar kapatılabilmeli ve tekrar kilitlenebilmelidir; c) kuyu, makine veya makara odası; içinden kilitli olsalar dahi anahtarsız açılabilmelidir; d) kapatılmış konumu kontrol eden, bir elektrik güvenlik aygıtı ile donatılmalıdır; e) deliksiz olmalı, durak kapıları ile aynı mekanik dayanımı gerekliliklerini karşılamalı ve ilgili binanın yangından korunmasına ilişkin düzenlemelere uygun olmalıdır; f) yuvarlak veya kare kesitli 0,30 m x 0,30 m'lik bir alana eşit olarak dağıtılmış 1000 N'luk bir kuvvet, kuyu dışından herhangi bir noktada dik açılarla uygulandığında, 15 mm’den daha büyük elastik deformasyona uğramadan dayanım gösterecek bir mekanik dayanıma sahip olmalıdır.","A,C,E",Görsel + Ölçüm + Talimat/İşaret,null,Ölçü 1,m,Ölçü 2,N,null,null,null,null,true,null,null,[],null,"Giriş ve acil durum kapısı ve muayene kapağı varsa özellikleri; a) kuyu, makine veya makara odasının içine doğru açılmamalıdır; b) bu kapı ve kapaklar için anahtarla çalışan bir kilit sağlanmalı, bu anahtar olmadan kapı tekrar kapatılabilmeli ve tekrar kilitlenebilmelidir; c) kuyu, makine veya makara odası; içinden kilitli olsalar dahi anahtarsız açılabilmelidir; d) kapatılmış konumu kontrol eden, bir elektrik güvenlik aygıtı ile donatılmalıdır; e) deliksiz olmalı, durak kapıları ile aynı mekanik dayanımı gerekliliklerini karşılamalı ve ilgili binanın yangından korunmasına ilişkin düzenlemelere uygun olmalıdır; f) yuvarlak veya kare kesitli 0,30 m x 0,30 m'lik bir alana eşit olarak dağıtılmış 1000 N'luk bir kuvvet, kuyu dışından herhangi bir noktada dik açılarla uygulandığında, 15 mm’den daha büyük elastik deformasyona uğramadan dayanım gösterecek bir mekanik dayanıma sahip olmalıdır.",ÜB.FR.38,R.04,11,409,"[""modul_g_tam""]",KONTROL EDİLECEK EK MADDELER (ÖZEL DURUMLAR),null
MAD-0641,641,05 - Elektrik ve Test,81-20,Standart / ÜB.FR.38,5.2.3.4,Makine veya makara alanı giriş kapakları,Giriş kapağı varsa şu hususları kontrol edin: kapalıyken herhangi bir noktasındaki 200 mm × 200 mm alana uygulanan 2000 N yüke dayanması; aşağı doğru açılmaması; menteşeli kapağın yerinden çıkarılamaması; açıkken düşmeye karşı koruma bulunması ve kapağın kontrolsüz kapanmasının önlenmesi. Yalnız malzeme girişi için kullanılan kapak içeriden kilitlenebilir.,"A,C,E",Görsel + Ölçüm + Talimat/İşaret,null,Ölçü 1,cm,Ölçü 2,N,null,null,null,null,true,null,null,[],null,"Giriş kapakları varsa özellikleri; - Kapalı olduğunda, herhangi bir yerde 20x20 cm alan üzerinde 2000N yükü taşıyabilmelidir. - Kapaklar aşağı doğru açılmamalı, menteşeler varsa kancadan çıkarılamayacak tipte olmalıdır. - Sadece malzeme girişi için kullanılan kapaklar, içeriden kilitlenmiş olabilir. - Kapak açık iken, insanların düşmesine karşı tedbirler alınmalıdır. (örneğin korkuluk) - Kapakların kapanması ezilme/çarpma tehlikesinden dolayı önlenmelidir. (örn. karşı ağırlık)",ÜB.FR.38,R.04,11,410,"[""modul_g_tam""]",KONTROL EDİLECEK EK MADDELER (ÖZEL DURUMLAR),null
MAD-0642,642,05 - Elektrik ve Test,81-20,Standart / ÜB.FR.38,5.2.4.1,Giriş kapağı düşme tehlikesi uyarısı,Kapakların kullanılması halinde uyarı yazısı (Düşme tehlikesi – Çatı kapağını kapalı tutunuz),"A,E",Görsel + Talimat/İşaret,null,null,null,null,null,null,null,null,null,true,null,null,[],null,Kapakların kullanılması halinde uyarı yazısı (Düşme tehlikesi – Çatı kapağını kapalı tutunuz),ÜB.FR.38,R.04,11,411,"[""modul_g_tam""]",KONTROL EDİLECEK EK MADDELER (ÖZEL DURUMLAR),null
MAD-0643,643,05 - Elektrik ve Test,81-20,Standart / ÜB.FR.38,5.2.4.2,Kuyu giriş ve acil durum kapısı uyarısı,"Giriş kapısı/acil durum kapısı varsa, uyarı yazısı olmalıdır. (Asansör kuyusu-Tehlikeli Yetkisiz kişilerin girişi yasaktır)","A,E",Görsel + Talimat/İşaret,null,null,null,null,null,null,null,null,null,true,null,null,[],null,"Giriş kapısı/acil durum kapısı varsa, uyarı yazısı olmalıdır. (Asansör kuyusu-Tehlikeli Yetkisiz kişilerin girişi yasaktır)",ÜB.FR.38,R.04,11,412,"[""modul_g_tam""]",KONTROL EDİLECEK EK MADDELER (ÖZEL DURUMLAR),null
MAD-0644,644,05 - Elektrik ve Test,81-20,Standart / ÜB.FR.38,5.4.6.1,Kabin üstü acil durum kapağının net açıklığı,"Kabin üstüne bir acil durum kapağı monte edildiği yerlerde, bu kapak asgari 0,40 m × 0,50 m boyutlarında net açıklığa sahip olmalıdır.Yeterli alan olduğunda, 0,50 m x 0,70 m boyutlarındaki bir çatı kapağı tercih edilir.","A,C,D,E",Görsel + Ölçüm + Çizim/Hesap + Talimat/İşaret,null,Ölçü 1,m,Ölçü 2,m,null,null,0.4,>=,true,null,null,[],null,"Kabin üstüne bir acil durum kapağı monte edildiği yerlerde, bu kapak asgari 0,40 m × 0,50 m boyutlarında net açıklığa sahip olmalıdır.Yeterli alan olduğunda, 0,50 m x 0,70 m boyutlarındaki bir çatı kapağı tercih edilir.",ÜB.FR.38,R.04,11,413,"[""modul_g_tam""]",KONTROL EDİLECEK EK MADDELER (ÖZEL DURUMLAR),null
MAD-0645,645,05 - Elektrik ve Test,81-20,Standart / ÜB.FR.38,5.2.3.1,Uzun durak aralığında acil tahliye düzeni,"Art arda gelen durak kapısı eşikleri arasındaki mesafenin 11 m’yi aştığı durumlarda, ara acil durum kapıları veya acil durum kapılarıyla donatılmış birbirine komşu (ardışık) kabinler olmalıdır.","A,C,E",Görsel + Ölçüm + Talimat/İşaret,null,Ölçü 1,m,null,null,null,null,null,null,true,null,null,[],null,"Art arda gelen durak kapısı eşikleri arasındaki mesafenin 11 m’yi aştığı durumlarda, ara acil durum kapıları veya acil durum kapılarıyla donatılmış birbirine komşu (ardışık) kabinler olmalıdır.",ÜB.FR.38,R.04,11,414,"[""modul_g_tam""]",KONTROL EDİLECEK EK MADDELER (ÖZEL DURUMLAR),null
MAD-0646,646,05 - Elektrik ve Test,81-20,Standart / ÜB.FR.38,5.4.6.2,Bitişik kabinler arasındaki acil durum kapısı,"Bitişik kabinler olması durumunda acil durum kapıları, ancak kabinler arasındaki yatay mesafenin 1 m'yi aşmaması kaydıyla kullanılabilir.Bu durumda her kabin, insanların kurtarılmak üzere alınacağı bitişik kabinin, kurtarma işleminingerçekleşeceği seviyeye getirilmesini olanaklı kılmak için, söz konusu bitişik kabinin konumunu belirlemeye yönelik bir araç ile donatılmalıdır. Kurtarma durumunda, kabin acil durum kapıları arasındaki mesafenin 0,35 m'den fazla olduğu yerlerde, korkulukları olan ve en az 0,50 m eninde fakat acil durum kapısının açıklığına sığacak kadar yeterli boşluğa sahip, portatif/seyyar bir köprü veya kabine entegre edilmiş bir köprü bulunmalıdır. Köprü, asgari 2500 N'luk bir kuvveti taşıyacak şekilde tasarlanmalıdır. Köprü portatif/seyyar ise, kurtarmanın gerçekleşeceği binanın içinde muhafaza edilmelidir. Köprünün kullanımı, kullanma talimatında tarif edilmelidir. Acil durum kapıları mevcutsa, bunlar en az 1,80 m yüksekliğinde ve 0,40 m genişliğinde olmalıdır.","A,C,D,E",Görsel + Ölçüm + Çizim/Hesap + Talimat/İşaret,null,Ölçü 1,m,Ölçü 2,m,null,null,0.5,>=,true,null,null,[],null,"Bitişik kabinler olması durumunda acil durum kapıları, ancak kabinler arasındaki yatay mesafenin 1 m'yi aşmaması kaydıyla kullanılabilir.Bu durumda her kabin, insanların kurtarılmak üzere alınacağı bitişik kabinin, kurtarma işleminingerçekleşeceği seviyeye getirilmesini olanaklı kılmak için, söz konusu bitişik kabinin konumunu belirlemeye yönelik bir araç ile donatılmalıdır. Kurtarma durumunda, kabin acil durum kapıları arasındaki mesafenin 0,35 m'den fazla olduğu yerlerde, korkulukları olan ve en az 0,50 m eninde fakat acil durum kapısının açıklığına sığacak kadar yeterli boşluğa sahip, portatif/seyyar bir köprü veya kabine entegre edilmiş bir köprü bulunmalıdır. Köprü, asgari 2500 N'luk bir kuvveti taşıyacak şekilde tasarlanmalıdır. Köprü portatif/seyyar ise, kurtarmanın gerçekleşeceği binanın içinde muhafaza edilmelidir. Köprünün kullanımı, kullanma talimatında tarif edilmelidir. Acil durum kapıları mevcutsa, bunlar en az 1,80 m yüksekliğinde ve 0,40 m genişliğinde olmalıdır.",ÜB.FR.38,R.04,11,415,"[""modul_g_tam""]",KONTROL EDİLECEK EK MADDELER (ÖZEL DURUMLAR),null
MAD-0647,647,05 - Elektrik ve Test,81-20,Standart / ÜB.FR.38,5.4.6.3,Kabin acil durum kapak ve kapılarının güvenlik şartları,"Acil durum çatı kapakları veya kapılar monte edilmişse özellikleri; -Acil durum çatı kapakları ve kapılarında bir elle kilitleme aracı bulunmalıdır. -Acil durum çatı kapakları kabin dışından anahtar olmadan, kabin içinden ise üçgen bir anahtar ile açılmalıdır. -Acil durum çatı kapakları kabinin içine doğru açılmamalıdır. -Açık konumdaki acil durum çatı kapakları, kabinin kenarından dışarı çıkıntı yapmamalıdır. -Acil durum kapıları, kabin dışından anahtar olmadan, kabin içinden ise üçgen bir anahtar kullanılarak açılabilmelidir. -Acil durum kapıları kabinin dışına doğru açılmamalıdır. -Acil durum kapıları, bir karşı ağırlığın veya bir dengeleme ağırlığının yolu üzerine veya bir kabinden diğerine geçişi engelleyen sabit bir engelin önüne (kabinleri ayıran kirişler hariç) yerleştirilmemelidir. -Acil durum çatı kapakları ve kapılarında kilitleme, bir elektrik güvenlik aygıtı aracılığıyla onaylanmalıdır. -Acil durum kapılarında bu aygıt, kilit açıldığında bitişik asansörü de durdurmalıdır. -Asansörün yeniden hizmete girmesi, yalnızca kasıtlı olarak yeniden kilitlemeden sonra mümkün olmalıdır.","A,C,D,E",Görsel + Ölçüm + Çizim/Hesap + Talimat/İşaret,null,Ölçülen değer,null,null,null,null,null,null,null,true,null,null,[],null,"Acil durum çatı kapakları veya kapılar monte edilmişse özellikleri; -Acil durum çatı kapakları ve kapılarında bir elle kilitleme aracı bulunmalıdır. -Acil durum çatı kapakları kabin dışından anahtar olmadan, kabin içinden ise üçgen bir anahtar ile açılmalıdır. -Acil durum çatı kapakları kabinin içine doğru açılmamalıdır. -Açık konumdaki acil durum çatı kapakları, kabinin kenarından dışarı çıkıntı yapmamalıdır. -Acil durum kapıları, kabin dışından anahtar olmadan, kabin içinden ise üçgen bir anahtar kullanılarak açılabilmelidir. -Acil durum kapıları kabinin dışına doğru açılmamalıdır. -Acil durum kapıları, bir karşı ağırlığın veya bir dengeleme ağırlığının yolu üzerine veya bir kabinden diğerine geçişi engelleyen sabit bir engelin önüne (kabinleri ayıran kirişler hariç) yerleştirilmemelidir. -Acil durum çatı kapakları ve kapılarında kilitleme, bir elektrik güvenlik aygıtı aracılığıyla onaylanmalıdır. -Acil durum kapılarında bu aygıt, kilit açıldığında bitişik asansörü de durdurmalıdır. -Asansörün yeniden hizmete girmesi, yalnızca kasıtlı olarak yeniden kilitlemeden sonra mümkün olmalıdır.",ÜB.FR.38,R.04,11,416,"[""modul_g_tam""]",KONTROL EDİLECEK EK MADDELER (ÖZEL DURUMLAR),null
MAD-0648,648,05 - Elektrik ve Test,81-20,Standart / ÜB.FR.38,Yangın Yönetmeliği 62-5,Yangın algısında asansörün acil çıkış katına dönüşü,"Yüksek binalarda ve topluma açık yapılarda,yangın algılandığında, asansör kapıları açılmaksızın olduğu yerden otomatik olarak acil çıkış katına gitmeli ve kapıları açık beklemeli, normal çağrılara yanıt vermemeli, gerektiğinde yetkili kişi tarafından kullanılabilmelidir.","A,C",Görsel + Ölçüm,null,Ölçülen değer,null,null,null,null,null,null,null,true,null,null,[],null,"Yüksek binalarda ve topluma açık yapılarda,yangın algılandığında, asansör kapıları açılmaksızın olduğu yerden otomatik olarak acil çıkış katına gitmeli ve kapıları açık beklemeli, normal çağrılara yanıt vermemeli, gerektiğinde yetkili kişi tarafından kullanılabilmelidir.",ÜB.FR.38,R.04,11,417,"[""modul_g_tam""]",KONTROL EDİLECEK EK MADDELER (ÖZEL DURUMLAR),null
MAD-0649,649,02 - Kuyu Boyunca,81-20,Standart / ÜB.FR.38,Yangın Yönetmeliği 62-7,Asansör kapılarının yangın ve duman dayanımı,- Asansör kapıları yangına karşı en az 30 dk. dayanıklı ve duman sızdırmaz olmalıdır. - Yapı yüksekliği 51.5m’yi aşarsa kapılar yangına en az 60dk. dayanıklı ve duman sızdırmaz olmalıdır.,"A,B",Görsel + Test,null,null,null,null,null,null,null,null,null,true,null,null,[],null,- Asansör kapıları yangına karşı en az 30 dk. dayanıklı ve duman sızdırmaz olmalıdır. - Yapı yüksekliği 51.5m’yi aşarsa kapılar yangına en az 60dk. dayanıklı ve duman sızdırmaz olmalıdır.,ÜB.FR.38,R.04,11,419,"[""modul_g_tam""]",KONTROL EDİLECEK EK MADDELER (ÖZEL DURUMLAR),null
MAD-0650,650,05 - Elektrik ve Test,81-20,Standart / ÜB.FR.38,5.2.1.2.1,Kuyu ve makine alanlarının yalnız asansör amaçlı kullanılması,"Kuyu, makine ve makara daireleri, asansörlere yönelik amaçlar dışında farklı amaçlar için kullanılmamalıdır. Bu alanlar, asansör için teşkil edilenler dışında kanallar, kablolar veya aygıtlar barındırmamalıdır. Asansör kuyusu, makine ve makara daireleri; bununla birlikte aşağıdakileri de barındırabilir: a) buharlı ısıtma ve yüksek basınçlı su ısıtma hariç, bu alanların iklimlendirilmesi veya ısıtılması için gerekli donanım. Ancak, ısıtma donanımının herhangi bir kontrol ve ayar aygıtı kuyu dışına yerleştirilmelidir. b) Yüksek çalışma sıcaklığına (ör. 80°C'nin üzerinde) sahip, elektrikli donanım için uygun ve kazara darbelere karşı uygun şekilde korunmuş yangın detektörleri veya söndürücüler.","A,B,C,D,E",Görsel + Test + Ölçüm + Çizim/Hesap + Talimat/İşaret,null,Ölçülen değer,null,null,null,null,null,null,null,true,null,null,[],null,"Kuyu, makine ve makara daireleri, asansörlere yönelik amaçlar dışında farklı amaçlar için kullanılmamalıdır. Bu alanlar, asansör için teşkil edilenler dışında kanallar, kablolar veya aygıtlar barındırmamalıdır. Asansör kuyusu, makine ve makara daireleri; bununla birlikte aşağıdakileri de barındırabilir: a) buharlı ısıtma ve yüksek basınçlı su ısıtma hariç, bu alanların iklimlendirilmesi veya ısıtılması için gerekli donanım. Ancak, ısıtma donanımının herhangi bir kontrol ve ayar aygıtı kuyu dışına yerleştirilmelidir. b) Yüksek çalışma sıcaklığına (ör. 80°C'nin üzerinde) sahip, elektrikli donanım için uygun ve kazara darbelere karşı uygun şekilde korunmuş yangın detektörleri veya söndürücüler.",ÜB.FR.38,R.04,11,420,"[""modul_g_tam""]",KONTROL EDİLECEK EK MADDELER (ÖZEL DURUMLAR),null
MAD-0651,651,05 - Elektrik ve Test,81-20,Standart / ÜB.FR.38,5.2.1.2.1,Kuyu yangın söndürme sisteminin devreye girme şartı,"Yangın söndürücü sistemi varsa etkin hale gelmesi sadece asansör durakta iken, elektrik beslemesi ve aydınlatma donanımı otomatik bir şekilde kapatıldığında mümkün olmalıdır.","A,B,C,D,E",Görsel + Test + Ölçüm + Çizim/Hesap + Talimat/İşaret,null,Ölçülen değer,null,null,null,null,null,null,null,true,null,null,[],null,"Yangın söndürücü sistemi varsa etkin hale gelmesi sadece asansör durakta iken, elektrik beslemesi ve aydınlatma donanımı otomatik bir şekilde kapatıldığında mümkün olmalıdır.",ÜB.FR.38,R.04,11,421,"[""modul_g_tam""]",KONTROL EDİLECEK EK MADDELER (ÖZEL DURUMLAR),null
MAD-0652,652,02 - Kuyu Boyunca,81-20,Standart / ÜB.FR.38,5.12.4.1,Elle açılan kapılı asansörde durakta bekleme süresi,Kapıları elle açılan asansörlerde kabin durakta en az 2 saniye süreliğine beklemelidir.,"A,B,C,D,E",Görsel + Test + Ölçüm + Çizim/Hesap + Talimat/İşaret,null,Ölçülen değer,null,null,null,null,null,null,null,true,null,null,[],null,Kapıları elle açılan asansörlerde kabin durakta en az 2 saniye süreliğine beklemelidir.,ÜB.FR.38,R.04,11,422,"[""modul_g_tam""]",KONTROL EDİLECEK EK MADDELER (ÖZEL DURUMLAR),null
MAD-0653,653,05 - Elektrik ve Test,81-20,Standart / ÜB.FR.38,5.2.5.2.3,Kısmi mahfazalı asansörde koruyucu mahfaza ölçüleri,"Kısmi mahfazalı asansörlerde; 1) Durak kapılarının olduğu tarafta asgari 3,50 m, 2) Diğer kenarlarda asgari 2,50 m ve buna ek olarak asansörün hareketli parçalarına olan yatay mesafe asgari 0,50 m olmalıdır. Hareketli parçalara olan mesafe 0,50 m’yi aşarsa bu 2,50 m değeri, 2,0 m’lik bir mesafede kademeli olarak asgari 1,10 m yüksekliğe düşürülebilir, 3) Mahfaza duvarları deliksiz olmalıdır, 4)Mahfaza duvarları, katlar/merdivenlerin kenarından azami 15cm mesafesinde olmalıdır, 5) Hava koşullarına maruz kalan asansörler için özel önlemler alınmalıdır.(ör. bir binanın dış ephesine kurulan duvar üzerinde hareket eden asansörler.)","A,B,C,D,E",Görsel + Test + Ölçüm + Çizim/Hesap + Talimat/İşaret,null,Ölçü 1,m,Ölçü 2,m,null,null,null,null,true,null,null,[],null,"Kısmi mahfazalı asansörlerde; 1) Durak kapılarının olduğu tarafta asgari 3,50 m, 2) Diğer kenarlarda asgari 2,50 m ve buna ek olarak asansörün hareketli parçalarına olan yatay mesafe asgari 0,50 m olmalıdır. Hareketli parçalara olan mesafe 0,50 m’yi aşarsa bu 2,50 m değeri, 2,0 m’lik bir mesafede kademeli olarak asgari 1,10 m yüksekliğe düşürülebilir, 3) Mahfaza duvarları deliksiz olmalıdır, 4)Mahfaza duvarları, katlar/merdivenlerin kenarından azami 15cm mesafesinde olmalıdır, 5) Hava koşullarına maruz kalan asansörler için özel önlemler alınmalıdır.(ör. bir binanın dış ephesine kurulan duvar üzerinde hareket eden asansörler.)",ÜB.FR.38,R.04,11,423,"[""modul_g_tam""]",KONTROL EDİLECEK EK MADDELER (ÖZEL DURUMLAR),null
MAD-0654,654,05 - Elektrik ve Test,81-20,Standart / ÜB.FR.38,5.2.6.4.1.1,Dış ortamlı kısmi mahfazalı kuyuda makine koruması,Binaların dışında kuyuların kısmi mahfazalı olması durumunda makina çevresel etkilere karşı uygun korunmalıdır.,"A,B,C,D,E",Görsel + Test + Ölçüm + Çizim/Hesap + Talimat/İşaret,null,Ölçülen değer,null,null,null,null,null,null,null,true,null,null,[],null,Binaların dışında kuyuların kısmi mahfazalı olması durumunda makina çevresel etkilere karşı uygun korunmalıdır.,ÜB.FR.38,R.04,11,424,"[""modul_g_tam""]",KONTROL EDİLECEK EK MADDELER (ÖZEL DURUMLAR),null
MAD-0655,655,02 - Kuyu Boyunca,81-20,Standart / ÜB.FR.38,5.3.4.2,Durak kapısı önündeki ek bina kapısında mahsur kalmanın önlenmesi,"Durak kapısının önüne ilave bina kapılarının eklendiği yerlerde, kişilerin aradaki boşlukta mahsur kalması önlenmelidir.","A,B,C,D,E",Görsel + Test + Ölçüm + Çizim/Hesap + Talimat/İşaret,null,Ölçülen değer,null,null,null,null,null,null,null,true,null,null,[],null,"Durak kapısının önüne ilave bina kapılarının eklendiği yerlerde, kişilerin aradaki boşlukta mahsur kalması önlenmelidir.",ÜB.FR.38,R.04,11,425,"[""modul_g_tam""]",KONTROL EDİLECEK EK MADDELER (ÖZEL DURUMLAR),null
MAD-0656,656,02 - Kuyu Boyunca,81-20,Standart / ÜB.FR.38,5.2.5.3.1 b,Düşey sürgülü kapılı yük asansöründe kuyu önü açıklığı,"Düşey hareketli sürgülü durak kapılarıyla donatılmış yük asansörlerinde, bütün seyir hareketi mesafesi boyunca kuyu iç yüzeyi ile kabin eşiği veya kabin kapısının çerçevesi veya sürgülü kapılarda kapanan kenar arasındaki yatay açıklık 0,20 m’ ye uzatılabilir.","A,B,C,D,E",Görsel + Test + Ölçüm + Çizim/Hesap + Talimat/İşaret,null,Ölçü 1,m,null,null,null,null,null,null,true,null,null,[],null,"Düşey hareketli sürgülü durak kapılarıyla donatılmış yük asansörlerinde, bütün seyir hareketi mesafesi boyunca kuyu iç yüzeyi ile kabin eşiği veya kabin kapısının çerçevesi veya sürgülü kapılarda kapanan kenar arasındaki yatay açıklık 0,20 m’ ye uzatılabilir.",ÜB.FR.38,R.04,11,426,"[""modul_g_tam""]",KONTROL EDİLECEK EK MADDELER (ÖZEL DURUMLAR),null
MAD-0657,657,05 - Elektrik ve Test,81-20,Standart / ÜB.FR.38,5.4.2.3.3,Yük asansörü beyan yükü işareti,"Yük yolcu asansörlerinde, durak yükleme alanından her zaman görülebilir olan bir işaret, anma yükünü göstermelidir.","B,C,D,E",Test + Ölçüm + Çizim/Hesap + Talimat/İşaret,null,Ölçülen değer,null,null,null,null,null,null,null,true,null,null,[],null,"Yük yolcu asansörlerinde, durak yükleme alanından her zaman görülebilir olan bir işaret, anma yükünü göstermelidir.",ÜB.FR.38,R.04,11,427,"[""modul_g_tam""]",KONTROL EDİLECEK EK MADDELER (ÖZEL DURUMLAR),null
MAD-0658,658,05 - Elektrik ve Test,81-20,Standart / ÜB.FR.38,5.3.6.2.2.3,Düşey sürgülü kapıların kullanım alanı,Düşey sürgülü kapılar yalnızca yük yolcu asansörlerinde kullanılmalıdır.,"A,B,C,D,E",Görsel + Test + Ölçüm + Çizim/Hesap + Talimat/İşaret,null,Ölçülen değer,null,null,null,null,null,null,null,true,null,null,[],null,Düşey sürgülü kapılar yalnızca yük yolcu asansörlerinde kullanılmalıdır.,ÜB.FR.38,R.04,11,428,"[""modul_g_tam""]",KONTROL EDİLECEK EK MADDELER (ÖZEL DURUMLAR),null
MAD-0659,659,02 - Kuyu Boyunca,81-20,Standart / ÜB.FR.38,5.3.6.1,Otomatik sürgülü durak kapısındaki çıkıntı ve pahlar,"Otomatik sürgülü durak kapılarının yüzünde çıkıntı varsa, duraktan ve kabin içerisinden 3 mm’yi aşmamalı, bunların köşeleri açılma hareketi yönünde pahlanmalıdır.","A,B,C,D,E",Görsel + Test + Ölçüm + Çizim/Hesap + Talimat/İşaret,null,Ölçü 1,mm,null,null,null,null,null,null,true,null,null,[],null,"Otomatik sürgülü durak kapılarının yüzünde çıkıntı varsa, duraktan ve kabin içerisinden 3 mm’yi aşmamalı, bunların köşeleri açılma hareketi yönünde pahlanmalıdır.",ÜB.FR.38,R.04,11,429,"[""modul_g_tam""]",KONTROL EDİLECEK EK MADDELER (ÖZEL DURUMLAR),null
MAD-0660,660,05 - Elektrik ve Test,81-1/2+A3,Standart / ÜB.FR.39,14.1.1.1 j | ZA: 4.2,Testler,Faz sırası değişimine karşı koruma,"A,B",Görsel + Test,null,null,null,null,null,null,null,null,null,true,null,null,[],null,Faz sırası değişimine karşı koruma,ÜB.FR.39,R.02,12,206,"[""modul_g_tam""]",null,null
MAD-0661,661,05 - Elektrik ve Test,81-1/2+A3,Standart / ÜB.FR.39,14.1.1.1 d | ZA: 4.2,Testler,Hata akımına karşı korumalar (kaçak akım röleleri),"A,B,C",Görsel + Test + Ölçüm,null,Ölçülen değer,null,null,null,null,null,null,null,true,null,null,[],null,Hata akımına karşı korumalar (kaçak akım röleleri),ÜB.FR.39,R.02,12,207,"[""modul_g_tam""]",null,null
MAD-0662,662,05 - Elektrik ve Test,81-1/2+A3,Standart / ÜB.FR.39,12.10.2 | ZA: 4.2,Testler,"Motor hareket süresi sınırlayıcısı (hareket komutu varken tahrik makinasının dönmemesi veya halatların tahrik kasnağı üzerinde kaymasına neden olan bir engel) - En uzun seyir mesafesi süresi ≥ 10 sn ise, bu süre +10 saniye, - En uzun seyir mesafesi süresi 10 sn az ise, bu süre + 20 saniye, - En fazla 45 saniye, - Normal çalışmaya dönüş, ancak elle müdahale ile mümkün olmalı.","A,B",Görsel + Test,null,null,null,null,null,null,null,null,null,true,null,null,[],null,"Motor hareket süresi sınırlayıcısı (hareket komutu varken tahrik makinasının dönmemesi veya halatların tahrik kasnağı üzerinde kaymasına neden olan bir engel) - En uzun seyir mesafesi süresi ≥ 10 sn ise, bu süre +10 saniye, - En uzun seyir mesafesi süresi 10 sn az ise, bu süre + 20 saniye, - En fazla 45 saniye, - Normal çalışmaya dönüş, ancak elle müdahale ile mümkün olmalı.",ÜB.FR.39,R.02,12,208,"[""modul_g_tam""]",null,null
MAD-0663,663,05 - Elektrik ve Test,81-1/2+A3,Standart / ÜB.FR.39,"0.3.15 /13.3.6 Ek-I, 4.6 | ZA: 4.6",Testler,"Aşırı ısınma (PTC), ortam sıcaklığı (+5 °C ile +40 °C arasında)","A,B",Görsel + Test,null,null,null,null,null,null,null,null,null,true,null,null,[],null,"Aşırı ısınma (PTC), ortam sıcaklığı (+5 °C ile +40 °C arasında)",ÜB.FR.39,R.02,12,209,"[""modul_g_tam""]",null,null
MAD-0664,664,05 - Elektrik ve Test,81-1/2+A3,Standart / ÜB.FR.39,12.12 | ZA: 4.2,Testler,Otomatik seviyeleme hassasiyeti (± 2 cm),"A,B",Görsel + Test,null,null,null,null,null,null,null,null,null,true,null,null,[],null,Otomatik seviyeleme hassasiyeti (± 2 cm),ÜB.FR.39,R.02,12,210,"[""modul_g_tam""]",null,null
MAD-0665,665,05 - Elektrik ve Test,81-1/2+A3,Standart / ÜB.FR.39,9.11 | ZA: 4.2,Testler,"İstenmeyen kabin hareketine karşı koruma (UCM) - Kabin duraktan en 1,2 m’den uzaklaşmamalı, - Durak eşiği ile kabin eteğinin en alt seviyesi arasındaki düşey mesafe en fazla 200 mm - Kabin eşiğinden durak kapısı pervazına (veya tam tersine) olan mesafe en az 1 m","A,C",Görsel + Ölçüm,null,Ölçülen değer,null,null,null,null,null,null,null,true,null,null,[],null,"İstenmeyen kabin hareketine karşı koruma (UCM) - Kabin duraktan en 1,2 m’den uzaklaşmamalı, - Durak eşiği ile kabin eteğinin en alt seviyesi arasındaki düşey mesafe en fazla 200 mm - Kabin eşiğinden durak kapısı pervazına (veya tam tersine) olan mesafe en az 1 m",ÜB.FR.39,R.02,12,211,"[""modul_g_tam""]",null,null
MAD-0666,666,05 - Elektrik ve Test,81-1/2+A3,Standart / ÜB.FR.39,"13.2.1.1,2 | ZA: 4.2",Testler,"Kumanda panosundaki ana kontaktörler için; a) Alternatif akım motor kontaktörleri için: AC-3, b) Doğru akım besleme kontaktörleri için : DC-3. Yardımcı kontaktör kullanılıyorsa; a) Alternatif akım bobinlerine kumanda etmek için: AC-15, b) Doğru akım bobinlerine kumanda etmek için : DC-13.",A,Görsel,null,null,null,null,null,null,null,null,null,true,null,null,[],null,"Kumanda panosundaki ana kontaktörler için; a) Alternatif akım motor kontaktörleri için: AC-3, b) Doğru akım besleme kontaktörleri için : DC-3. Yardımcı kontaktör kullanılıyorsa; a) Alternatif akım bobinlerine kumanda etmek için: AC-15, b) Doğru akım bobinlerine kumanda etmek için : DC-13.",ÜB.FR.39,R.02,12,212,"[""modul_g_tam""]",null,null
MAD-0667,667,05 - Elektrik ve Test,81-1/2+A3,Standart / ÜB.FR.39,10.5.1 / 10.5.2.1 / 10.5.3.2 | ZA: 3.1,Testler,"Sınır güvenlik kesicileri (kabin/karşı ağırlık tamponlara değmeden çalışmalı, tüm tampon stroku boyunca devrede kalmalı, son durak durdurma tertibatıyla aynı olmamalı, çalışmasından sonra asansörün tekrar servise alınması kendiliğinden gerçekleşmemeli)","A,B",Görsel + Test,null,null,null,null,null,null,null,null,null,true,null,null,[],null,"Sınır güvenlik kesicileri (kabin/karşı ağırlık tamponlara değmeden çalışmalı, tüm tampon stroku boyunca devrede kalmalı, son durak durdurma tertibatıyla aynı olmamalı, çalışmasından sonra asansörün tekrar servise alınması kendiliğinden gerçekleşmemeli)",ÜB.FR.39,R.02,12,213,"[""modul_g_tam""]",null,null
MAD-0668,668,05 - Elektrik ve Test,81-1/2+A3,Standart / ÜB.FR.39,"Ek-I, 3.3 | ZA: 3.1",Testler,Asansör kabin ve karşı ağrılık tamponlarının varlığının denetlenmesi ve doğrulanması,"A,B",Görsel + Test,null,null,null,null,null,null,null,null,null,true,null,null,[],null,Asansör kabin ve karşı ağrılık tamponlarının varlığının denetlenmesi ve doğrulanması,ÜB.FR.39,R.02,12,214,"[""modul_g_tam""]",null,null
MAD-0669,669,05 - Elektrik ve Test,81-1/2+A3,Standart / ÜB.FR.39,"9.3 / Ek D,D.2 | ZA: 1.6 4.2",Testler,Askı halatlarının sürtünme yeteneği (karşı ağırlık tampona oturduğunda boş kabini yukarı kaldırmak mümkün olmamalı),"A,B",Görsel + Test,null,null,null,null,null,null,null,null,null,true,null,null,[],null,Askı halatlarının sürtünme yeteneği (karşı ağırlık tampona oturduğunda boş kabini yukarı kaldırmak mümkün olmamalı),ÜB.FR.39,R.02,12,215,"[""modul_g_tam""]",null,null
MAD-0670,670,05 - Elektrik ve Test,81-1/2+A3,Standart / ÜB.FR.39,"Ek D, D.2 | ZA: 1.6",Testler,"Tahrik makinasının birden fazla durma denemesi (üst katlarda, boş kabin yukarı çıkarken, alt katlarda, % 125 beyan yükü ile yüklü kabin aşağı inerken)","A,B",Görsel + Test,null,null,null,null,null,null,null,null,null,true,null,null,[],null,"Tahrik makinasının birden fazla durma denemesi (üst katlarda, boş kabin yukarı çıkarken, alt katlarda, % 125 beyan yükü ile yüklü kabin aşağı inerken)",ÜB.FR.39,R.02,12,216,"[""modul_g_tam""]",null,null
MAD-0671,671,05 - Elektrik ve Test,81-1/2+A3,Standart / ÜB.FR.39,12.6 | ZA: 4.2,Testler,Beyan hızı ölçümü (seyir ortasında aşağı yönde yarı yüklü kabinle en fazla %5 sapma),"A,C",Görsel + Ölçüm,null,Ölçülen değer,null,null,null,null,null,null,null,true,null,null,[],null,Beyan hızı ölçümü (seyir ortasında aşağı yönde yarı yüklü kabinle en fazla %5 sapma),ÜB.FR.39,R.02,12,217,"[""modul_g_tam""]",null,null
MAD-0672,672,05 - Elektrik ve Test,81-1/2+A3,Standart / ÜB.FR.39,"Ek D, D.2 | ZA: 1.6",Testler,Karşı ağırlık denge kontrolü (%50 yüklü kabin ile),"A,C",Görsel + Ölçüm,null,Ölçülen değer,null,null,null,null,null,null,null,true,null,null,[],null,Karşı ağırlık denge kontrolü (%50 yüklü kabin ile),ÜB.FR.39,R.02,12,218,"[""modul_g_tam""]",null,null
MAD-0673,673,05 - Elektrik ve Test,81-1/2+A3,Standart / ÜB.FR.39,12.4.2.4 | ZA: 4.2,Testler,"Tahrik sisteminde elle kata getirme tertibatı varsa, fren elle açılabilmeli ve kolu bırakıldığında kendiliğinden kapanmalı","A,B",Görsel + Test,null,null,null,null,null,null,null,null,null,true,null,null,[],null,"Tahrik sisteminde elle kata getirme tertibatı varsa, fren elle açılabilmeli ve kolu bırakıldığında kendiliğinden kapanmalı",ÜB.FR.39,R.02,12,219,"[""modul_g_tam""]",null,null
MAD-0674,674,05 - Elektrik ve Test,81-1/2+A3,Standart / ÜB.FR.39,12.4.2.1 | ZA: 4.2,Testler,"Elektromekanik freninin parçalarından biri devre dışı kalırsa, aşağı yönde beyan yüklü kabini durdurabilmeli","A,B",Görsel + Test,null,null,null,null,null,null,null,null,null,true,null,null,[],null,"Elektromekanik freninin parçalarından biri devre dışı kalırsa, aşağı yönde beyan yüklü kabini durdurabilmeli",ÜB.FR.39,R.02,12,220,"[""modul_g_tam""]",null,null
MAD-0675,675,05 - Elektrik ve Test,81-1/2+A3,Standart / ÜB.FR.39,"14.2.5 Ek-I, 1.4.1 | ZA: 1.4.1",Testler,"Kabin aşırı yük sisteminin kontrolü; - Beyan yükü en az 75 kg olmak kaydıyla % 10 dan fazla aşılırsa devreye girmeli, - Kabin içindekiler sesli ve/veya görünür bir sinyal ile bilgilendirilmeli, - Kapılar otomatik ise tam olarak açılmalı, - Elle çalışan kapılar kilitlenmemiş durumda kalmalı","A,B",Görsel + Test,null,null,null,null,null,null,null,null,null,true,null,null,[],null,"Kabin aşırı yük sisteminin kontrolü; - Beyan yükü en az 75 kg olmak kaydıyla % 10 dan fazla aşılırsa devreye girmeli, - Kabin içindekiler sesli ve/veya görünür bir sinyal ile bilgilendirilmeli, - Kapılar otomatik ise tam olarak açılmalı, - Elle çalışan kapılar kilitlenmemiş durumda kalmalı",ÜB.FR.39,R.02,12,221,"[""modul_g_tam""]",null,null
MAD-0676,676,05 - Elektrik ve Test,81-1/2+A3,Standart / ÜB.FR.39,9.3 | ZA: 1.6 4.2,Testler,"Kabin, beyan yükünün % 125’i ile yüklü olarak durak seviyesinde kaymadan tutulabilmeli","A,B",Görsel + Test,null,null,null,null,null,null,null,null,null,true,null,null,[],null,"Kabin, beyan yükünün % 125’i ile yüklü olarak durak seviyesinde kaymadan tutulabilmeli",ÜB.FR.39,R.02,12,222,"[""modul_g_tam""]",null,null
MAD-0677,677,05 - Elektrik ve Test,81-1/2+A3,Standart / ÜB.FR.39,"Ek D, D.2 Ek-I, 3.2 | ZA: 1.6 3.2",Testler,Kabin güvenlik tertibatı (Paraşüt freni) deneyi (%125 yüklü),"A,B",Görsel + Test,null,null,null,null,null,null,null,null,null,true,null,null,[],null,Kabin güvenlik tertibatı (Paraşüt freni) deneyi (%125 yüklü),ÜB.FR.39,R.02,12,223,"[""modul_g_tam""]",null,null
MAD-0678,678,05 - Elektrik ve Test,81-1/2+A3,Standart / ÜB.FR.39,9.8.5.1 | ZA: 1.4.4,Testler,Güvenlik tertibatının kurtarılması için ehliyetli bir kişinin müdahalesi gerekli olmalı (Kendiliğinden normal çalışmaya geçmemelidir),A,Görsel,null,null,null,null,null,null,null,null,null,true,null,null,[],null,Güvenlik tertibatının kurtarılması için ehliyetli bir kişinin müdahalesi gerekli olmalı (Kendiliğinden normal çalışmaya geçmemelidir),ÜB.FR.39,R.02,12,224,"[""modul_g_tam""]",null,null
MAD-0679,679,05 - Elektrik ve Test,81-1/2+A3,Standart / ÜB.FR.39,9.8.5.2 | ZA: 1.4.4,Testler,"Bir güvenlik tertibatının kurtarılması ve otomatik olarak işletmeye hazır konuma gelmesi ancak, kabini veya karşı ağırlığını yukarı yönde hareket ettirmekle mümkün olmalı","A,B",Görsel + Test,null,null,null,null,null,null,null,null,null,true,null,null,[],null,"Bir güvenlik tertibatının kurtarılması ve otomatik olarak işletmeye hazır konuma gelmesi ancak, kabini veya karşı ağırlığını yukarı yönde hareket ettirmekle mümkün olmalı",ÜB.FR.39,R.02,12,225,"[""modul_g_tam""]",null,null
MAD-0680,680,05 - Elektrik ve Test,81-1/2+A3,Standart / ÜB.FR.39,"Ek D, D.2 | ZA: 1.6",Testler,Kabin güvenlik tertibatı (Paraşüt freni) deneyi sonrası normal çalışmayı engelleyen bozulma olmamalı,A,Görsel,null,null,null,null,null,null,null,null,null,true,null,null,[],null,Kabin güvenlik tertibatı (Paraşüt freni) deneyi sonrası normal çalışmayı engelleyen bozulma olmamalı,ÜB.FR.39,R.02,12,226,"[""modul_g_tam""]",null,null
MAD-0681,681,05 - Elektrik ve Test,81-1/2+A3,Standart / ÜB.FR.39,13.1.3 | ZA: 4.2,Testler,İzolasyon (Yalıtım direnci) testi (gerilim taşıyan her iletken ile toprak arasında ölçülmeli),"A,C",Görsel + Ölçüm,null,Yalıtım direnci,null,null,null,null,null,null,null,true,null,null,[],null,İzolasyon (Yalıtım direnci) testi (gerilim taşıyan her iletken ile toprak arasında ölçülmeli),ÜB.FR.39,R.02,12,227,"[""modul_g_tam""]",null,null
MAD-0682,682,05 - Elektrik ve Test,81-1/2+A3,Standart / ÜB.FR.39,"📘 Kısa Teknik Açıklamalar 1.4.1 / 1.4.4 → Mekanik ve yapısal güvenlik testleri; düşme, çarpma ve sınır kesici işlevlerinin doğrulanması. 1.6 → Elektrikli teçhizat, kumanda devreleri ve güvenlik zinciri testleri (EN 60204-1 referanslı). 3.1 / 3.2 → Acil durum işletmesi, kurtarma tertibatı ve duruş/kontrol doğruluk testleri. 4.2 → Bakım ve muayene personelinin test sürecinde korunması, test sırasında erişim güvenliği. 4.4 → Deneylerin yürütülmesi, kayıt altına alınması ve onaylanması aşamalarındaki güvenlik gerekleri. 4.6 → Fonksiyonel emniyet testleri: güvenlik tertibatlarının, paraşütlerin, sınır kesicilerin ve acil durdurma devrelerinin çalışmasının doğrulanması. | ZA: 📘 Kısa Teknik Açıklamalar 1.4.1 / 1.4.4 → Mekanik ve yapısal güvenlik testleri; düşme, çarpma ve sınır kesici işlevlerinin doğrulanması. 1.6 → Elektrikli teçhizat, kumanda devreleri ve güvenlik zinciri testleri (EN 60204-1 referanslı). 3.1 / 3.2 → Acil durum işletmesi, kurtarma tertibatı ve duruş/kontrol doğruluk testleri. 4.2 → Bakım ve muayene personelinin test sürecinde korunması, test sırasında erişim güvenliği. 4.4 → Deneylerin yürütülmesi, kayıt altına alınması ve onaylanması aşamalarındaki güvenlik gerekleri. 4.6 → Fonksiyonel emniyet testleri: güvenlik tertibatlarının, paraşütlerin, sınır kesicilerin ve acil durdurma devrelerinin çalışmasının doğrulanması.",Testler,"📘 Kısa Teknik Açıklamalar 1.4.1 / 1.4.4 → Mekanik ve yapısal güvenlik testleri; düşme, çarpma ve sınır kesici işlevlerinin doğrulanması. 1.6 → Elektrikli teçhizat, kumanda devreleri ve güvenlik zinciri testleri (EN 60204-1 referanslı). 3.1 / 3.2 → Acil durum işletmesi, kurtarma tertibatı ve duruş/kontrol doğruluk testleri. 4.2 → Bakım ve muayene personelinin test sürecinde korunması, test sırasında erişim güvenliği. 4.4 → Deneylerin yürütülmesi, kayıt altına alınması ve onaylanması aşamalarındaki güvenlik gerekleri. 4.6 → Fonksiyonel emniyet testleri: güvenlik tertibatlarının, paraşütlerin, sınır kesicilerin ve acil durdurma devrelerinin çalışmasının doğrulanması.","📘KısaTeknikAçıklamalar1.4.1/1.4.4→Mekanikveyapısalgüvenliktestleri;düşme,çarpmavesınırkesiciişlevlerinindoğrulanması.1.6→Elektrikliteçhizat,kumandadevrelerivegüvenlikzinciritestleri(EN60204-1referanslı).3.1/3.2→Acildurumişletmesi,kurtarmatertibatıveduruş/kontroldoğruluktestleri.4.2→Bakımvemuayenepersonelinintestsürecindekorunması,testsırasındaerişimgüvenliği.4.4→Deneylerinyürütülmesi,kayıtaltınaalınmasıveonaylanmasıaşamalarındakigüvenlikgerekleri.4.6→Fonksiyonelemniyettestleri:güvenliktertibatlarının,paraşütlerin,sınırkesicilerinveacildurdurmadevrelerininçalışmasınındoğrulanması.",null,null,null,null,null,null,null,null,null,null,false,null,null,[],null,null,null,null,null,null,"[""modul_g_tam""]",null,null
MAD-0683,683,05 - Elektrik ve Test,81-1/2+A3,Standart / ÜB.FR.39,12.2.4.2 | ZA: 4.2,Hidrolik Kontrol ve Testleri,Silindir kafasından kaçak ve sızan hidrolik sıvısı toplanmalıdır.,A,Görsel,null,null,null,null,null,Hidrolik,null,null,null,true,null,null,[],null,Silindir kafasından kaçak ve sızan hidrolik sıvısı toplanmalıdır.,ÜB.FR.39,R.02,12,230,"[""modul_g_tam""]",null,null
MAD-0684,684,05 - Elektrik ve Test,81-1/2+A3,Standart / ÜB.FR.39,12.13 | ZA: 4.2,Hidrolik Kontrol ve Testleri,Halat gevşeme tehlikesi için bir elektrikli güvenlik tertibatı,A,Görsel,null,null,null,null,null,Hidrolik,null,null,null,true,null,null,[],null,Halat gevşeme tehlikesi için bir elektrikli güvenlik tertibatı,ÜB.FR.39,R.02,12,231,"[""modul_g_tam""]",null,null
MAD-0685,685,05 - Elektrik ve Test,81-1/2+A3,Standart / ÜB.FR.39,"9.9 | ZA: 1.4.2, 4.2",Hidrolik Kontrol ve Testleri,"Serbest düşmeye, kaymaya ve aşırı hızlanmaya karşı koruma tertibatı (kenetleme)","A,B",Görsel + Test,null,null,null,null,null,Hidrolik,null,null,null,true,null,null,[],null,"Serbest düşmeye, kaymaya ve aşırı hızlanmaya karşı koruma tertibatı (kenetleme)",ÜB.FR.39,R.02,12,232,"[""modul_g_tam""]",null,null
MAD-0686,686,05 - Elektrik ve Test,81-1/2+A3,Standart / ÜB.FR.39,"12.2.3.1 | ZA: 1.6, 4.2",Hidrolik Kontrol ve Testleri,"Pistonu, tampon etkisiyle durduracak vasıtalar mevcut olmalı","A,B",Görsel + Test,null,null,null,null,null,Hidrolik,null,null,null,true,null,null,[],null,"Pistonu, tampon etkisiyle durduracak vasıtalar mevcut olmalı",ÜB.FR.39,R.02,12,233,"[""modul_g_tam""]",null,null
MAD-0687,687,05 - Elektrik ve Test,81-1/2+A3,Standart / ÜB.FR.39,"5.7.1.1 e | ZA: 1.2.1, 4.2",Hidrolik Kontrol ve Testleri,"Kuyu tavanın en kısa kısımları ile pistonun en yüksek parçaları arasında en az 0,10 m","A,C",Görsel + Ölçüm,null,Ölçülen değer,null,null,null,Hidrolik,null,0.1,>=,true,null,null,[],null,"Kuyu tavanın en kısa kısımları ile pistonun en yüksek parçaları arasında en az 0,10 m",ÜB.FR.39,R.02,12,234,"[""modul_g_tam""]",null,null
MAD-0688,688,05 - Elektrik ve Test,81-1/2+A3,Standart / ÜB.FR.39,"12.5.5.2 | ZA: 1.6, 4.2",Hidrolik Kontrol ve Testleri,"Boru kırılma/debi kısıtlayıcı, ayarlama ve muayene için erişilebilir olmalı","A,B",Görsel + Test,null,null,null,null,null,Hidrolik,null,null,null,true,null,null,[],null,"Boru kırılma/debi kısıtlayıcı, ayarlama ve muayene için erişilebilir olmalı",ÜB.FR.39,R.02,12,235,"[""modul_g_tam""]",null,null
MAD-0689,689,05 - Elektrik ve Test,81-1/2+A3,Standart / ÜB.FR.39,"12.3.1.2 | ZA: 1.6, 4.2",Hidrolik Kontrol ve Testleri,"Borular, duvar/döşeme içinden geçiyorsa, muayene için sökülebilir koruyucu kafes",A,Görsel,null,null,null,null,null,Hidrolik,null,null,null,true,null,null,[],null,"Borular, duvar/döşeme içinden geçiyorsa, muayene için sökülebilir koruyucu kafes",ÜB.FR.39,R.02,12,236,"[""modul_g_tam""]",null,null
MAD-0690,690,05 - Elektrik ve Test,81-1/2+A3,Standart / ÜB.FR.39,"12.3.3.3 | ZA: 1.6, 4.2",Hidrolik Kontrol ve Testleri,"Hortum üzeri (imalatçı adı-markası, deney basıncı, silinmeyecek şekilde deney tarihi)","A,E",Görsel + Talimat/İşaret,null,null,null,null,null,Hidrolik,null,null,null,true,null,null,[],null,"Hortum üzeri (imalatçı adı-markası, deney basıncı, silinmeyecek şekilde deney tarihi)",ÜB.FR.39,R.02,12,237,"[""modul_g_tam""]",null,null
MAD-0691,691,05 - Elektrik ve Test,81-1/2+A3,Standart / ÜB.FR.39,"12.5.4 | ZA: 1.6, 4.2",Hidrolik Kontrol ve Testleri,Aşağı yön vanaları ve yukarı yön vanaları,A,Görsel,null,null,null,null,null,Hidrolik,null,null,null,true,null,null,[],null,Aşağı yön vanaları ve yukarı yön vanaları,ÜB.FR.39,R.02,12,238,"[""modul_g_tam""]",null,null
MAD-0692,692,05 - Elektrik ve Test,81-1/2+A3,Standart / ÜB.FR.39,12.5.2 | ZA: 4.4,Hidrolik Kontrol ve Testleri,Geri dönüşsüz/aşağı yön vanası ile kapama vanası arasında basınçölçer (manometre),"A,B",Görsel + Test,null,null,null,null,null,Hidrolik,null,null,null,true,null,null,[],null,Geri dönüşsüz/aşağı yön vanası ile kapama vanası arasında basınçölçer (manometre),ÜB.FR.39,R.02,12,239,"[""modul_g_tam""]",null,null
MAD-0693,693,05 - Elektrik ve Test,81-1/2+A3,Standart / ÜB.FR.39,12.7 / 15.18 | ZA: 4.2,Hidrolik Kontrol ve Testleri,"Tank (hidrolik seviyesi kontrolü ve sıvı özellikleri plakası, tahliye vanası)","A,E",Görsel + Talimat/İşaret,null,null,null,null,null,Hidrolik,null,null,null,true,null,null,[],null,"Tank (hidrolik seviyesi kontrolü ve sıvı özellikleri plakası, tahliye vanası)",ÜB.FR.39,R.02,12,240,"[""modul_g_tam""]",null,null
MAD-0694,694,05 - Elektrik ve Test,81-1/2+A3,Standart / ÜB.FR.39,12.9.1.1 | ZA: 4.2,Hidrolik Kontrol ve Testleri,Makine alanında bulunan aşağı yön acil indirme vanası (elle kumanda edilmeli),"A,B",Görsel + Test,null,null,null,null,null,Hidrolik,null,null,null,true,null,null,[],null,Makine alanında bulunan aşağı yön acil indirme vanası (elle kumanda edilmeli),ÜB.FR.39,R.02,12,241,"[""modul_g_tam""]",null,null
MAD-0695,695,05 - Elektrik ve Test,81-1/2+A3,Standart / ÜB.FR.39,12.9.1.3 12.9.1.4 | ZA: 4.2,Hidrolik Kontrol ve Testleri,"Acil indirme valfi, sürekli manuel kuvvet uygulanmasını gerektirmeli ve istem dışı çalışmaya karşı korunmuş olmalı","A,B",Görsel + Test,null,null,null,null,null,Hidrolik,null,null,null,true,null,null,[],null,"Acil indirme valfi, sürekli manuel kuvvet uygulanmasını gerektirmeli ve istem dışı çalışmaya karşı korunmuş olmalı",ÜB.FR.39,R.02,12,242,"[""modul_g_tam""]",null,null
MAD-0696,696,05 - Elektrik ve Test,81-1/2+A3,Standart / ÜB.FR.39,"15.15 | ZA: 1.6, 4.2",Hidrolik Kontrol ve Testleri,Acil indirme vanası yanında/üzerinde “Dikkat – Acil durum aşağı doğru hareket” uyarısı,"A,E",Görsel + Talimat/İşaret,null,null,null,null,null,Hidrolik,null,null,null,true,null,null,[],null,Acil indirme vanası yanında/üzerinde “Dikkat – Acil durum aşağı doğru hareket” uyarısı,ÜB.FR.39,R.02,12,243,"[""modul_g_tam""]",null,null
MAD-0697,697,05 - Elektrik ve Test,81-1/2+A3,Standart / ÜB.FR.39,"15.15 | ZA: 1.6, 4.2",Hidrolik Kontrol ve Testleri,Yukarı yön el pompası ve tahliye vanası (nasıl bağlanacağı hakkında açık gösterimler),"A,E",Görsel + Talimat/İşaret,null,null,null,null,null,Hidrolik,null,null,null,true,null,null,[],null,Yukarı yön el pompası ve tahliye vanası (nasıl bağlanacağı hakkında açık gösterimler),ÜB.FR.39,R.02,12,244,"[""modul_g_tam""]",null,null
MAD-0698,698,05 - Elektrik ve Test,81-1/2+A3,Standart / ÜB.FR.39,"15.16 | ZA: 1.6, 4.2",Hidrolik Kontrol ve Testleri,El pompasının yanında/üzerinde “Dikkat – Acil durum yukarı doğru hareket” uyarısı,"A,E",Görsel + Talimat/İşaret,null,null,null,null,null,Hidrolik,null,null,null,true,null,null,[],null,El pompasının yanında/üzerinde “Dikkat – Acil durum yukarı doğru hareket” uyarısı,ÜB.FR.39,R.02,12,245,"[""modul_g_tam""]",null,null
MAD-0699,699,05 - Elektrik ve Test,81-1/2+A3,Standart / ÜB.FR.39,12.14 | ZA: 4.2,Hidrolik Kontrol ve Testleri,Sıcaklık detektörü (makinanın hareket etmesini engellemeli),A,Görsel,null,null,null,null,null,Hidrolik,null,null,null,true,null,null,[],null,Sıcaklık detektörü (makinanın hareket etmesini engellemeli),ÜB.FR.39,R.02,12,246,"[""modul_g_tam""]",null,null
MAD-0700,700,05 - Elektrik ve Test,81-1/2+A3,Standart / ÜB.FR.39,10.5.3.2 | ZA: 3.1,Hidrolik Kontrol ve Testleri,Sınır güvenlik kesicilerinin uygunluğu (kararlı olmalı),"A,B",Görsel + Test,null,null,null,null,null,Hidrolik,null,null,null,true,null,null,[],null,Sınır güvenlik kesicilerinin uygunluğu (kararlı olmalı),ÜB.FR.39,R.02,12,247,"[""modul_g_tam""]",null,null
MAD-0701,701,05 - Elektrik ve Test,81-1/2+A3,Standart / ÜB.FR.39,10.5.2.3 | ZA: 3.1,Hidrolik Kontrol ve Testleri,Sınır güvenlik kesicileri doğrudan piston/pistona bağlanmış bir tertibatla devreye girmeli,A,Görsel,null,null,null,null,null,Hidrolik,null,null,null,true,null,null,[],null,Sınır güvenlik kesicileri doğrudan piston/pistona bağlanmış bir tertibatla devreye girmeli,ÜB.FR.39,R.02,12,248,"[""modul_g_tam""]",null,null
MAD-0702,702,05 - Elektrik ve Test,81-1/2+A3,Standart / ÜB.FR.39,"14.2.1.5 a | ZA: 1.4.1, 4.2",Hidrolik Kontrol ve Testleri,"Elektrikli kayma düzeltme sistem varsa, kabinin 15 dk. İçinde otomatik son durağa inmesi",A,Görsel,null,null,null,null,null,Hidrolik,null,null,null,true,null,null,[],null,"Elektrikli kayma düzeltme sistem varsa, kabinin 15 dk. İçinde otomatik son durağa inmesi",ÜB.FR.39,R.02,12,249,"[""modul_g_tam""]",null,null
MAD-0703,703,05 - Elektrik ve Test,81-1/2+A3,Standart / ÜB.FR.39,"12.8.1 | ZA: 1.6, 4.2",Hidrolik Kontrol ve Testleri,"Yukarı yön beyan hızı ve aşağı yön beyan hızı 1,0 m/s’den büyük olmamalı",A,Görsel,null,null,null,null,null,Hidrolik,null,null,null,true,null,null,[],null,"Yukarı yön beyan hızı ve aşağı yön beyan hızı 1,0 m/s’den büyük olmamalı",ÜB.FR.39,R.02,12,250,"[""modul_g_tam""]",null,null
MAD-0704,704,05 - Elektrik ve Test,81-1/2+A3,Standart / ÜB.FR.39,"12.8.2 | ZA: 1.6, 4.2",Hidrolik Kontrol ve Testleri,"Boş kabinin yukarı yön ve tam yüklü aşağı yön hızı, beyan hızının % 8’den fazla olmamalı",A,Görsel,null,null,null,null,null,Hidrolik,null,null,null,true,null,null,[],null,"Boş kabinin yukarı yön ve tam yüklü aşağı yön hızı, beyan hızının % 8’den fazla olmamalı",ÜB.FR.39,R.02,12,251,"[""modul_g_tam""]",null,null
MAD-0705,705,05 - Elektrik ve Test,81-1/2+A3,Standart / ÜB.FR.39,"9.9.1 | ZA: 1.4.2, 4.2",Hidrolik Kontrol ve Testleri,"Kenetleme tertibatı varsa, yalnız aşağı yönünde etkili olmalı ve beyan yüklü kabini: a) Debi sınırlama valfi/tek yönlü debi sınırlama valfi varsa, vd + 0,3 m/s hızında veya; b) Boru kırılma valfi varsa vd‘nin %115’ine eşit bir hızda frenleyebilmeli ve sabit tutmalı","A,B",Görsel + Test,null,null,null,null,null,Hidrolik,null,null,null,true,null,null,[],null,"Kenetleme tertibatı varsa, yalnız aşağı yönünde etkili olmalı ve beyan yüklü kabini: a) Debi sınırlama valfi/tek yönlü debi sınırlama valfi varsa, vd + 0,3 m/s hızında veya; b) Boru kırılma valfi varsa vd‘nin %115’ine eşit bir hızda frenleyebilmeli ve sabit tutmalı",ÜB.FR.39,R.02,12,252,"[""modul_g_tam""]",null,null
MAD-0706,706,05 - Elektrik ve Test,81-1/2+A3,Standart / ÜB.FR.39,"12.5.5.1 | ZA: 1.6, 4.2",Hidrolik Kontrol ve Testleri,"Boru kırılma vanası deneyi; Boru kırılma valfi, aşağı yönde hareket eden kabini durdurabilmeli ve hareketsiz tutabilmeli, en geç vd’ye, 0,3 m/s ilâvesiyle bulunan hızda devreye girmeli","A,B",Görsel + Test,null,null,null,null,null,Hidrolik,null,null,null,true,null,null,[],null,"Boru kırılma vanası deneyi; Boru kırılma valfi, aşağı yönde hareket eden kabini durdurabilmeli ve hareketsiz tutabilmeli, en geç vd’ye, 0,3 m/s ilâvesiyle bulunan hızda devreye girmeli",ÜB.FR.39,R.02,12,253,"[""modul_g_tam""]",null,null
MAD-0707,707,05 - Elektrik ve Test,81-1/2+A3,Standart / ÜB.FR.39,"Ek D, D.2, t | ZA: 1.6",Hidrolik Kontrol ve Testleri,"Basınç deneyi; Geri dönüşsüz vana ile hidrolik kaldırma ünitesi arasındaki hidrolik sisteme, tam yük basıncının % 200’ü bir basınç uygulanır. Bundan sonra 5 dakika süre ile sistemde basınç düşmesi ve hidrolik kaçağı olup olmadığı gözlenir. (Görsel muayene)","A,B",Görsel + Test,null,null,null,null,null,Hidrolik,null,null,null,true,null,null,[],null,"Basınç deneyi; Geri dönüşsüz vana ile hidrolik kaldırma ünitesi arasındaki hidrolik sisteme, tam yük basıncının % 200’ü bir basınç uygulanır. Bundan sonra 5 dakika süre ile sistemde basınç düşmesi ve hidrolik kaçağı olup olmadığı gözlenir. (Görsel muayene)",ÜB.FR.39,R.02,12,254,"[""modul_g_tam""]",null,null
MAD-0708,708,05 - Elektrik ve Test,81-1/2+A3,Standart / ÜB.FR.39,"12.5.5.1 | ZA: 1.6, 4.2",Hidrolik Kontrol ve Testleri,"Boru kırılma vanası, aşağı yönde kabini en fazla beyan hızı+0,3m/s’de durdurmalı","A,B",Görsel + Test,null,null,null,null,null,Hidrolik,null,null,null,true,null,null,[],null,"Boru kırılma vanası, aşağı yönde kabini en fazla beyan hızı+0,3m/s’de durdurmalı",ÜB.FR.39,R.02,12,255,"[""modul_g_tam""]",null,null
MAD-0709,709,05 - Elektrik ve Test,81-1/2+A3,Standart / ÜB.FR.39,12.5.3.2 | ZA: 4.4,Hidrolik Kontrol ve Testleri,"Basınç tahliye vanası, tam yük basıncının %140’ına sınırlanacak şekilde ayarlanmalı","A,B",Görsel + Test,null,null,null,null,null,Hidrolik,null,null,null,true,null,null,[],null,"Basınç tahliye vanası, tam yük basıncının %140’ına sınırlanacak şekilde ayarlanmalı",ÜB.FR.39,R.02,12,256,"[""modul_g_tam""]",null,null
MAD-0710,710,05 - Elektrik ve Test,81-1/2+A3,Standart / ÜB.FR.39,12.9.3 | ZA: 4.2,Hidrolik Kontrol ve Testleri,"Asansör iki duraktan fazlaysa, elektrik besleme devresinden bağımsız bir tertibatla kabinin kilit açılma bölgesi içinde olup olmadığı kontrol edilebilmelidir",A,Görsel,null,null,null,null,null,Hidrolik,null,null,null,true,null,null,[],null,"Asansör iki duraktan fazlaysa, elektrik besleme devresinden bağımsız bir tertibatla kabinin kilit açılma bölgesi içinde olup olmadığı kontrol edilebilmelidir",ÜB.FR.39,R.02,12,257,"[""modul_g_tam""]",null,null
MAD-0711,711,05 - Elektrik ve Test,81-1/2+A3,Standart / ÜB.FR.39,"Ek D, D.2, u | ZA: 1.6",Hidrolik Kontrol ve Testleri,Kayma deneyi (beyan yükle en üst durakta duran kabinin 10 dakika içinde aşağı doğru 10 mm’den fazla kaymadığı kontrol edilmeli),"A,C",Görsel + Ölçüm,null,Ölçülen değer,null,null,null,Hidrolik,null,null,null,true,null,null,[],null,Kayma deneyi (beyan yükle en üst durakta duran kabinin 10 dakika içinde aşağı doğru 10 mm’den fazla kaymadığı kontrol edilmeli),ÜB.FR.39,R.02,12,258,"[""modul_g_tam""]",null,null
MAD-0712,712,05 - Elektrik ve Test,81-1/2+A3,Standart / ÜB.FR.39,"📘 Kısa Teknik Açıklamalar 1.2.1 → Kuyu ve makine erişim alanlarının hidrolik ekipmanla birlikte güvenli tasarımı. 1.4 / 1.4.1 / 1.4.2 → Mekanik hareket riski, silindir ve valf sistemlerinde sıkışma tehlikesi ve yapısal koruma. 1.6 → Hidrolik güç ünitesi, valf grupları, hortumlar, tank ve elektrikli kumanda devrelerinin emniyeti. 3.1 → Acil durum ve manuel indirme testleri (kurtarma işletmesi). 4.2 → Bakım ve muayene personelinin test sırasında korunması; basınç ve hareketli elemanlara temasın önlenmesi. 4.4 → Deney prosedürleri, sızdırmazlık ve basınç testlerinin güvenli yürütülmesi. | ZA: 📘 Kısa Teknik Açıklamalar 1.2.1 → Kuyu ve makine erişim alanlarının hidrolik ekipmanla birlikte güvenli tasarımı. 1.4 / 1.4.1 / 1.4.2 → Mekanik hareket riski, silindir ve valf sistemlerinde sıkışma tehlikesi ve yapısal koruma. 1.6 → Hidrolik güç ünitesi, valf grupları, hortumlar, tank ve elektrikli kumanda devrelerinin emniyeti. 3.1 → Acil durum ve manuel indirme testleri (kurtarma işletmesi). 4.2 → Bakım ve muayene personelinin test sırasında korunması; basınç ve hareketli elemanlara temasın önlenmesi. 4.4 → Deney prosedürleri, sızdırmazlık ve basınç testlerinin güvenli yürütülmesi.",Hidrolik Kontrol ve Testleri,"📘 Kısa Teknik Açıklamalar 1.2.1 → Kuyu ve makine erişim alanlarının hidrolik ekipmanla birlikte güvenli tasarımı. 1.4 / 1.4.1 / 1.4.2 → Mekanik hareket riski, silindir ve valf sistemlerinde sıkışma tehlikesi ve yapısal koruma. 1.6 → Hidrolik güç ünitesi, valf grupları, hortumlar, tank ve elektrikli kumanda devrelerinin emniyeti. 3.1 → Acil durum ve manuel indirme testleri (kurtarma işletmesi). 4.2 → Bakım ve muayene personelinin test sırasında korunması; basınç ve hareketli elemanlara temasın önlenmesi. 4.4 → Deney prosedürleri, sızdırmazlık ve basınç testlerinin güvenli yürütülmesi.","📘KısaTeknikAçıklamalar1.2.1→Kuyuvemakineerişimalanlarınınhidrolikekipmanlabirliktegüvenlitasarımı.1.4/1.4.1/1.4.2→Mekanikhareketriski,silindirvevalfsistemlerindesıkışmatehlikesiveyapısalkoruma.1.6→Hidrolikgüçünitesi,valfgrupları,hortumlar,tankveelektriklikumandadevrelerininemniyeti.3.1→Acildurumvemanuelindirmetestleri(kurtarmaişletmesi).4.2→Bakımvemuayenepersonelinintestsırasındakorunması;basınçvehareketlielemanlaratemasınönlenmesi.4.4→Deneyprosedürleri,sızdırmazlıkvebasınçtestleriningüvenliyürütülmesi.",null,null,null,null,null,null,Hidrolik,null,null,null,false,null,null,[],null,null,null,null,null,null,"[""modul_g_tam""]",null,null
MAD-0713,713,07 - TS EN 81-72 İtfaiyeci Asansörü,81-72,Standart / ÜB.FR.40,5.1.1.,İtfaiyeci asansörü durak kapısı önünde güvenli alan ve yangın kapısı,Kuyuda yer alan itfaiyeci asansörünün her durak kapısı önünde güvenli alan ve yangına dayanıklı kepenk/yangın kapısı bulunduğunu kontrol edin.,"A,B,C,D",Görsel + Test + Ölçüm + Çizim/Hesap,null,Ölçülen değer,null,null,null,null,null,null,null,true,null,null,[],null,"Kuyuda yer alan itfaiyeci asansörünün, yangın söndürme çalışmaları için kullanılan her durak kapısının önünde güvenli alanı bulunmalıdır. Her durak kapısının önünde bulunan güvenli alanında, yangına dayanıklı kepenk veya yangın kapısı bulunmalıdır.",ÜB.FR.40,R.04,null,null,"[""modul_g_tam""]",null,null
MAD-0714,714,07 - TS EN 81-72 İtfaiyeci Asansörü,81-72,Standart / ÜB.FR.40,5.1.1.,Yangın güvenlik holü boyutları,Yangın güvenlik holünün her katta 6-10 m² arasında ve hiçbir boyutu 2 m altında olmadığını ölçün.,"A,C,D",Görsel + Ölçüm + Çizim/Hesap,null,Genişlik,null,Derinlik,null,null,null,null,null,true,null,null,[],null,"Acil durum asansörleri önünde, aynı zamanda kaçış merdivenine de geçiş sağlayacak şekilde, her katta 6 m2’den az, 10 m2’den çok ve herhangi bir boyutu 2 m’den az olmayacak yangın güvenlik holü olmalıdır.",ÜB.FR.40,R.04,null,null,"[""modul_g_tam""]",null,null
MAD-0715,715,07 - TS EN 81-72 İtfaiyeci Asansörü,81-72,Standart / ÜB.FR.40,5.1.2.,Aynı kuyuda azami kabin sayısı ve ayırma,Aynı kuyuda 3'ten fazla kabin olmadığını; 4 kabin varsa ikişerli gruplar arasında 60 dakika yangına dayanıklı ayırma olduğunu kontrol edin.,"A,B,C,D",Görsel + Test + Ölçüm + Çizim/Hesap,null,Ölçülen değer,null,null,null,null,null,null,null,true,null,null,[],null,"Aynı kuyu içinde 3’den fazla asansör kabini düzenlenemez. 4 asansör kabini düzenlendiği takdirde, ikişerli gruplar halinde araları yangına 60 dakika dayanıklı bir malzeme ile ayrılır.",ÜB.FR.40,R.04,null,null,"[""modul_g_tam""]",null,null
MAD-0716,716,07 - TS EN 81-72 İtfaiyeci Asansörü,81-72,Standart / ÜB.FR.40,5.1.3.,Ortak kuyunun yangına dayanıklılık gerekliliği,Ortak kuyudaki diğer asansörlerin de itfaiyeci asansörü kuyusunun yangına dayanıklılık gerekliliklerini karşıladığını ve yangın sinyali sıfırlanana kadar diğer çağrıların yok sayıldığını doğrulayın.,"A,B,C,D",Görsel + Test + Ölçüm + Çizim/Hesap,null,Ölçülen değer,null,null,null,null,null,null,null,true,null,null,[],null,"Aynı kuyuda başka asansörler de varsa, ortak kuyunun tamamı, itfaiyeci asansörü kuyularının yangına dayanıklılık gerekliliklerini karşılamalıdır.Yangın sinyali sıfırlanana kadar, diğer çağırma araçlarından gelen sinyaller yok sayılmalıdır.(durak çağrıları)",ÜB.FR.40,R.04,null,null,"[""modul_g_tam""]",null,null
MAD-0717,717,07 - TS EN 81-72 İtfaiyeci Asansörü,81-72,Standart / ÜB.FR.40,5.1.3.,Diğer asansörlerin arızasının itfaiyeci asansörünü etkilememesi,Ortak kuyudaki diğer asansörün arızasının itfaiyeci asansörünün işlevini olumsuz etkilemediğini test edin.,"A,B,C,D",Görsel + Test + Ölçüm + Çizim/Hesap,null,Ölçülen değer,null,null,null,null,null,null,null,true,null,null,[],null,"Aynı kuyuda başka asansörler de varsa diğer asansörlerin çalışır durumda kalması gerekli değildir, ancak başka asansörün kusurlu çalışmasının, itfaiyeci asansörünün işlevini olumsuz etkilememesi sağlanmalıdır.",ÜB.FR.40,R.04,null,null,"[""modul_g_tam""]",null,null
MAD-0718,718,07 - TS EN 81-72 İtfaiyeci Asansörü,81-72,Standart / ÜB.FR.40,5.1.5.,İkincil güç beslemesi şartı,İtfaiyeci asansörünün ikincil bir güç beslemesine sahip olduğunu doğrulayın.,null,null,null,null,null,null,null,null,null,null,null,true,null,null,[],null,"İtfaiyeci asansörü, ikincil bir güç beslemesine sahip olmalıdır.",ÜB.FR.40,R.04,null,null,"[""modul_g_tam""]",null,null
MAD-0719,719,07 - TS EN 81-72 İtfaiyeci Asansörü,81-72,Standart / ÜB.FR.40,5.1.6.,Güç besleme kablosunun yangına dayanıklılığı,Güç besleme kablolarının en az 60 dakika yangına dayanıklı korumaya sahip olduğunu belgeden doğrulayın.,"A,B,C,D",Görsel + Test + Ölçüm + Çizim/Hesap,null,Ölçülen değer,null,null,null,null,null,null,null,true,null,null,[],null,İtfaiyeci asansörünün elektrik güç besleme kablosu/kabloları yangına karşı korunaklı olmalıdır. (en az 60 dakika dayanıklı olması),ÜB.FR.40,R.04,null,null,"[""modul_g_tam""]",null,null
MAD-0720,720,07 - TS EN 81-72 İtfaiyeci Asansörü,81-72,Standart / ÜB.FR.40,5.1.7.,İkincil güç kaynağının yangın korumalı alanda olması,İkincil güç beslemesi ve otomatik anahtarlama kaynağının yangın korumalı bir alanda yer aldığını kontrol edin.,"A,B,C,D",Görsel + Test + Ölçüm + Çizim/Hesap,null,Ölçülen değer,null,null,null,null,null,null,null,true,null,null,[],null,"İkincil güç beslemesi ve otomatik anahtarlama düzeninin kaynağı, yangın korumalı bir alanda yer almalıdır.",ÜB.FR.40,R.04,null,null,"[""modul_g_tam""]",null,null
MAD-0721,721,07 - TS EN 81-72 İtfaiyeci Asansörü,81-72,Standart / ÜB.FR.40,(devam),İkincil güç beslemesinin çalışma süresi ve kapsamı,"İkincil güç beslemesinin beyan yükü/hızında yangına dayanıklılık süresi boyunca çalıştığını, kabin/kuyu aydınlatmasını da beslediğini ve otomatik devreye giren jeneratöre bağlı olduğunu doğrulayın.","A,B,C,D",Görsel + Test + Ölçüm + Çizim/Hesap,null,Ölçülen değer,null,null,null,null,null,null,null,true,null,null,[],null,"İkincil güç beslemesi, itfaiyeci asansörünü beyan yükünde ve beyan hızında, yangına dayanıklılık süresine denk süre boyunca çalıştırılabilmelidir. Kabin ve kuyu aydınlatması için güç, ikincil güç beslemesi tarafından sağlanmalıdır. (enerji kesilmesi hâlinde, otomatik olarak devreye girecek özellikte ve 60 dakika çalışır durumda kalmasını sağlayacak bir acil durum jenaratörüne bağlı bulunması gerekir.)",ÜB.FR.40,R.04,null,null,"[""modul_g_tam""]",null,null
MAD-0722,722,07 - TS EN 81-72 İtfaiyeci Asansörü,81-72,Standart / ÜB.FR.40,(devam),Makina dairesinin ayrı olması ve kuyu basınçlandırması,Acil durum asansörünün makina dairesinin ayrı olduğunu ve asansör kuyusunun basınçlandırıldığını kontrol edin.,"A,B,C,D,E",Görsel + Test + Ölçüm + Çizim/Hesap + Talimat/İşaret,null,Ölçülen değer,null,null,null,null,null,null,null,true,null,null,[],null,Acil durum asansörünün makina dairesi ayrı olmalı ve asansör kuyusu basınçlandırılmalıdır.,ÜB.FR.40,R.04,null,null,"[""modul_g_tam""]",null,null
MAD-0723,723,07 - TS EN 81-72 İtfaiyeci Asansörü,81-72,Standart / ÜB.FR.40,5.1.8.,Basınçlandırma sisteminin ses seviyesi,"Basınçlandırma sistemi sesinin, kabindeki mikrofonlardan 0,5 m mesafede ve acil durum/test panosunda 80 dB(A)'yı aşmadığını ölçün.","A,B,C,D,E",Görsel + Test + Ölçüm + Çizim/Hesap + Talimat/İşaret,null,Ses Seviyesi,null,null,null,null,null,null,null,true,null,null,[],null,"Basınçlandırma sistemindeki ses basınç seviyesi, asansör aşama 2 deyken kabindeki mikrofonlardan 0,5 m mesafedeki konumlarda, itfaiye hizmeti erişim seviyesinde, acil durum ve test panosunda 80 dB(A)’dan daha az olmalıdır. (gürültünün seviyesinin yüksek olması durumda itfaiyeci acil iletişime geçemeyebilir.)",ÜB.FR.40,R.04,null,null,"[""modul_g_tam""]",null,null
MAD-0724,724,07 - TS EN 81-72 İtfaiyeci Asansörü,81-72,Standart / ÜB.FR.40,5.1.8.,Basınçlandırmanın kapı hareketini etkilememesi,Kuyu basınçlandırmasının kabin ve durak kapılarının açılıp kapanmasını etkilemediğini test edin.,"A,B,E",Görsel + Test + Talimat/İşaret,null,null,null,null,null,null,null,null,null,true,null,null,[],null,"Kuyu basınçlandırması, kabin ve durak kapılarının açılma ve kapanmasını etkilememelidir.",ÜB.FR.40,R.04,null,null,"[""modul_g_tam""]",null,null
MAD-0725,725,07 - TS EN 81-72 İtfaiyeci Asansörü,81-72,Standart / ÜB.FR.40,(devam),İtfaiyeci asansörünün hizmet verdiği katlar,"İtfaiyeci asansörünün, bina tasarımında ve ulusal düzenlemelerde belirlenen katlara hizmet verdiğini kontrol edin.","A,B,D",Görsel + Test + Çizim/Hesap,null,null,null,null,null,null,null,null,null,true,null,null,[],null,"İtfaiyeci asansörlerinin, bina tasarımı ile tanımlandığı ve Ulusal düzenlemelerin gerektirdiği şekilde tüm katlara hizmet vermesi tavsiye edilir. Ancak hizmet verilecek katların, yangında bina tasarımının bir parçası olarak tayin edildiği varsayılır.",ÜB.FR.40,R.04,null,null,"[""modul_g_tam""]",null,null
MAD-0726,726,07 - TS EN 81-72 İtfaiyeci Asansörü,81-72,Standart / ÜB.FR.40,(devam),Acil durum asansörü kabin alanı,"Acil durum asansörü kabin alanının en az 1,8 m² olduğunu ölçün.","A,B,C,D",Görsel + Test + Ölçüm + Çizim/Hesap,null,Genişlik,null,Derinlik,null,null,null,1.8,>=,true,null,null,[],null,"İtfaiyeci asansörlerinin, acil durum asansörünün kabin alanının en az 1.8 m² olmalıdır. (binaların yangından korunması hakkında yönetmelik-md-63/4)",ÜB.FR.40,R.04,null,null,"[""modul_g_tam""]",null,null
MAD-0727,727,07 - TS EN 81-72 İtfaiyeci Asansörü,81-72,Standart / ÜB.FR.40,5.2.3.,Tahliye/sedye taşıma için beyan yükü ve kabin boyutu,"Tahliye/sedye taşıma amaçlı kullanımda beyan yükünün en az 1000 kg, kabin boyutunun en az 1100x2100 mm olduğunu ölçün.","A,C,D",Görsel + Ölçüm + Çizim/Hesap,null,Genişlik,null,Derinlik,null,null,null,null,null,true,null,null,[],null,"İtfaiyeci asansörünün kullanım amaçları arasında, tahliye ve sedye veya yatak gibi ögeleri taşımanın da olduğu durumlarda, en küçük beyan yükü 1000 kg olmalı ve kabinin en küçük boyutları 1100 mm (en) x 2100 mm (derinlik) olmalıdır.",ÜB.FR.40,R.04,null,null,"[""modul_g_tam""]",null,null
MAD-0728,728,07 - TS EN 81-72 İtfaiyeci Asansörü,81-72,Standart / ÜB.FR.40,5.2.2.,Kabin giriş açıklığı genişliği,Kabin giriş açıklığı genişliğinin en az 800 mm olduğunu ölçün.,"A,C,D",Görsel + Ölçüm + Çizim/Hesap,null,Genişlik,null,null,null,null,null,800,>=,true,null,null,[],null,Kabinle giriş açıklığının genişliği en az 800 mm olmalıdır.,ÜB.FR.40,R.04,null,null,"[""modul_g_tam""]",null,null
MAD-0729,729,07 - TS EN 81-72 İtfaiyeci Asansörü,81-72,Standart / ÜB.FR.40,5.2.4.,İtfaiye hizmeti erişim seviyesinden en üst durağa ulaşma süresi,"İtfaiyeci asansörünün, kapı kapanmasından sonra 60 saniye içinde (200 m üzeri hareket mesafesinde her 3 m için +1 s) en üst durağa ulaştığını test edin.",C,Ölçüm,null,Hareket Mesafesi : … Ulaştığı Süre,null,null,null,null,null,null,null,true,null,null,[],null,"İtfaiyeci asansörü, asansör kapılarının kapanmasından sonra 60 s içinde itfaiye hizmeti erişim seviyesinden yangın söndürme çalışması yapılacak en üst durağa ulaşabilmelidir. Ancak, hareket mesafesi 200 m’den fazla olan asansörler için en üst durağa ulaşma süresi, her 3 m’lik ilave hareket yüksekliği için 1 s artırılabilir.",ÜB.FR.40,R.04,null,null,"[""modul_g_tam""]",null,null
MAD-0730,730,07 - TS EN 81-72 İtfaiyeci Asansörü,81-72,Standart / ÜB.FR.40,5.2.5. a),İtfaiye hizmeti erişim seviyesi dışı elektronik aygıt sıcaklık aralığı,İtfaiye hizmeti erişim seviyesi dışındaki durak elektronik aygıtlarının 0-65°C aralığında çalıştığını veya bu aralık dışında devre dışı kaldığını kontrol edin.,D,Çizim/Hesap,null,null,null,null,null,null,null,null,null,true,null,null,[],null,"İtfaiye hizmeti erişim seviyesi haricinde, duraklardaki elektrikli/elektronik aygıtlar 0 °C ila 65 °C ortam sıcaklığı aralığında düzgün çalışacak veya çalışmaz duruma getirilecek şekilde tasarlanmalıdır.",ÜB.FR.40,R.04,null,null,"[""modul_g_tam""]",null,null
MAD-0731,731,07 - TS EN 81-72 İtfaiyeci Asansörü,81-72,Standart / ÜB.FR.40,5.2.5. b),İtfaiyeci asansörü elektronik bileşenlerinin sıcaklık aralığı,İtfaiyeci asansörünün (durak aygıtları hariç) elektronik bileşenlerinin 0-40°C aralığında çalıştığını kontrol edin.,D,Çizim/Hesap,null,null,null,null,null,null,null,null,null,true,null,null,[],null,"itfaiyeci asansörünün duraklardaki elektrikli/elektronik aygıtlar dışındaki tüm elektrikli/elektronik bileşenleri, 0 °C ila +40 °C ortam sıcaklığı aralığında düzgün çalışacak şekilde tasarlanmalıdır;",ÜB.FR.40,R.04,null,null,"[""modul_g_tam""]",null,null
MAD-0732,732,07 - TS EN 81-72 İtfaiyeci Asansörü,81-72,Standart / ÜB.FR.40,5.2.5. d),Ortam sıcaklığı algılayıcılarının asansörü durdurmaması,Ortam sıcaklığı algılayıcılarının itfaiyeci asansörünü durdurmadığını veya yol almasını engellemediğini test edin.,D,Çizim/Hesap,null,null,null,null,null,null,null,null,null,true,null,null,[],null,"Ortam sıcaklığı algılayıcıları, itfaiyeci asansörünü durdurmamalı veya yol almasını engellememelidir.",ÜB.FR.40,R.04,null,null,"[""modul_g_tam""]",null,null
MAD-0733,733,07 - TS EN 81-72 İtfaiyeci Asansörü,81-72,Standart / ÜB.FR.40,5.2.6.,Çift girişli kabinde tek kapı açık kalma şartı,Çift girişli kabinde yangın söndürme çalışması sırasında aynı anda yalnız bir kabin kapısının açık olduğunu test edin.,E,Talimat/İşaret,null,null,null,null,null,null,null,null,null,true,null,null,[],null,"Çift girişli kabin için, yangın söndürme çalışmalarının herhangi bir anında birden fazla kabin kapısı açık olmamalıdır.",ÜB.FR.40,R.04,null,null,"[""modul_g_tam""]",null,null
MAD-0734,734,07 - TS EN 81-72 İtfaiyeci Asansörü,81-72,Standart / ÜB.FR.40,5.2.7.,Ardışık durak kapı eşikleri arası mesafe ve acil çıkış kapısı,Ardışık ana durak kapı eşikleri arası mesafe 7 m'yi aştığında ara acil çıkış kapılarının sağlandığını ölçün.,A,Görsel,null,null,null,null,null,null,null,null,null,true,null,null,[],null,"Ardışık ana durak kapı eşikleri arasındaki mesafe 7 m’yi aştığında, eşikler arasındaki mesafe 7 m’den fazla olmayacak şekilde acil çıkış kapıları sağlanmalıdır.",ÜB.FR.40,R.04,null,null,"[""modul_g_tam""]",null,null
MAD-0735,735,07 - TS EN 81-72 İtfaiyeci Asansörü,81-72,Standart / ÜB.FR.40,5.2.9.,İtfaiyeci asansörü kuyusunda yağmurlama sistemi yasağı,İtfaiyeci asansörü kuyusu ve makina alanında yağmurlama (sprinkler) sisteminin bulunmadığını kontrol edin.,A,Görsel,null,null,null,null,null,null,null,null,null,true,null,null,[],null,İtfaiyeci asansörü kuyusu ve makinenin bulunduğu alanlarda yangın söndürme sistemi (yağmurlama sistemi) bulunmamalıdır.**,ÜB.FR.40,R.04,null,null,"[""modul_g_tam""]",null,null
MAD-0736,736,07 - TS EN 81-72 İtfaiyeci Asansörü,81-72,Standart / ÜB.FR.40,5.3.,Ortam/bina gereklilikleri,Elektrikli donanımın suya karşı korunması,null,null,null,null,null,null,null,null,null,null,null,false,null,null,[],null,null,null,null,null,null,"[""modul_g_tam""]",null,null
MAD-0737,737,07 - TS EN 81-72 İtfaiyeci Asansörü,81-72,Standart / ÜB.FR.40,5.3.1.,Durak kapısına 1 m mesafedeki donanımın su koruması (IPX3),"Durak kapısına 1 m mesafe içindeki, en yüksek kat altındaki elektrikli donanımın en az IPX3 korumalı olduğunu kontrol edin.","A,C",Görsel + Ölçüm,null,Ölçülen değer,null,null,null,null,null,null,null,true,null,null,[],null,"Durak kapısının bulunduğu duvardan 1,0 metre mesafe içeride itfaiyeci asansörlerinin, asansör kuyusu içerisinde ve kabin üzerinde, en yüksek kat seviyesinin altında ve kabin duvarlarının dış taraflarında yer alan elektrikli donanımı, üst kattan su damlaması ve sıçramalarına karşı EN 60529’a göre en az IPX3 koruma derecesiyle sınıflandırılmış bir mahfaza ile korunmalıdır.**",ÜB.FR.40,R.04,null,null,"[""modul_g_tam""]",null,null
MAD-0738,738,07 - TS EN 81-72 İtfaiyeci Asansörü,81-72,Standart / ÜB.FR.40,5.3.1.,Durak kapısından 1 m'den uzak donanımın su koruması (IPX1),"Durak kapısından 1 m'den uzak, en yüksek durak altındaki elektrikli donanımın en az IPX1 korumalı olduğunu kontrol edin.","A,C",Görsel + Ölçüm,null,Ölçülen değer,null,null,null,null,null,null,null,true,null,null,[],null,"Bir durak kapısının bulunduğu bir duvardan 1,0 m’den fazla uzakta ve en yüksek durak seviyesinin altındaki itfaiyeci asansörü dâhilindeki elektrikli donanım, üst bir duraktan su damlamasına karşı EN 60529:1991’e göre en az IPX1 derecesinde sınıflandırılmış bir mahfaza ile korunmalıdır.",ÜB.FR.40,R.04,null,null,"[""modul_g_tam""]",null,null
MAD-0739,739,07 - TS EN 81-72 İtfaiyeci Asansörü,81-72,Standart / ÜB.FR.40,5.3.2.,Kuyu alt boşluğunda 1 m altındaki donanımın su koruması (IP67),Kuyu alt boşluğu zemininden 1 m aşağıdaki elektrikli donanımın IP67 korumalı olduğunu kontrol edin.,"A,C",Görsel + Ölçüm,null,Ölçülen değer,null,null,null,null,null,null,null,true,null,null,[],null,"Asansör kuyu alt boşluğu zemininden 1,0 m’den daha aşağıda yer alan herhangi bir elektrikli donanım IP67 koruma derecesiyle korunmalıdır.",ÜB.FR.40,R.04,null,null,"[""modul_g_tam""]",null,null
MAD-0740,740,07 - TS EN 81-72 İtfaiyeci Asansörü,81-72,Standart / ÜB.FR.40,5.3.2.,Priz ve aydınlatmanın su seviyesine göre konumu,"Priz çıkışı ve en alt aydınlatma lambasının, izin verilen en yüksek su seviyesinin en az 0,5 m yukarısında olduğunu ölçün.","A,C",Görsel + Ölçüm,null,Ölçülen değer,null,null,null,null,null,0.5,>=,true,null,null,[],null,"Priz çıkışı ve kuyunun aydınlatma sisteminin en aşağısındaki lamba, kuyu alt boşluğunda izin verilen en yüksek su seviyesinin en az 0,5 m yukarısında yer almalıdır.",ÜB.FR.40,R.04,null,null,"[""modul_g_tam""]",null,null
MAD-0741,741,07 - TS EN 81-72 İtfaiyeci Asansörü,81-72,Standart / ÜB.FR.40,5.3.3.,Kuyu dışı makina alanı donanımının su koruması,Kuyu dışındaki makina alanı elektrikli donanımının sudan kaynaklı arızaya karşı korunduğunu kontrol edin.,"A,D",Görsel + Çizim/Hesap,null,null,null,null,null,null,null,null,null,true,null,null,[],null,"Kuyunun dışında makinenin bulunduğu alanlardaki elektrikli donanım, sudan kaynaklı kusurlu çalışmaya karşı korunmalıdır.",ÜB.FR.40,R.04,null,null,"[""modul_g_tam""]",null,null
MAD-0742,742,07 - TS EN 81-72 İtfaiyeci Asansörü,81-72,Standart / ÜB.FR.40,5.3.4.,Kuyuya su girişini önleyen tedbirler,"Kuyuya su girişini önleyecek drenaj kanalı, eğimli zemin veya benzeri tedbirlerin alındığını kontrol edin.","A,B,C",Görsel + Test + Ölçüm,null,Ölçülen değer,null,null,null,null,null,null,null,true,null,null,[],null,"Asansör kuyusuna su girişini önlemek için alınacak önlemler aşağıda verilmiştir. Ancak bu verilen önlemlerin alınamadığı durumlarda asansör kuyusundaki izin verilen su seviyesi sağlamak için ekstra önlemler alınmalıdır. a) atık su borularının sağlanması ve her durak girişinin önünde drenaj kanallarının bulunması ve/veya b) güvenli alana giren suyun asansör kuyusuna geçmeden merdivenlerden boşalması ve/veya duman bacasından çıkması ve/veya c) drenaj veya su akıtma boruları yoluyla bina dışına aktarılması amacıyla, her durak girişinin önündeki zeminin yükseltilmesi veya eğimlendirilmesi,",ÜB.FR.40,R.04,null,null,"[""modul_g_tam""]",null,null
MAD-0743,743,07 - TS EN 81-72 İtfaiyeci Asansörü,81-72,Standart / ÜB.FR.40,5.3.4.,Kuyu su seviyesini sınırlayan drenaj sistemi,Kuyudaki su seviyesini sınırlamak için drenaj sistemi veya sabit drenaj pompası bulunduğunu kontrol edin.,"A,B,C",Görsel + Test + Ölçüm,null,Ölçülen değer,null,null,null,null,null,null,null,true,null,null,[],null,Asansör kuyusundaki su seviyesinin izin verilen maksimum seviyelerden birine ulaşmasını önlenmesi için; a) kuyuda drenaj sistemi ve/veya b) Suyun asansör kuyusundan çıkarılması için asansör kuyusunun dışında sabit olarak monte edilmiş drenaj pompalarının kullanılmalıdır.,ÜB.FR.40,R.04,null,null,"[""modul_g_tam""]",null,null
MAD-0744,744,07 - TS EN 81-72 İtfaiyeci Asansörü,81-72,Standart / ÜB.FR.40,5.3.4.,Su seviyesinin tampon seviyesini aşmaması,Kuyu alt boşluğundaki su seviyesinin tam basınçlı kabin tamponu seviyesini aşmadığını ölçün.,"A,B,C",Görsel + Test + Ölçüm,null,Ölçülen değer,null,null,null,null,null,null,null,true,null,null,[],null,"Kuyu alt boşluğundaki su seviyesi, tam basınçlı kabin tamponu seviyesinin üstüne çıkmamalıdır.",ÜB.FR.40,R.04,null,null,"[""modul_g_tam""]",null,null
MAD-0745,745,07 - TS EN 81-72 İtfaiyeci Asansörü,81-72,Standart / ÜB.FR.40,5.3.4.,Su seviyesinin donanıma ulaşmaması,Kuyu alt boşluğundaki su seviyesinin donanıma ulaşmadığını ve kusurlu çalışmaya yol açmadığını kontrol edin.,"A,B,C",Görsel + Test + Ölçüm,null,Ölçülen değer,null,null,null,null,null,null,null,true,null,null,[],null,"Kuyu alt boşluğundaki su seviyesi, donanıma ulaşmamalı ve bu yolla itfaiyeci asansörünün kusurlu çalışmasına neden olmamalıdır.",ÜB.FR.40,R.04,null,null,"[""modul_g_tam""]",null,null
MAD-0746,746,07 - TS EN 81-72 İtfaiyeci Asansörü,81-72,Standart / ÜB.FR.40,5.3.5.,Kabin tavanının su tahliyesi ve donanım koruması,"Kabin tavanının su birikmesini önleyip kontrollü tahliyeye izin verdiğini, tavan/dış duvar donanımının en az IPX3 korumalı olduğunu kontrol edin.","A,B,C",Görsel + Test + Ölçüm,null,Ölçülen değer,null,null,null,null,null,null,null,true,null,null,[],null,"Kabin tavanı, suyun birikmesini engelleyecek ve tavandan kontrollü tahliyeye olanak sağlayacak şekilde tasarlanmalıdır. Kabin tavanındaki ve dış duvarlardaki elektrikli donanım, EN 60529:1991’e göre en az IPX3 ile sınıflandırılmalıdır.",ÜB.FR.40,R.04,null,null,"[""modul_g_tam""]",null,null
MAD-0747,747,07 - TS EN 81-72 İtfaiyeci Asansörü,81-72,Standart / ÜB.FR.40,(devam),Ortam/bina gereklilikleri,Kabinde mahsur kalan itfaiyecilerin kurtarılması,null,null,null,null,null,null,null,null,null,null,null,false,null,null,[],null,null,null,null,null,null,"[""modul_g_tam""]",null,null
MAD-0748,748,07 - TS EN 81-72 İtfaiyeci Asansörü,81-72,Standart / ÜB.FR.40,5.4.1.1. | ZA: 4.4,İmdat geçiş kapısı boyutları,"İmdat geçiş kapısının en küçük net açıklığının 0,5x0,7 m (630 kg kapasitede 0,4x0,5 m) olduğunu ölçün.","A,B,C,D",Görsel + Test + Ölçüm + Çizim/Hesap,null,Genişlik : … Derinlik,null,null,null,null,null,0.4,>=,true,null,null,[],null,"En küçük net açıklık boyutları 0,5 m x 0,7 m olan kabin tavanına, 630 kg kapasiteli asansör hariç (bu durumda boyutlar en az 0,4 m x 0,5 m’dir), bir imdat geçiş kapısı yerleştirilmelidir.",ÜB.FR.40,R.04,null,null,"[""modul_g_tam""]",null,null
MAD-0749,749,07 - TS EN 81-72 İtfaiyeci Asansörü,81-72,Standart / ÜB.FR.40,5.4.1.2. | ZA: 4.4,İmdat geçiş kapısından erişimin engellenmemesi,İmdat geçiş kapısından kabine erişimin sabit aparat veya aydınlatma ile engellenmediğini kontrol edin.,"A,B,C,D",Görsel + Test + Ölçüm + Çizim/Hesap,null,Ölçülen değer,null,null,null,null,null,null,null,true,null,null,[],null,"İmdat geçiş kapısı yoluyla kabinin içine erişim, herhangi bir sabit aparat veya aydınlatma ile engellenmemelidir.",ÜB.FR.40,R.04,null,null,"[""modul_g_tam""]",null,null
MAD-0750,750,07 - TS EN 81-72 İtfaiyeci Asansörü,81-72,Standart / ÜB.FR.40,5.4.1.2. | ZA: 4.4,Asma tavanın aletsiz açılabilmesi,Asma tavanın özel alet olmadan kolayca açılıp çıkarılabildiğini test edin.,"A,B,C,D",Görsel + Test + Ölçüm + Çizim/Hesap,null,Ölçülen değer,null,null,null,null,null,null,null,true,null,null,[],null,"Asma tavan mevcutsa, bu tavan özel bir alet kullanılmadan kolaylıkla açılabilmeli veya yerinden çıkarılabilmelidir.",ÜB.FR.40,R.04,null,null,"[""modul_g_tam""]",null,null
MAD-0751,751,07 - TS EN 81-72 İtfaiyeci Asansörü,81-72,Standart / ÜB.FR.40,5.4.1.2. | ZA: 4.4,Asma tavan parçasının taşıma kuvveti,Asma tavan parçalarının taşıma kuvvetinin 250 N'dan az olduğunu ölçün.,"A,B,C,D",Görsel + Test + Ölçüm + Çizim/Hesap,null,Taşıma Kuvveti,null,null,null,null,null,null,null,true,null,null,[],null,İmdat geçiş kapısına ait asma tavanın sırasıyla herhangi bir parçasının taşıma kuvveti 250 N’dan az olmalıdır.,ÜB.FR.40,R.04,null,null,"[""modul_g_tam""]",null,null
MAD-0752,752,07 - TS EN 81-72 İtfaiyeci Asansörü,81-72,Standart / ÜB.FR.40,5.4.1.2. | ZA: 4.4,İmdat geçiş kapısı serbest bırakma noktalarının tanımlı olması,İmdat geçiş kapısının serbest bırakma noktalarının kabin içinden ve dışından açıkça tanımlı olduğunu kontrol edin.,"A,B,C,D",Görsel + Test + Ölçüm + Çizim/Hesap,null,Ölçülen değer,null,null,null,null,null,null,null,true,null,null,[],null,"İmdat geçiş kapısı kurtarma amacıyla açıldığında, serbest bırakma noktası/noktaları kabin içinden ve ayrıca kabin dışından açıkça tanımlanmalıdır.",ÜB.FR.40,R.04,null,null,"[""modul_g_tam""]",null,null
MAD-0753,753,07 - TS EN 81-72 İtfaiyeci Asansörü,81-72,Standart / ÜB.FR.40,5.4.1.2. | ZA: 4.4,Asma tavanın kontrolsüz düşmeye karşı korunması,Asma tavanın kontrolsüz düşmeye karşı önlemli olduğunu ve itfaiyeci kabin içindeyken açılabildiğini test edin.,"A,B,C,D",Görsel + Test + Ölçüm + Çizim/Hesap,null,Ölçülen değer,null,null,null,null,null,null,null,true,null,null,[],null,"Asma tavan serbest bırakıldıktan sonra kontrolsüz düşmesi riskine karşı önlemler alınmalıdır. Asma tavanın açılması, itfaiyeciler kabin içindeyken mümkün olmalıdır.",ÜB.FR.40,R.04,null,null,"[""modul_g_tam""]",null,null
MAD-0754,754,07 - TS EN 81-72 İtfaiyeci Asansörü,81-72,Standart / ÜB.FR.40,5.4.1.3.,İmdat geçiş kapısı açıkken elektrik anahtarının sıfırlanmaması,İmdat geçiş kapısı açıkken elektrik anahtarının sıfırlanmadığını ve asansörün çalışmasının engellendiğini test edin.,"A,B,C,D",Görsel + Test + Ölçüm + Çizim/Hesap,null,Ölçülen değer,null,null,null,null,null,null,null,true,null,null,[],null,"İmdat geçiş kapısı açık durumdayken, sıfırlama işlemi olumlu bir eylem olarak kullanılmaksızın imdat geçiş kapısı tekrar kapatılırsa, elektrik anahtarını sıfırlamamalıdır. İmdat geçiş kapısı açık olduğunda, asansörün çalışmasını engellemelidir.",ÜB.FR.40,R.04,null,null,"[""modul_g_tam""]",null,null
MAD-0755,755,07 - TS EN 81-72 İtfaiyeci Asansörü,81-72,Standart / ÜB.FR.40,5.4.2.1. | ZA: 4.4,Merdivenlerin EN 131-1'e uygunluğu ve güvenli konumu,Merdivenlerin denge ayaksız EN 131-1:2015+A1:2019'e uygun olduğunu ve takılma tehlikesi oluşturmayacak güvenli bir konumda bulunduğunu kontrol edin.,"A,B,C,D",Görsel + Test + Ölçüm + Çizim/Hesap,null,Ölçülen değer,null,null,null,null,null,null,null,true,null,null,[],null,Merdivenler denge ayaklı olmaksızın EN 131-1:2015+A1:2019’e uygun olmalı ve normal bakım çalışmaları sırasında takılma tehlikesi olmayacak ve güvenli şekilde yerleştirilecek bir konumda bulunmalıdır.,ÜB.FR.40,R.04,null,null,"[""modul_g_tam""]",null,null
MAD-0756,756,07 - TS EN 81-72 İtfaiyeci Asansörü,81-72,Standart / ÜB.FR.40,5.4.2.2. | ZA: 4.4,Muhafaza dışı merdiven için elektrikli güvenlik aygıtı,"Merdiven muhafaza konumunda değilse, asansörün çalışmasını engelleyen EN 81-20 5.11.2'ye uygun elektrikli güvenlik aygıtı bulunduğunu kontrol edin.","A,B,C,D",Görsel + Test + Ölçüm + Çizim/Hesap,null,Ölçülen değer,null,null,null,null,null,null,null,true,null,null,[],null,"Merdiven, muhafaza edilen konumda değil ise asansörün çalışmasını engellemek için EN 81- 20, 5.11.2’ye uygun olan elektrikli güvenlik aygıtı/aygıtları sağlanmalıdır.",ÜB.FR.40,R.04,null,null,"[""modul_g_tam""]",null,null
MAD-0757,757,07 - TS EN 81-72 İtfaiyeci Asansörü,81-72,Standart / ÜB.FR.40,5.4.2.3. | ZA: 4.4,Taşınabilir merdivenin boyu ve konumu,Kabin-kabin tavanı arası taşınabilir merdivenin kabin boyundan en az 1 m uzun olduğunu ve imdat geçiş kapısı açıklığının kısa tarafında yer aldığını ölçün.,"A,B,C,D",Görsel + Test + Ölçüm + Çizim/Hesap,null,Merdiven Boyu,null,null,null,null,null,1,>=,true,null,null,[],null,"Kurtarma prosedürlerine uygun olarak kabin ile kabin tavanı arasında taşınabilir bir merdiven sağlandığı durumlarda, bu merdivenin boyu kabin boyundan en az 1 m uzun olmalı ve merdiven, imdat geçiş kapısı açıklığının kısa tarafında olmalıdır.",ÜB.FR.40,R.04,null,null,"[""modul_g_tam""]",null,null
MAD-0758,758,07 - TS EN 81-72 İtfaiyeci Asansörü,81-72,Standart / ÜB.FR.40,5.4.2.4. | ZA: 4.4,Taşınabilir merdiven azami uzunluğu ve desteklenmesi,"Taşınabilir merdivenin en fazla 6 m olduğunu, ana durak kapılarına dayanmadığını, kabin tavanından desteklendiğini ve ana durak kapısının tek elle açılabildiğini kontrol edin.","A,B,C,D",Görsel + Test + Ölçüm + Çizim/Hesap,null,Ölçülen değer,null,null,null,null,null,null,null,true,null,null,[],null,"Taşınabilir merdivenlerin en büyük uzunluğu 6 m’dir. Merdiven, ana durak kapılarına dayanmamalı ve kabin tavanındaki uygun noktalardan desteklenmelidir. Ana durak kapısının/kapılarının tek elle açılması mümkün olmalıdır.",ÜB.FR.40,R.04,null,null,"[""modul_g_tam""]",null,null
MAD-0759,759,07 - TS EN 81-72 İtfaiyeci Asansörü,81-72,Standart / ÜB.FR.40,5.4.3. | ZA: 4.4,Kurtarma için seyyar merdiven veya güvenlik halatı sistemi,Kurtarma aracı olarak seyyar merdiven veya her durak kapısı çevresinde güvenli sabitleme noktalı güvenlik halatı sistemi bulunduğunu kontrol edin.,"A,B,C,D",Görsel + Test + Ölçüm + Çizim/Hesap,null,Ölçülen değer,null,null,null,null,null,null,null,true,null,null,[],null,"Kurtarma araçları olarak, seyyar merdivenler veya kurtarma araçları için güvenli sabitleme noktalarının her bir durak kapısının çevresinde sağlandığı güvenlik halatı sistemleri kullanılabilir.",ÜB.FR.40,R.04,null,null,"[""modul_g_tam""]",null,null
MAD-0760,760,07 - TS EN 81-72 İtfaiyeci Asansörü,81-72,Standart / ÜB.FR.40,5.4.3. | ZA: 4.4,Kabin tavanından kabine iniş merdiveni,Kabin tavanından kabine inişi sağlayan uygun bir merdivenin temin edildiğini kontrol edin.,"A,B,C,D",Görsel + Test + Ölçüm + Çizim/Hesap,null,Ölçülen değer,null,null,null,null,null,null,null,true,null,null,[],null,Kabin tavanından kabine iniş sağlayacak bir merdiven temin edilmelidir. Bu merdiven uygun olmalı ve kabin tavanından yerleştirilmelidir ve kabin içinden kurtarma amacıyla kullanılan merdivenle aynı olabilir.**,ÜB.FR.40,R.04,null,null,"[""modul_g_tam""]",null,null
MAD-0761,761,07 - TS EN 81-72 İtfaiyeci Asansörü,81-72,Standart / ÜB.FR.40,5.4.4. | ZA: 4.4,İmdat geçiş kapısına kabin içinden erişim,Kabin içinden imdat geçiş kapısının ardına kadar açılacak erişimin sağlandığını kontrol edin.,"A,B,C,D",Görsel + Test + Ölçüm + Çizim/Hesap,null,Ölçülen değer,null,null,null,null,null,null,null,true,null,null,[],null,Kabin içinden imdat geçiş kapısının ardına kadar açılması için erişim sağlanmalıdır.,ÜB.FR.40,R.04,null,null,"[""modul_g_tam""]",null,null
MAD-0762,762,07 - TS EN 81-72 İtfaiyeci Asansörü,81-72,Standart / ÜB.FR.40,5.4.4. | ZA: 4.4,Kabin tavanına yükselme merdiveni/basma yerleri konumu,"Kabin tavanına yükselmek için merdiven veya basma yerlerinin, imdat geçiş kapısı açıklığının kısa tarafında konumlandırıldığını kontrol edin.","A,B,C,D",Görsel + Test + Ölçüm + Çizim/Hesap,null,Ölçülen değer,null,null,null,null,null,null,null,true,null,null,[],null,Kabin tavanına doğru yükselmek için bir merdiven veya basma yerleri sağlanmalı ve bunlar imdat geçiş kapısı açıklığının kısa tarafında konumlandırılmalıdır.,ÜB.FR.40,R.04,null,null,"[""modul_g_tam""]",null,null
MAD-0763,763,07 - TS EN 81-72 İtfaiyeci Asansörü,81-72,Standart / ÜB.FR.40,5.4.4. | ZA: 4.4,"Basma yeri yüksekliği, yük dayanımı ve serbest mesafesi","Basma yeri yüksekliğinin en fazla 0,4 m, yük dayanımının en az 1500 N ve düşey duvara serbest mesafesinin en az 0,15 m olduğunu ölçün.","A,B,C,D",Görsel + Test + Ölçüm + Çizim/Hesap,null,Ölçülen değer,null,null,null,null,null,null,null,true,null,null,[],null,"Basma yerlerinin bulunduğu durumlarda, basamak yüksekliği en fazla 0,4 m olmalı, basma yeri 1 500 N’luk bir yüke dayanabilmeli ve basma yerleri ile düşey duvar arasındaki serbest mesafe en az 0,15 m olmalıdır.",ÜB.FR.40,R.04,null,null,"[""modul_g_tam""]",null,null
MAD-0764,764,07 - TS EN 81-72 İtfaiyeci Asansörü,81-72,Standart / ÜB.FR.40,5.4.4. | ZA: 4.4,Durak kapısı açma şeması/simgesi,"Her durak girişinde kilide yakın, durak kapısının nasıl açılacağını gösteren şema veya simge bulunduğunu kontrol edin.","A,B,C,D",Görsel + Test + Ölçüm + Çizim/Hesap,null,Ölçülen değer,null,null,null,null,null,null,null,true,null,null,[],null,"Kuyunun içindeki her bir durak girişinde kilide yakın olacak şekilde, durak kapısının nasıl açılacağını açıkça gösteren basit bir şema veya simge bulunmalıdır.",ÜB.FR.40,R.04,null,null,"[""modul_g_tam""]",null,null
MAD-0765,765,07 - TS EN 81-72 İtfaiyeci Asansörü,81-72,Standart / ÜB.FR.40,5.4.5.,Her konum için kurtarma prosedürlerinin mevcudiyeti,Asansörün durabileceği her konum için kabin dışından (5.4.3) ve kabin içinden (5.4.4) kurtarma prosedürlerinin mevcut olduğunu kontrol edin.,"A,B,C,D",Görsel + Test + Ölçüm + Çizim/Hesap,null,Ölçülen değer,null,null,null,null,null,null,null,true,null,null,[],null,"Asansörün bütün hareketi boyunca engellenebileceği her bir konum için, 5.4.3 (kabinin dışından kurtarma) ve 5.4.4 (kabin içinden kendi kendine kurtulma)’te tanımlanan kurtarma prosedürleri mevcut olmalıdır.",ÜB.FR.40,R.04,null,null,"[""modul_g_tam""]",null,null
MAD-0766,766,07 - TS EN 81-72 İtfaiyeci Asansörü,81-72,Standart / ÜB.FR.40,5.6.,Kabin ve durak kapılarının yatay sürmeli otomatik tipte olması,"Kabin ve durak kapılarının yatay hareketli, sürmeli, otomatik (karşılıklı çalışan) tipte olduğunu kontrol edin.",A,Görsel,null,null,null,null,null,null,null,null,null,true,null,null,[],null,"Yatay hareket eden sürmeli, otomatik (karşılıklı çalışan) çalışan kabin ve durak kapıları kullanılmalıdır.",ÜB.FR.40,R.04,null,null,"[""modul_g_tam""]",null,null
MAD-0767,767,07 - TS EN 81-72 İtfaiyeci Asansörü,81-72,Standart / ÜB.FR.40,5.7.1.,Tahrik makinesi bölmesinin yangın koruma seviyesi,Tahrik makinesi ve ilgili donanımı içeren bölmenin en az asansör kuyusuyla aynı yangın koruma seviyesinde olduğunu kontrol edin.,"B,D",Test + Çizim/Hesap,null,null,null,null,null,null,null,null,null,true,null,null,[],null,"Tahrik makinesi ve ilgili donanımı içeren bölme; en az, asansör kuyusu ile aynı yangın koruma seviyesinde olmalıdır.",ÜB.FR.40,R.04,null,null,"[""modul_g_tam""]",null,null
MAD-0768,768,07 - TS EN 81-72 İtfaiyeci Asansörü,81-72,Standart / ÜB.FR.40,5.7.2.,Kuyu/yangın bölmesi dışındaki makine alanının korunması,"Makine alanı kuyu ve yangın bölmesinin dışındaysa, yangın bölmesiyle aynı yangın koruma seviyesinde korunduğunu kontrol edin.","B,D",Test + Çizim/Hesap,null,null,null,null,null,null,null,null,null,true,null,null,[],null,"Makinelerin bulunduğu herhangi bir alan, kuyu ve yangın bölmesinin dışında ise, yangın bölmesi/bölmeleri ile aynı yangın koruma seviyesinde korunmalıdır.",ÜB.FR.40,R.04,null,null,"[""modul_g_tam""]",null,null
MAD-0769,769,07 - TS EN 81-72 İtfaiyeci Asansörü,81-72,Standart / ÜB.FR.40,5.8.1. | ZA: 1.6.2 4.10,"İtfaiyeci anahtarının konumu, yüksekliği ve piktogram işaretlemesi","İtfaiyeci asansörü anahtarının emniyetli alanda, asansörden en fazla 2 m uzaklıkta, zeminden 1,4-2,0 m yükseklikte ve piktogramla işaretli olduğunu ölçün.","A,B,C,D",Görsel + Test + Ölçüm + Çizim/Hesap,null,Yükseklik : … Yatay Mesafe,null,null,null,null,null,2,<=,true,null,null,[],null,"İtfaiyeci asansörü anahtarı itfaiye hizmeti erişim seviyesi olarak kullanılması amaçlanan emniyetli alanda yer almalıdır. Anahtar, itfaiyeci asansöründen yatay olarak en fazla 2 m uzaklıkta ve zemin seviyesi üzerinden 1,4 m ila 2,0 m yükseklikte yer almalıdır. Anahtar, Ek G’ye uygun olarak itfaiyeci asansörü piktogramı ile işaretlenmeli ve bu piktogramın hangi asansörle ilişkilendirilmiş olduğu açıkça belirtilmelidir.",ÜB.FR.40,R.04,null,null,"[""modul_g_tam""]",null,null
MAD-0770,770,07 - TS EN 81-72 İtfaiyeci Asansörü,81-72,Standart / ÜB.FR.40,5.8.1. | ZA: 1.6.2 4.10,İtfaiyeci asansörü piktogramının renk ve boyutu,"Piktogramın beyaz üzerine kırmızı zeminde, kabin panosunda en az 20x20 mm, durakta en az 100x100 mm boyutunda olduğunu kontrol edin.","A,B,D",Görsel + Test + Çizim/Hesap,null,null,null,null,null,null,null,null,null,true,null,null,[],null,"itfaiyeci asansörü piktogramı; Gösterim beyaz renktedir.Arka plan kırmızı renktedir.Yangın söndürme çalışmalarında kullanılacak, kabin kumanda panosundaki bir simge için 20 mm * 20 mm;Bir durakta en az 100 mm * 100 mm.",ÜB.FR.40,R.04,null,null,"[""modul_g_tam""]",null,null
MAD-0771,771,07 - TS EN 81-72 İtfaiyeci Asansörü,81-72,Standart / ÜB.FR.40,5.8.2. | ZA: 1.6.2 4.10,Anahtarın '1'/'0' konum işaretlemesi ve göstergesi,"Anahtarın iki kararlı konumda '1' ve '0' olarak işaretli olduğunu, konum göstergesinin net olduğunu ve '1' konumunda yangın söndürme çalışmasının başladığını test edin.","A,B,D",Görsel + Test + Çizim/Hesap,null,null,null,null,null,null,null,null,null,true,null,null,[],null,"Anahtarın çalışma konumları, iki konumda kararlı şekilde olmalı ve açıkça '1' ve '0' ile işaretlenmelidir. Anahtarın hangi konumda olduğu gösteren net bir görsel gösterge bulunmalıdır. '1' konumunda, yangın söndürme çalışması başlatılmalıdır.",ÜB.FR.40,R.04,null,null,"[""modul_g_tam""]",null,null
MAD-0772,772,07 - TS EN 81-72 İtfaiyeci Asansörü,81-72,Standart / ÜB.FR.40,5.8.3. | ZA: 1.6.2 4.10,Anahtar çalıştırıldığında güvenlik aygıtlarının aktif kalması,"İtfaiyeci anahtarı çalıştırıldığında, kapı yön değiştirme aygıtları hariç tüm güvenlik aygıtlarının çalışır durumda kaldığını test edin.","B,E",Test + Talimat/İşaret,null,null,null,null,null,null,null,null,null,true,null,null,[],null,"İtfaiyeci asansörü anahtarı çalıştırıldığında, kapının hareket yönünü değiştirme aygıtları hariç, asansöre ait tüm güvenlik aygıtları (elektrikli ve mekanik) çalışır durumda kalmalıdır.",ÜB.FR.40,R.04,null,null,"[""modul_g_tam""]",null,null
MAD-0773,773,07 - TS EN 81-72 İtfaiyeci Asansörü,81-72,Standart / ÜB.FR.40,5.8.4. | ZA: 1.6.2 4.10,Anahtarın bakım/acil çalıştırmayı devre dışı bırakmaması,"İtfaiyeci anahtarının, elektrikli emniyet aygıtını, bakım amaçlı çalıştırmayı veya acil durumda elektrikle çalıştırmayı devre dışı bırakmadığını test edin.","B,E",Test + Talimat/İşaret,null,null,null,null,null,null,null,null,null,true,null,null,[],null,"İtfaiyeci asansörü anahtarı, elektrikli emniyet aygıtını, bakım amaçlı çalıştırmayı (bk. EN 81-20:2020, 5.12.1.5) veya acil durumda elektrikle çalıştırmayı (bk. EN 81-20:2020, 5.12.1.6) devre dışı bırakmamalıdır.",ÜB.FR.40,R.04,null,null,"[""modul_g_tam""]",null,null
MAD-0774,774,07 - TS EN 81-72 İtfaiyeci Asansörü,81-72,Standart / ÜB.FR.40,5.8.6. | ZA: 1.6.2 4.10,Arayüz bağlantısı kesilince Aşama 1'in başlaması,Normal çalışmada itfaiyeci anahtarı ile kumanda sistemi arasındaki bağlantı kesildiğinde Aşama 1'in başladığını test edin.,E,Talimat/İşaret,null,null,null,null,null,null,null,null,null,true,null,null,[],null,"Asansör normal çalışma durumundayken, itfaiyeci asansörü anahtarı ile asansör kumanda sistemi arasındaki arayüz bağlantısının kesilmesi, aşama 1’i başlatmalıdır.",ÜB.FR.40,R.04,null,null,"[""modul_g_tam""]",null,null
MAD-0775,775,07 - TS EN 81-72 İtfaiyeci Asansörü,81-72,Standart / ÜB.FR.40,5.8.7. a) | ZA: 1.6.2 4.10,Aşama 1'de kuyu/makine alanı otomatik aydınlatması,Aşama 1 başlatıldığında kuyu ve makine alanının otomatik olarak aydınlandığını test edin.,"B,E",Test + Talimat/İşaret,null,null,null,null,null,null,null,null,null,true,null,null,[],null,İtfaiyeci asansörü anahtarının başlatılmasıyla (elle veya otomatik olarak) kuyu ve makinenin bulunduğu alanlar otomatik olarak aydınlanmalıdır.(Aşama 1),ÜB.FR.40,R.04,null,null,"[""modul_g_tam""]",null,null
MAD-0776,776,07 - TS EN 81-72 İtfaiyeci Asansörü,81-72,Standart / ÜB.FR.40,5.8.7. b) | ZA: 1.6.2 4.10,Aşama 1'de durak/kabin kumandalarının devre dışı kalması,Aşama 1'de tüm durak ve kabin kumandalarının devre dışı bırakıldığını ve kayıtlı çağrıların iptal edildiğini test edin.,"B,E",Test + Talimat/İşaret,null,null,null,null,null,null,null,null,null,true,null,null,[],null,"Aşama 1 in elle veya otomatik olarak çalıştırılması sonrasında, bütün duraklardaki kumandalar ve itfaiyeci asansörü kabinindeki kumandalar devre dışı bırakılmalı ve tüm mevcut kayıtlı çağrılar iptal edilmelidir.",ÜB.FR.40,R.04,null,null,"[""modul_g_tam""]",null,null
MAD-0777,777,07 - TS EN 81-72 İtfaiyeci Asansörü,81-72,Standart / ÜB.FR.40,5.8.7. c) | ZA: 1.6.2 4.10,Aşama 1'de kapı açma ve alarm düğmelerinin çalışır kalması,Aşama 1'de kapı açma ve acil durum alarm düğmelerinin çalışır durumda kaldığını test edin.,"B,E",Test + Talimat/İşaret,null,null,null,null,null,null,null,null,null,true,null,null,[],null,"Aşama 1 in elle veya otomatik olarak çalıştırılması sonrasında, kapı açma ve acil durum alarm düğmeleri çalışır durumda olmalıdır.",ÜB.FR.40,R.04,null,null,"[""modul_g_tam""]",null,null
MAD-0778,778,07 - TS EN 81-72 İtfaiyeci Asansörü,81-72,Standart / ÜB.FR.40,5.8.7. d) | ZA: 1.6.2 4.10,Aşama 1'de itfaiyeci asansörünün bağımsız çalışması,Aşama 1'de itfaiyeci asansörünün diğer tüm asansörlerden bağımsız çalıştığını test edin.,"B,E",Test + Talimat/İşaret,null,null,null,null,null,null,null,null,null,true,null,null,[],null,"Aşama 1 in elle veya otomatik olarak çalıştırılması sonrasında, itfaiyeci asansörü, diğer tüm asansörlerden bağımsız olarak çalışmalıdır.",ÜB.FR.40,R.04,null,null,"[""modul_g_tam""]",null,null
MAD-0779,779,07 - TS EN 81-72 İtfaiyeci Asansörü,81-72,Standart / ÜB.FR.40,5.8.7. e) | ZA: 1.6.2 4.10,Aşama 1'de itfaiye haberleşme sisteminin devreye girmesi,Aşama 1'de itfaiye haberleşme sisteminin çalışır duruma getirildiğini test edin.,"B,E",Test + Talimat/İşaret,null,null,null,null,null,null,null,null,null,true,null,null,[],null,"Aşama 1 in elle veya otomatik olarak çalıştırılması sonrasında, itfaiye haberleşme sistemi çalışır duruma getirilmelidir.",ÜB.FR.40,R.04,null,null,"[""modul_g_tam""]",null,null
MAD-0780,780,07 - TS EN 81-72 İtfaiyeci Asansörü,81-72,Standart / ÜB.FR.40,5.8.7. f) | ZA: 1.6.2 4.10,Aşama 1'de piktogram/görsel sinyalin aktifleşmesi,Aşama 1'de piktogram ve kabin panosundaki görsel sinyalin aktifleştiğini ve normal çalışmaya kadar aktif kaldığını test edin.,"B,E",Test + Talimat/İşaret,null,null,null,null,null,null,null,null,null,true,null,null,[],null,"Aşama 1 in elle veya otomatik olarak çalıştırılması sonrasında, İtfaiyeci asansörü için piktogram ve kabindeki kumanda panosunda yer alan görsel bir sinyal aktifleştirilmelidir. Asansör normal çalışma durumuna gelene kadar görsel sinyal aktif kalmalıdır.",ÜB.FR.40,R.04,null,null,"[""modul_g_tam""]",null,null
MAD-0781,781,07 - TS EN 81-72 İtfaiyeci Asansörü,81-72,Standart / ÜB.FR.40,5.8.7. g) | ZA: 1.6.2 4.10,Aşama 1'de işitsel sinyalin duyulması,Aşama 1 başladığında ve muayene/acil/bakım kumandası altındayken işitsel sinyalin duyulduğunu test edin.,"B,E",Test + Talimat/İşaret,null,null,null,null,null,null,null,null,null,true,null,null,[],null,"Aşama 1 başladığı anda ve asansör muayene amaçlı çalışma, acil durumda elektrikle çalışma veya herhangi bir bakım kumandası altında olduğunda işitsel sinyal duyulmalıdır.",ÜB.FR.40,R.04,null,null,"[""modul_g_tam""]",null,null
MAD-0782,782,07 - TS EN 81-72 İtfaiyeci Asansörü,81-72,Standart / ÜB.FR.40,5.8.7. g) | ZA: 1.6.2 4.10,Aşama 1 işitsel sinyal seviyesinin 55 dB(A) ayarı,İşitsel sinyalin 55 dB(A) (35-65 dB(A) ayarlanabilir aralıkta) olarak ayarlandığını ölçün.,"B,E",Test + Talimat/İşaret,null,Ses Seviyesi,null,null,null,null,null,null,null,true,null,null,[],null,"Aşama 1 başladığı anda ve asansör muayene amaçlı çalışma, acil durumda elektrikle çalışma veya herhangi bir bakım kumandası altında olduğunda işitsel sinyal 55 dB (A) olarak ayarlanmış olmalıdır. ( 35 dB (A) ile 65 dB (A) arasında ayarlanabilen bir sistem olmalıdır.)",ÜB.FR.40,R.04,null,null,"[""modul_g_tam""]",null,null
MAD-0783,783,07 - TS EN 81-72 İtfaiyeci Asansörü,81-72,Standart / ÜB.FR.40,5.8.7. g) | ZA: 1.6.2 4.10,Muayene/bakım kumandasından çıkışta sinyal iptali ve Aşama 1'e devam,İtfaiyeci asansörü muayene/acil/bakım kumandasından çıkarıldığında işitsel sinyalin iptal edildiğini ve Aşama 1'de otomatik çalışmaya devam ettiğini test edin.,"B,E",Test + Talimat/İşaret,null,null,null,null,null,null,null,null,null,true,null,null,[],null,"İtfaiyeci asansörü muayene amaçlı çalışma durumundan, acil durumda elektrikle çalışma durumundan veya herhangi bakım kumandasından çıkarıldığında, işitsel sinyal iptal edilmeli ve itfaiyeci asansörü otomatik olarak Aşama 1’de çalışmaya devam etmelidir.",ÜB.FR.40,R.04,null,null,"[""modul_g_tam""]",null,null
MAD-0784,784,07 - TS EN 81-72 İtfaiyeci Asansörü,81-72,Standart / ÜB.FR.40,5.8.7. h) 1) | ZA: 1.6.2 4.1 4.10,Durakta park etmiş asansörün itfaiye erişim seviyesine gitmesi,Durakta park etmiş asansörün kapılarını kapayıp durmaksızın itfaiye hizmeti erişim seviyesine gittiğini test edin.,"B,E",Test + Talimat/İşaret,null,null,null,null,null,null,null,null,null,true,null,null,[],null,Durakta park etmiş bir asansör kapılarını kapamalı ve durmaksızın itfaiye hizmeti erişim seviyesine gitmelidir.,ÜB.FR.40,R.04,null,null,"[""modul_g_tam""]",null,null
MAD-0785,785,07 - TS EN 81-72 İtfaiyeci Asansörü,81-72,Standart / ÜB.FR.40,5.8.7. h) 1) | ZA: 1.6.2 4.1 4.10,Kapı kapanana kadar kabin içi işitsel sinyal,Durakta park etmiş asansörün kapıları kapanana kadar işitsel sinyalin kabin içinde duyulduğunu test edin.,"B,E",Test + Talimat/İşaret,null,null,null,null,null,null,null,null,null,true,null,null,[],null,Durakta park etmiş bir asansörün kapıları kapanana kadar işitsel sinyal kabin içinde duyulmalıdır.,ÜB.FR.40,R.04,null,null,"[""modul_g_tam""]",null,null
MAD-0786,786,07 - TS EN 81-72 İtfaiyeci Asansörü,81-72,Standart / ÜB.FR.40,5.8.7. h) 1) | ZA: 1.6.2 4.1 4.10,15 s sonrası kapı koruma aygıtlarının devre dışı kalması,Kapıların açık kalma süresi 15 saniyeyi aşarsa ısı/duman duyarlı kapı koruma aygıtlarının devre dışı bırakılıp kapıların azalan güçle kapandığını test edin.,"B,E",Test + Talimat/İşaret,null,null,null,null,null,null,null,null,null,true,null,null,[],null,"Durakta park etmiş bir asansörün kapılarının açık kalma süresi 15 s’yi aşarsa, ısı ve dumana duyarlı tüm kapı koruma aygıtları devre dışı bırakılmalı ve kapılar azalan bir güçte kapanmaya başlamalıdır.",ÜB.FR.40,R.04,null,null,"[""modul_g_tam""]",null,null
MAD-0787,787,07 - TS EN 81-72 İtfaiyeci Asansörü,81-72,Standart / ÜB.FR.40,5.8.7. h) 2) | ZA: 1.6.2 4.10,Ters yönde hareket eden asansörün yön değiştirmesi,İtfaiye erişim seviyesinin tersi yönde hareket eden asansörün en yakın durakta kapı açmadan yön değiştirip erişim seviyesine döndüğünü test edin.,"B,E",Test + Talimat/İşaret,null,null,null,null,null,null,null,null,null,true,null,null,[],null,"itfaiye hizmeti erişim seviyesinin tersi yöne hareket eden asansör normal olarak durmalı, mümkün olan en yakın durakta kapıları açmadan yönünü değiştirmeli ve itfaiye hizmeti erişim seviyesine geri dönmelidir.",ÜB.FR.40,R.04,null,null,"[""modul_g_tam""]",null,null
MAD-0788,788,07 - TS EN 81-72 İtfaiyeci Asansörü,81-72,Standart / ÜB.FR.40,5.8.7. h) 3) | ZA: 1.6.2 4.10,Erişim seviyesi yönünde hareketin kesintisiz devamı,İtfaiye erişim seviyesi yönünde hareket eden asansörün durmaksızın erişim seviyesine ulaştığını test edin.,"B,E",Test + Talimat/İşaret,null,null,null,null,null,null,null,null,null,true,null,null,[],null,"itfaiye hizmeti erişim seviyesi yönünde hareket eden asansör, durmaksızın itfaiye hizmeti erişim seviyesine doğru hareketine devam etmelidir.",ÜB.FR.40,R.04,null,null,"[""modul_g_tam""]",null,null
MAD-0789,789,07 - TS EN 81-72 İtfaiyeci Asansörü,81-72,Standart / ÜB.FR.40,5.8.7. h) 3) | ZA: 1.6.2 4.10,Duraktan geçişte kapı açmadan yola devam,"Asansör bir durakta durmaya başlamışsa, normal durup kapı açmadan erişim seviyesine devam edebildiğini test edin.","B,E",Test + Talimat/İşaret,null,null,null,null,null,null,null,null,null,true,null,null,[],null,"Eğer asansör bir durakta durmaya başlamışsa, normal şekilde durabilir ve kapılarını açmadan itfaiye hizmeti erişim seviyesine doğru yoluna devam edebilir.",ÜB.FR.40,R.04,null,null,"[""modul_g_tam""]",null,null
MAD-0790,790,07 - TS EN 81-72 İtfaiyeci Asansörü,81-72,Standart / ÜB.FR.40,5.8.7. i) | ZA: 1.6.2 4.10,Erişim seviyesinde kabin ve durak kapılarının açık beklemesi,İtfaiyeci asansörü erişim seviyesine geldiğinde kabin ve durak kapılarının açık beklediğini test edin.,"B,E",Test + Talimat/İşaret,null,null,null,null,null,null,null,null,null,true,null,null,[],null,"itfaiyeci asansörü, itfaiye hizmeti erişim seviyesine geldiğinde, kabin ve durak kapıları açık şekilde beklemelidir.",ÜB.FR.40,R.04,null,null,"[""modul_g_tam""]",null,null
MAD-0791,791,07 - TS EN 81-72 İtfaiyeci Asansörü,81-72,Standart / ÜB.FR.40,(devam),Aşama 1,Aşama 2 Asansörün itfaiyecilerin kontrolünde kullanılması,null,null,null,null,null,null,null,null,null,null,null,false,null,null,[],null,null,null,null,null,null,"[""modul_g_tam""]",null,null
MAD-0792,792,07 - TS EN 81-72 İtfaiyeci Asansörü,81-72,Standart / ÜB.FR.40,5.8.8. | ZA: 1.6.2 4.10,Aşama 2'de kontrolün tamamen kabin kumandalarında olması,Aşama 2'de asansörün kontrolünün tamamen itfaiyeci asansörü kabin kumandalarından yapıldığını test edin.,"A,B,C,E",Görsel + Test + Ölçüm + Talimat/İşaret,null,Ölçülen değer,null,null,null,null,null,null,null,true,null,null,[],null,"İtfaiyeci asansörü, itfaiye hizmeti erişim seviyesinde kapıları açık şekilde durduktan sonra kontrol, tamamen itfaiyeci asansörü kabin kumandalarından yapılmalıdır.",ÜB.FR.40,R.04,null,null,"[""modul_g_tam""]",null,null
MAD-0793,793,07 - TS EN 81-72 İtfaiyeci Asansörü,81-72,Standart / ÜB.FR.40,5.8.8. a) | ZA: 1.6.2 4.10,Harici sinyalle Aşama 1'de Aşama 2'ye geçilmemesi,"Aşama 1 harici sinyalle başlatıldığında, duraktaki itfaiyeci anahtarı çalıştırılmadan Aşama 2'ye geçilmediğini test edin.","A,B,C,E",Görsel + Test + Ölçüm + Talimat/İşaret,null,Ölçülen değer,null,null,null,null,null,null,null,true,null,null,[],null,"Aşama 1, haricî bir sinyal ile başlatıldığında, durakta bulunan itfaiyeci asansörü anahtarı çalıştırılmadan itfaiyeci asansörü Aşama 2’ye geçmemelidir;",ÜB.FR.40,R.04,null,null,"[""modul_g_tam""]",null,null
MAD-0794,794,07 - TS EN 81-72 İtfaiyeci Asansörü,81-72,Standart / ÜB.FR.40,5.8.8. b) | ZA: 1.6.2 4.10,Aşama 2'de eş zamanlı birden fazla çağrı kaydedilmemesi,Aşama 2'de kabin içinden eş zamanlı birden fazla kabin çağrısı kaydedilemediğini test edin.,"A,B,C,E",Görsel + Test + Ölçüm + Talimat/İşaret,null,Ölçülen değer,null,null,null,null,null,null,null,true,null,null,[],null,Aşama 2 başlatıldığında kabin içerisinden eş zamanlı olarak birden fazla kabin çağrısını kaydetmek mümkün olmamalıdır.,ÜB.FR.40,R.04,null,null,"[""modul_g_tam""]",null,null
MAD-0795,795,07 - TS EN 81-72 İtfaiyeci Asansörü,81-72,Standart / ÜB.FR.40,5.8.8. c) | ZA: 1.6.2 4.10,Yeni çağrı kaydında önceki çağrının iptali,Kabin içinden yeni çağrı kaydında önceki çağrının iptal edildiğini ve kabinin yeni durağa hareket ettiğini test edin.,"A,B,C,E",Görsel + Test + Ölçüm + Talimat/İşaret,null,Ölçülen değer,null,null,null,null,null,null,null,true,null,null,[],null,"Her durumda kabin içerisinden yeni çağrı kaydı mümkün olmalıdır. Bu durumda bir önceki çağrı iptal edilmelidir. Kabin en kısa sürede, yeni çağrı kaydının verildiği durağa hareket etmelidir.",ÜB.FR.40,R.04,null,null,"[""modul_g_tam""]",null,null
MAD-0796,796,07 - TS EN 81-72 İtfaiyeci Asansörü,81-72,Standart / ÜB.FR.40,5.8.8. d) | ZA: 1.6.2 4.10,Kapı kapatma düğmesine sabit basınç ile kapı kapanması,"Kapı kapatma düğmesine sabit basınçla kapının kapandığını, erken bırakılırsa otomatik yeniden açıldığını test edin.","A,B,C,E",Görsel + Test + Ölçüm + Talimat/İşaret,null,Ölçülen değer,null,null,null,null,null,null,null,true,null,null,[],null,"Kabin çağırma düğmesine veya kapı kapatma düğmesine sabit basınç uygulanması, kapının kapanmasını sağlamalıdır. Kapı tamamen kapanmadan önce düğme serbest bırakılırsa, kapı otomatik olarak yeniden açılmalıdır.",ÜB.FR.40,R.04,null,null,"[""modul_g_tam""]",null,null
MAD-0797,797,07 - TS EN 81-72 İtfaiyeci Asansörü,81-72,Standart / ÜB.FR.40,5.8.8. d) | ZA: 1.6.2 4.10,Kapı tam kapanınca yeni çağrıya cevap verilmesi,Kabinin yeni çağrıya yalnızca kapılar tam kapandığında cevap verip harekete başladığını test edin.,"A,B,C,E",Görsel + Test + Ölçüm + Talimat/İşaret,null,Ölçülen değer,null,null,null,null,null,null,null,true,null,null,[],null,Kabin yeni çağrıya sadece asansör kapıları tamamen kapandığında cevap vermeli ve kabin belirlenen yeni durağa doğru hareketine başlamalıdır.,ÜB.FR.40,R.04,null,null,"[""modul_g_tam""]",null,null
MAD-0798,798,07 - TS EN 81-72 İtfaiyeci Asansörü,81-72,Standart / ÜB.FR.40,5.8.8. e) | ZA: 1.6.2 4.10,Kapı açma düğmesine sabit basınç ile kapı açılması,"Durakta bekleyen kabinde kapıların yalnızca kapı açma düğmesine sabit basınçla açıldığını, erken bırakılırsa 50 mm kala yeniden kapandığını test edin.","A,B,C,E",Görsel + Test + Ölçüm + Talimat/İşaret,null,Ölçülen değer,null,null,null,null,null,null,null,true,null,null,[],null,"Kabin durakta beklerken kapıların açılması, yalnızca kapı açma düğmesine sabit basınç uygulanmasıyla mümkün olmalıdır. Kapıların tam açık duruma gelmesine 50 mm kala kapı açma düğmesi serbest bırakılırsa, kapılar otomatik olarak yeniden kapanmalıdır.",ÜB.FR.40,R.04,null,null,"[""modul_g_tam""]",null,null
MAD-0799,799,07 - TS EN 81-72 İtfaiyeci Asansörü,81-72,Standart / ÜB.FR.40,5.8.8. f) | ZA: 1.6.2 4.10,Aşama 2'de ısı/duman koruma aygıtlarının devre dışı kalması,"Aşama 2'de ısı/duman duyarlı kapı koruma aygıtlarının devre dışı kaldığını, kapı yön değiştirme aygıtı ve açma düğmesinin Aşama 1'deki gibi çalıştığını test edin.","A,B,C,E",Görsel + Test + Ölçüm + Talimat/İşaret,null,Ölçülen değer,null,null,null,null,null,null,null,true,null,null,[],null,Isı ve dumana duyarlı tüm kapı koruma aygıtları devre dışı bırakılmalı ama kabin kapısının hareket yönünü değiştirme aygıtları ve kapı açma düğmesi Aşama 1’deki gibi çalışır durumda kalmalıdır.,ÜB.FR.40,R.04,null,null,"[""modul_g_tam""]",null,null
MAD-0800,800,07 - TS EN 81-72 İtfaiyeci Asansörü,81-72,Standart / ÜB.FR.40,5.8.8. g),Anahtarın '1'-'0'-'1' döngüsüyle erişim seviyesine dönüş,"İtfaiyeci asansörünün, anahtar '1'den '0'a alınıp en az 5 s sonra tekrar '1'e getirilerek erişim seviyesine döndüğünü test edin.","B,C,E",Test + Ölçüm + Talimat/İşaret,null,Ölçülen değer,null,null,null,null,null,null,null,true,null,null,[],null,"itfaiyeci asansörü, itfaiye hizmeti erişim seviyesindeki itfaiyeci asansörü anahtarı konum “1”den “0”a getirilerek ve tekrar konum “1”e gelmeden en az 5 s bekletilerek itfaiye hizmeti erişim seviyesine geri gelmelidir. (kabin içinde bir anahtarlı şalterin bulunduğu ve kapının açık olduğu durumlar için geçerli değildir)",ÜB.FR.40,R.04,null,null,"[""modul_g_tam""]",null,null
MAD-0801,801,07 - TS EN 81-72 İtfaiyeci Asansörü,81-72,Standart / ÜB.FR.40,5.8.8. h),Kabin içi anahtarlı şalterin işaretlenmesi,"Kabin içinde anahtarlı şalter varsa piktogramla işaretli olduğunu, '0'/'1' konumlarının gösterildiğini ve yalnızca '0'da çıkarılabildiğini kontrol edin.","A,B,E",Görsel + Test + Talimat/İşaret,null,null,null,null,null,null,null,null,null,true,null,null,[],null,"Kabin içerisinde anahtarlı şalterin bulunduğu durumlarda, bu anahtar piktogramla işaretlenmeli ve ‘0’ ve ‘1’ konumları açıkça gösterilmelidir. Üçgen anahtar haricindeki herhangi bir anahtar tipi kullanılabilir ancak bu anahtar yalnızca ‘0’ konumunda yerinden çıkarılabilmelidir.",ÜB.FR.40,R.04,null,null,"[""modul_g_tam""]",null,null
MAD-0802,802,07 - TS EN 81-72 İtfaiyeci Asansörü,81-72,Standart / ÜB.FR.40,5.8.8. h) 1),Kabin içi şalterin Aşama 2 başlatma konumu,"Kabindeki anahtarlı şalterin, asansör itfaiyeci kumandasına geçtiğinde Aşama 2'yi başlatmak için '1' konumuna getirilmesi gerektiğini test edin.","A,B,E",Görsel + Test + Talimat/İşaret,null,null,null,null,null,null,null,null,null,true,null,null,[],null,"Kabindeki anahtarlı şalter, asansör, itfaiye hizmeti erişim seviyesindeki anahtar yoluyla itfaiyeci kumandasına geçtiğinde, aşama 2’nin başlaması için ‘1’ konumuna getirilmelidir",ÜB.FR.40,R.04,null,null,"[""modul_g_tam""]",null,null
MAD-0803,803,07 - TS EN 81-72 İtfaiyeci Asansörü,81-72,Standart / ÜB.FR.40,5.8.8. h) 2),Kabin içi şalter '0' konumunda hareketin engellenmesi,Asansör erişim seviyesi dışındayken kabin şalteri '0'a alındığında kabinin hareketinin engellendiğini ve kapıların madde 10.7'ye göre çalıştığını test edin.,"A,B,E",Görsel + Test + Talimat/İşaret,null,null,null,null,null,null,null,null,null,true,null,null,[],null,"asansör, itfaiye hizmeti erişim seviyesi haricindeki bir duraktayken ve kabindeki anahtarlı şalter ‘0’ konumuna getirildiğinde, kabinin hareket etmesi engellenmeli ve kapılar, yalnızca madde 10.7 ’de belirtildiği şekilde çalışmaya devam etmelidir.",ÜB.FR.40,R.04,null,null,"[""modul_g_tam""]",null,null
MAD-0804,804,07 - TS EN 81-72 İtfaiyeci Asansörü,81-72,Standart / ÜB.FR.40,5.8.8. i),Kaydedilen kabin çağrısının görsel gösterimi,Kaydedilen kabin çağrısının kabin kumanda panosunda görsel olarak gösterildiğini kontrol edin.,"B,E",Test + Talimat/İşaret,null,null,null,null,null,null,null,null,null,true,null,null,[],null,"Kaydedilen kabin çağrısı, kabin kumanda panosunda görsel olarak belirtilmelidir.",ÜB.FR.40,R.04,null,null,"[""modul_g_tam""]",null,null
MAD-0805,805,07 - TS EN 81-72 İtfaiyeci Asansörü,81-72,Standart / ÜB.FR.40,5.8.8. j),Kabin konumunun kabin içi ve erişim seviyesinde gösterimi,Güç mevcutken kabin konumunun hem kabin içinde hem itfaiye erişim seviyesinde gösterildiğini kontrol edin.,"B,E",Test + Talimat/İşaret,null,null,null,null,null,null,null,null,null,true,null,null,[],null,"Güç mevcut olduğunda kabinin konumu, kabin içinde ve itfaiye hizmeti erişim seviyesinde gösterilmelidir.",ÜB.FR.40,R.04,null,null,"[""modul_g_tam""]",null,null
MAD-0806,806,07 - TS EN 81-72 İtfaiyeci Asansörü,81-72,Standart / ÜB.FR.40,5.8.8. k),Yeni çağrıya kadar durakta bekleme,Asansörün yeni bir çağrı kaydedilene kadar bulunduğu durakta beklediğini test edin.,"B,E",Test + Talimat/İşaret,null,null,null,null,null,null,null,null,null,true,null,null,[],null,"Asansör, yeni bir çağrı kaydedilene kadar, gideceği durakta beklemelidir.",ÜB.FR.40,R.04,null,null,"[""modul_g_tam""]",null,null
MAD-0807,807,07 - TS EN 81-72 İtfaiyeci Asansörü,81-72,Standart / ÜB.FR.40,5.8.8. l),Aşama 2'de haberleşme sisteminin çalışır kalması,İtfaiye hizmeti haberleşme sisteminin Aşama 2 süresince çalışır durumda kaldığını test edin.,"B,E",Test + Talimat/İşaret,null,null,null,null,null,null,null,null,null,true,null,null,[],null,İtfaiye hizmeti haberleşme sistemi Aşama 2 süresince çalışır durumda kalmalıdır.,ÜB.FR.40,R.04,null,null,"[""modul_g_tam""]",null,null
MAD-0808,808,07 - TS EN 81-72 İtfaiyeci Asansörü,81-72,Standart / ÜB.FR.40,5.8.8. m),Anahtar '0'a alınınca normal çalışmaya erişim seviyesinde dönüş,İtfaiyeci anahtarları '0'a getirildiğinde kontrol sisteminin normal çalışmaya yalnızca asansör erişim seviyesine döndüğünde geçtiğini test edin.,"B,E",Test + Talimat/İşaret,null,null,null,null,null,null,null,null,null,true,null,null,[],null,"itfaiyeci anahtarları '0' konumuna getirildiğinde, itfaiyeci asansörü kontrol sistemi, normal çalışma durumuna yalnızca asansör, itfaiye hizmeti erişim seviyesine geri geldiğinde geçmelidir.",ÜB.FR.40,R.04,null,null,"[""modul_g_tam""]",null,null
MAD-0809,809,07 - TS EN 81-72 İtfaiyeci Asansörü,81-72,Standart / ÜB.FR.40,5.8.9 | ZA: 1.6.2 4.10,Çift girişli kabin,"Tüm duraklarda oluşturulan güvenli alanların, itfaiye hizmeti erişim seviyesi ile aynı tarafta yer aldığı durumlarda",null,null,null,null,null,null,null,null,null,null,null,false,null,null,[],null,null,null,null,null,null,"[""modul_g_tam""]",null,null
MAD-0810,810,07 - TS EN 81-72 İtfaiyeci Asansörü,81-72,Standart / ÜB.FR.40,5.8.9.1. a) 1) | ZA: 1.6.2 4.10,Güvenli alanlar aynı tarafta: tek panelde iki kapı açma düğmesi,Tek kabin kumanda panosunda 2 kapı açma düğmesi olduğunu ve hangi kapıya ait olduklarının kolayca ayırt edildiğini kontrol edin.,"A,B,E",Görsel + Test + Talimat/İşaret,null,null,null,null,null,null,null,null,null,true,null,null,[],null,Tek kabin kumanda panosu olması durumunda; 2 kapı açma düğmesi olmalıdır. Kapı açma düğmelerinin hangi kapıya ait olduğu kolayca teşhis edilebilmelidir.,ÜB.FR.40,R.04,null,null,"[""modul_g_tam""]",null,null
MAD-0811,811,07 - TS EN 81-72 İtfaiyeci Asansörü,81-72,Standart / ÜB.FR.40,5.8.9.1. a) 2) | ZA: 1.6.2 4.10,Güvenli alanlar aynı tarafta: kullanılan kapı düğmesinin aydınlatılması,"Tek panoda, itfaiye erişim seviyesi tarafı için kullanılan kapı açma düğmesinin Aşama 2'de aydınlatıldığını test edin.","A,B,E",Görsel + Test + Talimat/İşaret,null,null,null,null,null,null,null,null,null,true,null,null,[],null,"Tek kabin kumanda panosu olması durumunda; itfaiye hizmeti erişim seviyesi tarafı için kullanılan kapı açma düğmesi, Aşama 2’de aydınlatılmalıdır.",ÜB.FR.40,R.04,null,null,"[""modul_g_tam""]",null,null
MAD-0812,812,07 - TS EN 81-72 İtfaiyeci Asansörü,81-72,Standart / ÜB.FR.40,5.8.9.1. a) 2) | ZA: 1.6.2 4.10,Güvenli alanlar aynı tarafta: kullanılmayan kapı düğmesinin devre dışı kalması,"Tek panoda, itfaiye erişim seviyesi tarafı için kullanılmayan kapı açma düğmesinin Aşama 2'de devre dışı kaldığını test edin.","A,B,E",Görsel + Test + Talimat/İşaret,null,null,null,null,null,null,null,null,null,true,null,null,[],null,"Tek kabin kumanda panosu olması durumunda; itfaiye hizmeti erişim seviyesi tarafı için kullanılmayacak kapı açma düğmesi, Aşama 2’de devre dışı kalmalıdır.",ÜB.FR.40,R.04,null,null,"[""modul_g_tam""]",null,null
MAD-0813,813,07 - TS EN 81-72 İtfaiyeci Asansörü,81-72,Standart / ÜB.FR.40,5.8.9.1. b) 1) | ZA: 1.6.2 4.10,Güvenli alanlar aynı tarafta: itfaiyeci panosunun işaretlenmesi,"Birden çok panoda, erişim seviyesi tarafına bitişik panonun itfaiyeci kullanımı için piktogramla işaretli olduğunu kontrol edin.","A,B,E",Görsel + Test + Talimat/İşaret,null,null,null,null,null,null,null,null,null,true,null,null,[],null,"Birden çok kabin kumanda panosu olması durumunda; itfaiye hizmeti erişim seviyesi tarafına bitişik olan kabin kumanda panosu, itfaiyeciler tarafından Aşama 2’de kullanılmak içindir ve itfaiyeci asansörü piktogramı ile işaretlenmelidir.",ÜB.FR.40,R.04,null,null,"[""modul_g_tam""]",null,null
MAD-0814,814,07 - TS EN 81-72 İtfaiyeci Asansörü,81-72,Standart / ÜB.FR.40,5.8.9.1. b) 2) | ZA: 1.6.2 4.10,Güvenli alanlar aynı tarafta: diğer kumanda panelleri,"Birden çok panoda, Aşama 2'de kullanılmayacak kabin kumanda panosunun devre dışı bırakıldığını test edin.","A,B,E",Görsel + Test + Talimat/İşaret,null,null,null,null,null,null,null,null,null,true,null,null,[],null,Birden çok kabin kumanda panosu olması durumunda; Aşama 2 de kullanılmayacak kabin kumanda panosu devre dışı bırakılmalıdır.,ÜB.FR.40,R.04,null,null,"[""modul_g_tam""]",null,null
MAD-0815,815,07 - TS EN 81-72 İtfaiyeci Asansörü,81-72,Standart / ÜB.FR.40,5.8.9.1. b) 3) | ZA: 1.6.2 4.10,Güvenli alanlar aynı tarafta: birden fazla düğmede aydınlatma ayrımı,"Panoda birden fazla kapı açma düğmesi varsa, erişim seviyesi tarafına karşılık gelenin aydınlatıldığını, diğerinin devre dışı kaldığını test edin.","A,B,E",Görsel + Test + Talimat/İşaret,null,null,null,null,null,null,null,null,null,true,null,null,[],null,"Birden çok kabin kumanda panosu olması durumunda; itfaiyeci asansör kabini kumanda panosunda birden fazla kapı açma düğmesi bulunuyorsa, itfaiye hizmeti erişim seviyesi tarafına karşılık gelen kapı açma düğmesi, Aşama 2’de aydınlatılmalı ve diğer kapı açma düğmesi Aşama 2’de devre dışı bırakılmalıdır.",ÜB.FR.40,R.04,null,null,"[""modul_g_tam""]",null,null
MAD-0816,816,07 - TS EN 81-72 İtfaiyeci Asansörü,81-72,Standart / ÜB.FR.40,5.8.9.1. b) 4) | ZA: 1.6.2 4.10,Güvenli alanlar aynı tarafta: diğer taraftaki kapıların kilitlenmesi,Aşama 2'de güvenli alana açılmayan kapıların açılamadığını test edin.,"A,B,E",Görsel + Test + Talimat/İşaret,null,null,null,null,null,null,null,null,null,true,null,null,[],null,Aşama 2 de İtfaiye asansörünün durduğu katlarda güvenli alana açılmayan kapıların açılması mümkün olmamalıdır.,ÜB.FR.40,R.04,null,null,"[""modul_g_tam""]",null,null
MAD-0817,817,07 - TS EN 81-72 İtfaiyeci Asansörü,81-72,Standart / ÜB.FR.40,(devam),Çift girişli kabin,"Tüm duraklarda oluşturulan güvenli alanların, itfaiye hizmeti erişim seviyesi ile aynı tarafta yer almadığı durumlarda",null,null,null,null,null,null,null,null,null,null,null,false,null,null,[],null,null,null,null,null,null,"[""modul_g_tam""]",null,null
MAD-0818,818,07 - TS EN 81-72 İtfaiyeci Asansörü,81-72,Standart / ÜB.FR.40,5.8.9.2. b) 1) | ZA: 1.6.2 4.10,Güvenli alanlar farklı taraflarda: tek panelde iki kapı açma düğmesi,Tek kabin kumanda panosunda 2 kapı açma düğmesi olduğunu ve hangi kapıya ait olduklarının kolayca ayırt edildiğini kontrol edin.,"A,B,E",Görsel + Test + Talimat/İşaret,null,null,null,null,null,null,null,null,null,true,null,null,[],null,Tek kabin kumanda panosu olması durumunda; 2 kapı açma düğmesi olmalıdır. Kapı açma düğmelerinin hangi kapıya ait olduğu kolayca teşhis edilebilmelidir.,ÜB.FR.40,R.04,null,null,"[""modul_g_tam""]",null,null
MAD-0819,819,07 - TS EN 81-72 İtfaiyeci Asansörü,81-72,Standart / ÜB.FR.40,5.8.9.2. b) 2) | ZA: 1.6.2 4.10,Güvenli alanlar farklı taraflarda: mevcut tarafın aydınlatılması,"Tek panoda, belirlenen duraktaki güvenli alanın mevcut tarafının ilgili düğme aydınlatılarak gösterildiğini, diğerinin devre dışı kaldığını test edin.","A,B,E",Görsel + Test + Talimat/İşaret,null,null,null,null,null,null,null,null,null,true,null,null,[],null,"Tek kabin kumanda panosu olması durumunda; belirlenen duraktaki güvenli alanın mevcut tarafı/tarafları, ilgili kapı açma düğmesinin/düğmelerinin aydınlatılmasıyla gösterilmeli ve diğer kapı açma düğmeleri devre dışı bırakılmalıdır.",ÜB.FR.40,R.04,null,null,"[""modul_g_tam""]",null,null
MAD-0820,820,07 - TS EN 81-72 İtfaiyeci Asansörü,81-72,Standart / ÜB.FR.40,5.8.9.2. c) 1) | ZA: 1.6.2 4.10,Güvenli alanlar farklı taraflarda: tek panonun itfaiyeci kullanımı,"Birden çok panoda, yalnız tek panonun Aşama 2'de itfaiyeciler tarafından kullanıldığını ve piktogramla işaretli olduğunu kontrol edin.","A,B,E",Görsel + Test + Talimat/İşaret,null,null,null,null,null,null,null,null,null,true,null,null,[],null,"Birden çok kabin kumanda panosu olması durumunda; kabin kumanda panolarından sadece tek biri, Aşama 2’de itfaiyeciler tarafından kullanılmalı ve itfaiyeci asansörü piktogramı ile işaretlenmelidir.",ÜB.FR.40,R.04,null,null,"[""modul_g_tam""]",null,null
MAD-0821,821,07 - TS EN 81-72 İtfaiyeci Asansörü,81-72,Standart / ÜB.FR.40,5.8.9.2. c) 1) | ZA: 1.6.2 4.10,Güvenli alanlar farklı taraflarda: panonun tüm duraklara ve iki düğmeye sahip olması,İtfaiyecilerin kullandığı panonun amaçlanan tüm duraklara hizmet verdiğini ve iki kapı açma düğmesine sahip olduğunu kontrol edin.,"A,B,E",Görsel + Test + Talimat/İşaret,null,null,null,null,null,null,null,null,null,true,null,null,[],null,"Birden çok kabin kumanda panosu olması durumunda; itfaiyecilerin kullandığı kabin kumanda panosu, amaçlanan tüm duraklara hizmet vermeli ve iki kapı açma düğmesine sahip olmalıdır.",ÜB.FR.40,R.04,null,null,"[""modul_g_tam""]",null,null
MAD-0822,822,07 - TS EN 81-72 İtfaiyeci Asansörü,81-72,Standart / ÜB.FR.40,5.8.9.2. c) 2) | ZA: 1.6.2 4.10,Güvenli alanlar farklı taraflarda: katta dururken mevcut tarafın aydınlatılması,"Asansör katta dururken mevcut güvenli alan tarafının ilgili düğme ile aydınlatıldığını, diğerinin devre dışı kaldığını test edin.","A,B,E",Görsel + Test + Talimat/İşaret,null,null,null,null,null,null,null,null,null,true,null,null,[],null,"Birden çok kabin kumanda panosu olması durumunda; asansör katta dururken, bu seviyedeki mevcut güvenli alan/alanlar, Aşama 2’de ilgili kapı açma düğmesi/düğmeleri ile aydınlatılarak gösterilmeli ve diğer kapı açma düğmeleri devre dışı bırakılmalıdır.",ÜB.FR.40,R.04,null,null,"[""modul_g_tam""]",null,null
MAD-0823,823,07 - TS EN 81-72 İtfaiyeci Asansörü,81-72,Standart / ÜB.FR.40,5.8.9.2. c) 3) | ZA: 1.6.2 4.10,Güvenli alanlar farklı taraflarda: hareket halindeyken mevcut tarafın gösterimi,"Asansör hareket halindeyken ve çağrı alındığında, belirlenen duraktaki güvenli alan tarafının aydınlatılarak gösterildiğini test edin.","A,B,E",Görsel + Test + Talimat/İşaret,null,null,null,null,null,null,null,null,null,true,null,null,[],null,"Birden çok kabin kumanda panosu olması durumunda; asansör hareket hâlindeyken ve bir kabin çağrısı alındığında, belirlenen duraktaki güvenli alanın mevcut tarafı/tarafları, Aşama 2’de ilgili kapı açma düğmesi/düğmeleri ile aydınlatılarak gösterilmelidir.",ÜB.FR.40,R.04,null,null,"[""modul_g_tam""]",null,null
MAD-0824,824,07 - TS EN 81-72 İtfaiyeci Asansörü,81-72,Standart / ÜB.FR.40,5.8.9.2. c) 4) | ZA: 1.6.2 4.10,Güvenli alanlar farklı taraflarda: diğer kumanda panelleri,"Birden çok panoda, Aşama 2'de kullanılmayacak kabin kumanda panosunun devre dışı bırakıldığını test edin.","A,B,E",Görsel + Test + Talimat/İşaret,null,null,null,null,null,null,null,null,null,true,null,null,[],null,Birden çok kabin kumanda panosu olması durumunda; Aşama 2 de kullanılmayacak kabin kumanda panosu devre dışı bırakılmalıdır.,ÜB.FR.40,R.04,null,null,"[""modul_g_tam""]",null,null
MAD-0825,825,07 - TS EN 81-72 İtfaiyeci Asansörü,81-72,Standart / ÜB.FR.40,(devam),Güvenli alanlar farklı taraflarda: diğer taraftaki kapıların kilitlenmesi,Aşama 2'de güvenli alana açılmayan kapıların açılamadığını test edin.,null,null,null,null,null,null,null,null,null,null,null,false,null,null,[],null,Aşama 2 de İtfaiye asansörünün durduğu katlarda güvenli alana açılmayan kapıların açılması mümkün olmamalıdır.,ÜB.FR.40,R.04,null,null,"[""modul_g_tam""]",null,null
MAD-0826,826,07 - TS EN 81-72 İtfaiyeci Asansörü,81-72,Standart / ÜB.FR.40,5.9.,Çift girişli kabin,İtfaiyeci asansörleri için güç beslemeleri,null,null,null,null,null,null,null,null,null,null,null,false,null,null,[],null,null,null,null,null,null,"[""modul_g_tam""]",null,null
MAD-0827,827,07 - TS EN 81-72 İtfaiyeci Asansörü,81-72,Standart / ÜB.FR.40,5.9.1.,İtfaiyeci asansörü güç besleme sisteminin birincil/ikincil yapısı,"Asansör, aydınlatma ve haberleşme güç besleme sisteminin birincil ve ikincil (acil durum/yedek) beslemelerden oluştuğunu ve koruma seviyesinin en az kuyu koruma seviyesine denk olduğunu kontrol edin.",D,Çizim/Hesap,null,null,null,null,null,null,null,null,null,true,null,null,[],null,"Asansör, aydınlatma ve itfaiye hizmeti haberleşme sistemine ait güç besleme sistemi, birincil ve ikincil (acil durum, yedek veya alternatif) güç beslemelerinden oluşmalıdır. Koruma seviyesi, ulusal düzenlemelere veya gerekliliklere uygun olmalı ve en az asansör kuyusunun koruma seviyesine denk olmalıdır.",ÜB.FR.40,R.04,null,null,"[""modul_g_tam""]",null,null
MAD-0828,828,07 - TS EN 81-72 İtfaiyeci Asansörü,81-72,Standart / ÜB.FR.40,5.9.2.,İkincil güç beslemesinin çalışma süresi ve aydınlatma kapsamı,İkincil güç beslemesinin beyan yükü/hızında yangına dayanıklılık süresi boyunca çalıştığını ve kabin/kuyu aydınlatmasını da beslediğini doğrulayın.,"D,E",Çizim/Hesap + Talimat/İşaret,null,null,null,null,null,null,null,null,null,true,null,null,[],null,"İkincil güç beslemesi, itfaiyeci asansörünü beyan yükünde ve beyan hızında, yangına dayanıklılık süresine denk süre boyunca çalıştırılabilmelidir. Kabin ve kuyu aydınlatması için güç de ikincil güç beslemesi tarafından sağlanmalıdır.",ÜB.FR.40,R.04,null,null,"[""modul_g_tam""]",null,null
MAD-0829,829,07 - TS EN 81-72 İtfaiyeci Asansörü,81-72,Standart / ÜB.FR.40,5.10. | ZA: 4.9 4.10,Güç geri gelince 1 dakikada hazır olma,Güç beslemesi eski haline geldiğinde asansörün 1 dakika içinde kullanıma hazır duruma geldiğini test edin.,"B,E",Test + Talimat/İşaret,null,null,null,null,null,null,null,null,null,true,null,null,[],null,Güç beslemesi eski hâline geldiğinde asansör 1 dakika içinde kullanıma hazır duruma gelmelidir.,ÜB.FR.40,R.04,null,null,"[""modul_g_tam""]",null,null
MAD-0830,830,07 - TS EN 81-72 İtfaiyeci Asansörü,81-72,Standart / ÜB.FR.40,5.11.1. | ZA: 1.6.2 4.10,Kumandaların ısı/duman/su/nemden yanlış sinyal almaması,"Kabin ve durak kumandalarının ısı, duman, su veya nem etkisiyle yanlış sinyal kaydetmediğini test edin.",D,Çizim/Hesap,null,null,null,null,null,null,null,null,null,true,null,null,[],null,"Kabin ve durak kumandaları ve ilgili kumanda sistemi; ısı, duman, su veya nemin etkisiyle oluşan yanlış sinyalleri kaydetmemelidir.",ÜB.FR.40,R.04,null,null,"[""modul_g_tam""]",null,null
MAD-0831,831,07 - TS EN 81-72 İtfaiyeci Asansörü,81-72,Standart / ÜB.FR.40,5.11.1. | ZA: 1.6.2 4.10,Erişim seviyesinde kabin konumu göstergesi,İtfaiye hizmeti erişim seviyesinde kabin konumu göstergesi bulunduğunu kontrol edin.,D,Çizim/Hesap,null,null,null,null,null,null,null,null,null,true,null,null,[],null,İtfaiye hizmeti erişim seviyesinde kabin konumu göstergesi bulunmalıdır.,ÜB.FR.40,R.04,null,null,"[""modul_g_tam""]",null,null
MAD-0832,832,07 - TS EN 81-72 İtfaiyeci Asansörü,81-72,Standart / ÜB.FR.40,5.11.2. | ZA: 1.6.2 4.10,Kabin/erişim seviyesi göstergelerinin IPX3 koruması,"Kabin kumandaları, kabin içi konum göstergesi ve erişim seviyesi/anahtar göstergelerinin en az IPX3 korumalı olduğunu kontrol edin.","A,D",Görsel + Çizim/Hesap,null,null,null,null,null,null,null,null,null,true,null,null,[],null,"Kabin kumandaları, kabin içindeki konum göstergesi, itfaiye hizmeti erişim seviyesi ve itfaiyeci asansörü anahtarındaki konum göstergeleri, EN 60529:1991’e göre en az IPX3 koruma derecesiyle korunmalıdır.",ÜB.FR.40,R.04,null,null,"[""modul_g_tam""]",null,null
MAD-0833,833,07 - TS EN 81-72 İtfaiyeci Asansörü,81-72,Standart / ÜB.FR.40,5.11.2. | ZA: 1.6.2 4.10,Erişim seviyesi dışı durak panolarının IPX3 koruması,"İtfaiye erişim seviyesi dışındaki durak kumanda panoları ve göstergelerinin, elektriksel devre dışı kalmıyorsa en az IPX3 korumalı olduğunu kontrol edin.","A,D",Görsel + Çizim/Hesap,null,null,null,null,null,null,null,null,null,true,null,null,[],null,"İtfaiye hizmeti erişim seviyesi dışındaki seviyelerde bulunan durak kumanda panoları ve durak göstergeleri, itfaiyeci asansörü anahtarı çalıştırıldığında elektriksel olarak devre dışı kalmadığı takdirde, EN 60529:1991’e göre en az IPX3 koruma derecesiyle korunmalıdır.",ÜB.FR.40,R.04,null,null,"[""modul_g_tam""]",null,null
MAD-0834,834,07 - TS EN 81-72 İtfaiyeci Asansörü,81-72,Standart / ÜB.FR.40,5.11.3. | ZA: 1.6.2 4.10,Aşama 2 kumandasının tam fonksiyonlu düğme/tuş takımı ile sağlanması,Aşama 2'de çalışmanın tam fonksiyonlu basmalı düğmeler veya EN 81-70 boyutlarına uygun tuş takımıyla sağlandığını ve düğmelerde görülebilir geri bildirim olduğunu test edin.,"A,B,D,E",Görsel + Test + Çizim/Hesap + Talimat/İşaret,null,null,null,null,null,null,null,null,null,true,null,null,[],null,"Aşama 2 kumandasındayken itfaiyeci asansörünün çalışması, kabinde bulunan tam fonksiyonlu basmalı düğmeler veya tuş takımı yoluyla sağlanmalıdır. Tuş takımı, EN 81-70:2018’deki boyut gerekliliklerine uygun olmalı ve basmalı düğme tipinde olmalıdır. Çağrının kabul edildiğini görmek için düğmelere görülebilir şekilde bir geri bildirim gelmelidir.",ÜB.FR.40,R.04,null,null,"[""modul_g_tam""]",null,null
MAD-0835,835,07 - TS EN 81-72 İtfaiyeci Asansörü,81-72,Standart / ÜB.FR.40,5.11.4. | ZA: 1.6.2 4.10,Erişim seviyesi kabin çağırma düğmesinde piktogram gösterimi,"Kabinde, itfaiye erişim seviyesi çağırma düğmesi üzerinde veya bitişiğinde Ek G piktogramıyla açık gösterim bulunduğunu kontrol edin.",A,Görsel,null,null,null,null,null,null,null,null,null,true,null,null,[],null,"Kabindeki normal durak seviyesi işaretlerine ek olarak, Ek G’de gösterilen piktogram kullanılarak, itfaiye hizmeti erişim seviyesi kabin çağırma düğmesi üzerinde veya bitişiğinde itfaiye hizmeti erişim seviyesine ait açık bir gösterim bulunmalıdır.",ÜB.FR.40,R.04,null,null,"[""modul_g_tam""]",null,null
MAD-0836,836,07 - TS EN 81-72 İtfaiyeci Asansörü,81-72,Standart / ÜB.FR.40,5.12.1. a) | ZA: 4.5,Kabin-erişim seviyesi haberleşmesinin sürekli devrede olması,Kabin ile itfaiye hizmeti erişim seviyesi arasındaki haberleşmenin Aşama 1 ve Aşama 2'de düğmeye basılmaksızın sürekli devrede olduğunu test edin.,"B,E",Test + Talimat/İşaret,null,null,null,null,null,null,null,null,null,true,null,null,[],null,"Kabin ile itfaiye hizmeti erişim seviyesi arasındaki haberleşme, Aşama 1 ve Aşama 2’de kumanda düğmesine basılmaksızın sürekli olarak devrede olmalıdır.",ÜB.FR.40,R.04,null,null,"[""modul_g_tam""]",null,null
MAD-0837,837,07 - TS EN 81-72 İtfaiyeci Asansörü,81-72,Standart / ÜB.FR.40,5.12.1. b) | ZA: 4.5,Makine dairesi/acil durum panosu haberleşme etkinleştirmesi,İtfaiyeci asansörü makine dairesi veya makine dairesi bulunmayan asansörlerde acil durum/test panosu haberleşme biriminin kumanda düğmesiyle etkinleştiğini test edin.,"B,E",Test + Talimat/İşaret,null,null,null,null,null,null,null,null,null,true,null,null,[],null,itfaiyeci asansörü makine dairesi veya makine dairesi bulunmayan asansörlerde acil durum ve test panosu/panoları ile haberleşme birimindeki kumanda düğmesine basılarak etkinleştirilmelidir.,ÜB.FR.40,R.04,null,null,"[""modul_g_tam""]",null,null
MAD-0838,838,07 - TS EN 81-72 İtfaiyeci Asansörü,81-72,Standart / ÜB.FR.40,5.12.1. c) | ZA: 4.5,Diğer konum mikrofonlarının yalnız düğmeyle etkinleşmesi,Diğer konumlardaki mikrofonların yalnızca dâhili haberleşme biriminin kumanda düğmesine basılarak etkinleştiğini test edin.,"B,E",Test + Talimat/İşaret,null,null,null,null,null,null,null,null,null,true,null,null,[],null,"Diğer konumlardaki mikrofonlar yalnızca, dâhilî haberleşme birimindeki kumanda düğmesine basılarak etkinleştirilmelidir.",ÜB.FR.40,R.04,null,null,"[""modul_g_tam""]",null,null
MAD-0839,839,07 - TS EN 81-72 İtfaiyeci Asansörü,81-72,Standart / ÜB.FR.40,5.12.2. | ZA: 4.5,Haberleşme donanımının gömülü mikrofon/hoparlör tipinde olması,"Kabin ve erişim seviyesindeki haberleşme donanımının gömülü tip mikrofon/hoparlör olduğunu, telefon ahizesi tipinde olmadığını kontrol edin.","B,E",Test + Talimat/İşaret,null,null,null,null,null,null,null,null,null,true,null,null,[],null,"Asansör kabini içerisindeki ve itfaiye hizmeti erişim seviyesindeki haberleşme donanımı, gömülütip mikrofon ve hoparlör olmalı, telefon ahizesi şeklinde olmamalıdır.",ÜB.FR.40,R.04,null,null,"[""modul_g_tam""]",null,null
MAD-0840,840,07 - TS EN 81-72 İtfaiyeci Asansörü,81-72,Standart / ÜB.FR.40,5.12.3. | ZA: 4.5,Haberleşme kablo bağlantısının kuyu içinde tesisi,Haberleşme sisteminin kablo bağlantısının asansör kuyusu içerisinde tesis edildiğini kontrol edin.,"B,E",Test + Talimat/İşaret,null,null,null,null,null,null,null,null,null,true,null,null,[],null,"Haberleşme sisteminin kablo bağlantısı, asansör kuyusu içerisinde tesis edilmelidir.",ÜB.FR.40,R.04,null,null,"[""modul_g_tam""]",null,null
MAD-0841,841,07 - TS EN 81-72 İtfaiyeci Asansörü,81-72,Standart / ÜB.FR.40,"Yukarıda Yöntem kısmında belirtilen numaralandırma; a Tedarik edilen bileşenlerin görsel incelemesinde gerekli özelliklerin doğrulanması için gözle muayene kullanılır. b Bir performans doğrulaması/deneyi, sağlanan özelliklerin, gerekliliği karşılayacak şekilde işlevlerini yerine getirdiğini doğrular. c Ölçüm, gerekliliklerin belirtilen sınırlara kadar karşılandığını, aletlerin kullanımıyla doğrular. d Çizimler/hesaplamalar, tedarik edilen bileşenlerin tasarım karakteristiklerinin gereklilikleri karşıladığını doğrular. e İlgili noktanın ele alındığını talimat el kitabında veya işaretleyerek doğrular. | ZA: Yukarıda Yöntem kısmında belirtilen numaralandırma; a Tedarik edilen bileşenlerin görsel incelemesinde gerekli özelliklerin doğrulanması için gözle muayene kullanılır. b Bir performans doğrulaması/deneyi, sağlanan özelliklerin, gerekliliği karşılayacak şekilde işlevlerini yerine getirdiğini doğrular. c Ölçüm, gerekliliklerin belirtilen sınırlara kadar karşılandığını, aletlerin kullanımıyla doğrular. d Çizimler/hesaplamalar, tedarik edilen bileşenlerin tasarım karakteristiklerinin gereklilikleri karşıladığını doğrular. e İlgili noktanın ele alındığını talimat el kitabında veya işaretleyerek doğrular.",İtfaiye hizmeti haberleşme sistemi,"Yukarıda Yöntem kısmında belirtilen numaralandırma; a Tedarik edilen bileşenlerin görsel incelemesinde gerekli özelliklerin doğrulanması için gözle muayene kullanılır. b Bir performans doğrulaması/deneyi, sağlanan özelliklerin, gerekliliği karşılayacak şekilde işlevlerini yerine getirdiğini doğrular. c Ölçüm, gerekliliklerin belirtilen sınırlara kadar karşılandığını, aletlerin kullanımıyla doğrular. d Çizimler/hesaplamalar, tedarik edilen bileşenlerin tasarım karakteristiklerinin gereklilikleri karşıladığını doğrular. e İlgili noktanın ele alındığını talimat el kitabında veya işaretleyerek doğrular.","YukarıdaYöntemkısmındabelirtilennumaralandırma;aTedarikedilenbileşenleringörselincelemesindegerekliözelliklerindoğrulanmasıiçingözlemuayenekullanılır.bBirperformansdoğrulaması/deneyi,sağlananözelliklerin,gerekliliğikarşılayacakşekildeişlevleriniyerinegetirdiğinidoğrular.cÖlçüm,gerekliliklerinbelirtilensınırlarakadarkarşılandığını,aletlerinkullanımıyladoğrular.dÇizimler/hesaplamalar,tedarikedilenbileşenlerintasarımkarakteristikleriningerekliliklerikarşıladığınıdoğrular.eİlgilinoktanınelealındığınıtalimatelkitabındaveyaişaretleyerekdoğrular.",null,null,null,null,null,null,null,null,null,null,false,null,null,[],null,null,null,null,null,null,"[""modul_g_tam""]",null,null
MAD-0842,842,07 - TS EN 81-72 İtfaiyeci Asansörü,81-72,Standart / ÜB.FR.40,IPX1: Nesne normal olarak yönlendirildiğinde kısa bir süre dikey olarak su damlasına karşı koruma. .** | ZA: IPX1: Nesne normal olarak yönlendirildiğinde kısa bir süre dikey olarak su damlasına karşı koruma. .**,İtfaiye hizmeti haberleşme sistemi,IPX1: Nesne normal olarak yönlendirildiğinde kısa bir süre dikey olarak su damlasına karşı koruma. .**,IPX1:Nesnenormalolarakyönlendirildiğindekısabirsüredikeyolaraksudamlasınakarşıkoruma..**,null,null,null,null,null,null,null,null,null,null,false,null,null,[],null,null,null,null,null,null,"[""modul_g_tam""]",null,null
MAD-0843,843,07 - TS EN 81-72 İtfaiyeci Asansörü,81-72,Standart / ÜB.FR.40,IPX3: Nesne normal yönden 60° döndürüldüğünde suyun sprey(fışkırma) şeklinde haline karşı koruma. | ZA: IPX3: Nesne normal yönden 60° döndürüldüğünde suyun sprey(fışkırma) şeklinde haline karşı koruma.,İtfaiye hizmeti haberleşme sistemi,IPX3: Nesne normal yönden 60° döndürüldüğünde suyun sprey(fışkırma) şeklinde haline karşı koruma.,IPX3:Nesnenormalyönden60°döndürüldüğündesuyunsprey(fışkırma)şeklindehalinekarşıkoruma.,null,null,null,null,null,null,null,null,null,null,false,null,null,[],null,null,null,null,null,null,"[""modul_g_tam""]",null,null
MAD-0844,844,07 - TS EN 81-72 İtfaiyeci Asansörü,81-72,Standart / ÜB.FR.40,IP67: toz geçirmez suya 30 dakikadan kısa süreli daldırmalara karşı koruma | ZA: IP67: toz geçirmez suya 30 dakikadan kısa süreli daldırmalara karşı koruma,İtfaiye hizmeti haberleşme sistemi,IP67: toz geçirmez suya 30 dakikadan kısa süreli daldırmalara karşı koruma,IP67:tozgeçirmezsuya30dakikadankısasürelidaldırmalarakarşıkoruma,null,null,null,null,null,null,null,null,null,null,false,null,null,[],null,null,null,null,null,null,"[""modul_g_tam""]",null,null
MAD-0845,845,02 - Kuyu Boyunca,81-71,Standart / ÜB.FR.41,5.2.1.1. | ZA: 1.5.2 2.1,Kuyu mahfazası darbe dayanımı,Kuyu mahfazası duvar/zemin/tavanının 100 cm² alana uygulanan 2500 N'luk kuvvete kalıcı deformasyon veya 15 mm'den büyük esnek deformasyon olmadan dayandığını (test raporu/hesap ile) doğrulayın.,"A,B,D",Görsel + Test + Çizim/Hesap,null,Dayanım,null,null,null,null,null,null,null,true,null,null,[],null,"Kuyu mahfazaları delikli (perfore) olmamalıdır. Duvarlar, zemin ve tavan, 100 cm2 dairesel veya kare kesitli bir alana düzgün dağıtılmış 2500 N’luk kuvvet, her bir yüz üzerinde herhangi bir noktaya yüzeye dik açıyla uygulandığında; a) kalıcı şekil bozukluğu, b) 15 mm’den daha büyük elâstik şekil bozukluğu meydana gelmeden karşı koyabilecek mekanik mukavemette çelik, tuğla, beton ve benzer malzemeden imal edilmiş olmalıdır.",ÜB.FR.41,R.04,null,null,"[""modul_g_tam""]",null,null
MAD-0846,846,02 - Kuyu Boyunca,81-71,Standart / ÜB.FR.41,(devam) | ZA: 1.5.2 2.1,Kuyu mahfazası yanmazlık sınıfı,Kuyu mahfazası malzemesinin yanmaz sınıfta (EN 13501-1 Sınıf A1 veya dengi) olduğunu belgeden doğrulayın.,D,Çizim/Hesap,null,null,null,null,null,null,null,null,null,true,null,null,[],null,"Kuyu mahfazası yapımında kullanılan malzeme, yanmaz, örneğin EN 13501-1 Sınıf A1’e uygun, olmalıdır.",ÜB.FR.41,R.04,null,null,"[""modul_g_tam""]",null,null
MAD-0847,847,02 - Kuyu Boyunca,81-71,Standart / ÜB.FR.41,5.2.1.2. | ZA: 1.5.2 2.1,Kategori 1 kısmi mahfaza yüksekliği,"Önce asansörün kuyu mahfaza tipini belirleyin: kuyu TAM kapalı değilse (kısmi mahfaza) asansör Kategori 1’dir. Kategori 1 ise mahfaza yüksekliğinin en az 5,0 m olduğunu ölçün. Kuyu tam mahfazalıysa asansör Kategori 2’dir; bu maddeyi ""Uygulanmaz"" işaretleyip MAD-0848’i değerlendirin.",B,Test,null,Mahfaza Yükseklik,null,null,null,null,null,5,>=,true,null,null,[],null,"Kuyusu kısmi mahfazalı olan Kategori 1 asansörler için EN 81-20, Madde 5.2.5.2.3 b)’ye uygun mahfaza yüksekliği en az 5,0 m olmalıdır.",ÜB.FR.41,R.04,null,null,"[""modul_g_tam""]",null,null
MAD-0848,848,02 - Kuyu Boyunca,81-71,Standart / ÜB.FR.41,5.2.1.3. | ZA: 1.5.2 2.1,Kategori 2 tam mahfaza şartı,"Önce asansörün kuyu mahfaza tipini belirleyin: kuyu TAM kapalıysa asansör Kategori 2’dir. Kategori 2 ise kuyunun tam mahfazalı olduğunu gözle kontrol edin. Kuyu kısmi mahfazalıysa asansör Kategori 1’dir; bu maddeyi ""Uygulanmaz"" işaretleyip MAD-0847’yi değerlendirin.",A,Görsel,null,null,null,null,null,null,null,null,null,true,null,null,[],null,Kategori 2 asansörlerin kuyusu tam mahfazalı olmalıdır.,ÜB.FR.41,R.04,null,null,"[""modul_g_tam""]",null,null
MAD-0849,849,08 - TS EN 81-71 Tahribata Dayanıklı,81-71,Standart / ÜB.FR.41,5.2.2. | ZA: 1.5.2 2.1,Kuyu Mahfazası,Erişim ve acil durum kapıları - Erişim kapakları - Muayene kapakları,null,null,null,null,null,null,null,null,null,null,null,false,null,null,[],null,null,null,null,null,null,"[""modul_g_tam""]",null,null
MAD-0850,850,02 - Kuyu Boyunca,81-71,Standart / ÜB.FR.41,5.2.2.1. | ZA: 1.5.2 2.1,Erişim/acil durum kapı ve kapakların darbe dayanımı,"Erişim/acil durum kapıları, kapaklar ve muayene kapaklarının 2500 N'luk kuvvete kalıcı deformasyon olmadan dayandığını ve kilitli konumda güvenlik işlevinin bozulmadığını doğrulayın.",A,Görsel,null,Dayanım,null,null,null,null,null,null,null,true,null,null,[],null,"Erişim ve acil durum kapıları, erişim kapakları ve muayene kapıları Çizelge E.1’de listelenen nesnelerden herhangi biriyle açılması mümkün olmayacak şekilde yapılmalıdır. Kapılar, kapaklar ve kilitleri, kilitli konumdayken panele 2500 N’luk bir kuvvet, maruz kalan yüzün herhangi bir noktasına dik açıyla, 100 cm2lik dairesel veya kare kesitli bir alana eşit dağılacak şekilde uygulandığında: a) kalıcı deformasyon olmaksızın kuvvete dayanmalı; b) 15 mm’den daha büyük elastik deformasyona uğramamalı; c) böyle bir deney sırasında ve sonrasında güvenlik işlevi etkilenmemeli; d) deney sonrasında çalışabilir durumda olmalıdır.",ÜB.FR.41,R.04,null,null,"[""modul_g_tam""]",null,null
MAD-0851,851,02 - Kuyu Boyunca,81-71,Standart / ÜB.FR.41,5.2.3. | ZA: 1.5.2 2.1,Havalandırma açıklığı boyut ve koruma şartı,Dışarıdan erişilebilir havalandırma açıklıklarının 250×250 mm'yi aşmadığını ve çubuk sokulmasını önleyen bir koruma yöntemiyle donatıldığını kontrol edin.,"A,B",Görsel + Test,null,Genişlik : … Yükseklik,null,null,null,null,null,null,null,true,null,null,[],null,"Havalandırma açıklıkları, insanların dışarıdan erişimine açıksa, her bir açıklık: a) 250 mm × 250 mm’den daha büyük olmamalı; b) herhangi bir en kesite sahip düz bir çubuğun, açıklığın içinden geçememesini sağlayacak bir koruma yöntemiyle donatılmalıdır.",ÜB.FR.41,R.04,null,null,"[""modul_g_tam""]",null,null
MAD-0852,852,08 - TS EN 81-71 Tahribata Dayanıklı,81-71,Standart / ÜB.FR.41,5.3. | ZA: 1.5.2 2.1,Havalandırma,"Makina alanları, makara daireleri ve makina kabinleri",null,null,null,null,null,null,null,null,null,null,null,false,null,null,[],null,null,null,null,null,null,"[""modul_g_tam""]",null,null
MAD-0853,853,04 - Makine ve Şase,81-71,Standart / ÜB.FR.41,5.3.1. | ZA: 1.5.2 2.1,Makina/makara alanı duvar ve tavan darbe dayanımı,"Kuyu dışındaki makina/makara alanı duvar, zemin ve tavanının 2500 N'luk kuvvete kalıcı deformasyon olmadan dayandığını doğrulayın.","A,B,D",Görsel + Test + Çizim/Hesap,null,Dayanım,null,null,null,null,null,null,null,true,null,null,[],null,"Kuyunun dışında kalan makina alanlarının, makara dairelerinin ve makina kabinlerinin yapılışında kullanılan malzemeler: Duvarlar, zemin ve tavan, 100 cm2 dairesel veya kare kesitli bir alana düzgün dağıtılmış 2500 N’luk kuvvet, her bir yüz üzerinde herhangi bir noktaya yüzeye dik açıyla uygulandığında; a) kalıcı şekil bozukluğu, b) 15 mm’den daha büyük elâstik şekil bozukluğu meydana gelmeden karşı koyabilecek mekanik mukavemette çelik, tuğla, beton ve benzer malzemeden imal edilmiş olmalıdır.",ÜB.FR.41,R.04,null,null,"[""modul_g_tam""]",null,null
MAD-0854,854,02 - Kuyu Boyunca,81-71,Standart / ÜB.FR.41,5.3.2. | ZA: 1.5.2 2.1,Kuyu mahfazası cam panel şartı,Cam malzemeden yapılmış kuyu mahfazalarının lamine cam panel olduğunu kontrol edin.,"A,D",Görsel + Çizim/Hesap,null,null,null,null,null,null,null,null,null,true,null,null,[],null,Kuyu mahfazaları cam malzemeden yapılmış ise lamine cam panele/panellere sahip olmalıdır. (Pencere kullanımı tavsiye edilmez.),ÜB.FR.41,R.04,null,null,"[""modul_g_tam""]",null,null
MAD-0855,855,05 - Elektrik ve Test,81-71,Standart / ÜB.FR.41,5.3.6. | ZA: 1.5.2 2.1,Kategori 2 izinsiz giriş alarm tetikleyicileri,"Kategori 2 asansörlerde makina/makara dairesi kapısı, muayene/acil durum kapıları veya makina kabini kapılarından biri açıldığında izinsiz giriş alarmının devreye girdiğini test edin.","B,C",Test + Ölçüm,null,Ölçülen değer,null,null,null,null,null,null,null,true,"Asansör Kategori 1 (kuyusu kısmi mahfazalı) ise bu madde uygulanmaz. Kategori, MAD-0847/MAD-0848 ile belirlenir.",null,[],null,"Kategori 2 asansörlerde aşağıdaki kapılardan herhangi biri açılırsa izinsiz giriş alarm sistemi devreye girmelidir: a) makina ve/veya makara dairesi kapısı; b) muayene kapıları, acil durum kapıları ve muayene kapakları; c) makina/makara kabini kapıları.",ÜB.FR.41,R.04,null,null,"[""modul_g_tam""]",null,null
MAD-0856,856,05 - Elektrik ve Test,81-71,Standart / ÜB.FR.41,(devam) | ZA: 1.5.2 2.1,İzinsiz giriş alarmının devreye girme süresi,"İzinsiz giriş alarmının, ilgili kapı açıldıktan sonra en fazla 30 saniye içinde devreye girdiğini ölçün.","B,C",Test + Ölçüm,null,Ölçülen değer,null,null,null,null,null,null,null,true,null,null,[],null,"İzinsiz giriş alarm sistemi, yukarıda bahsedilen kapı veya kapaklardan herhangi birinin açılmasından itibaren 30 s içinde sesli bir alarm devreye sokmalıdır.",ÜB.FR.41,R.04,null,null,"[""modul_g_tam""]",null,null
MAD-0857,857,05 - Elektrik ve Test,81-71,Standart / ÜB.FR.41,(devam) | ZA: 1.5.2 2.1,İzinsiz giriş alarmının ses seviyesi ve süresi,"Sesli alarmın 70-85 dB(A) arasında ayarlanabilir olduğunu, hem izinsiz giriş noktasında hem ana giriş katında duyulduğunu ve 5-15 dakika sonra otomatik durduğunu test edin.","B,C",Test + Ölçüm,null,Ses Seviyesi,null,null,null,null,null,null,null,true,null,null,[],null,"Sesli alarm; a) 70 dB(A) ile 85 dB(A) arasında ayarlanabilir bir ses seviyesine sahip olmalı ve izinsiz girişin yapıldığı noktada da, ana giriş katında da duyulabilir olmalıdır; b) 5 dakika ile 15 dakika arasında ayarlanabilir bir süre sonunda otomatik olarak durmalıdır.",ÜB.FR.41,R.04,null,null,"[""modul_g_tam""]",null,null
MAD-0858,858,05 - Elektrik ve Test,81-71,Standart / ÜB.FR.41,(devam) | ZA: 1.5.2 2.1,İzinsiz giriş alarmının yedek güçle çalışma süresi,Elektrik kesildiğinde alarm sisteminin en az 2 saat daha çalıştığını doğrulayın.,"B,C",Test + Ölçüm,null,Ölçülen değer,null,null,null,null,null,null,null,true,null,null,[],null,Elektrik beslemesinin kesilmesi durumunda alarm sistemi en az 2 saat daha çalışır durumda kalmalıdır.,ÜB.FR.41,R.04,null,null,"[""modul_g_tam""]",null,null
MAD-0859,859,01 - Kuyu Dibi,81-71,Standart / ÜB.FR.41,5.3.7. | ZA: 1.5.2 2.1,Kategori 2 çukur donanımının metalik mahfazası,Kategori 2 asansörlerde çukurdaki makina/tank/kontrolörün metalik bir mahfazayla kapatıldığını kontrol edin.,A,Görsel,null,null,null,null,null,null,null,null,null,true,"Asansör Kategori 1 (kuyusu kısmi mahfazalı) ise bu madde uygulanmaz. Kategori, MAD-0847/MAD-0848 ile belirlenir.",null,[],null,"Kategori 2 asansörlerde, asansör çukurunda bulunan makinalar (ör. makina, tank, kontrolör) metalik bir mahfazayla kapatılmalıdır. Bu mahfaza, çöplerin donanıma girmesini ve tehlikeli işlev bozukluklarına veya malzeme tutuşmasına veya duman çıkmasına sebep olmasını engellemek amacıyla teşkil edilir.",ÜB.FR.41,R.04,null,null,"[""modul_g_tam""]",null,null
MAD-0860,860,02 - Kuyu Boyunca,81-71,Standart / ÜB.FR.41,5.4.1. | ZA: 1.5.2 2.1,Durak ve kabin kapılarının otomatik yatay kayar tipte olması,"Durak ve kabin kapılarının yatay eksende kayan, güçle çalıştırılan otomatik tipte olduğunu gözle doğrulayın.",A,Görsel,null,null,null,null,null,null,null,null,null,true,null,null,[],null,"Durak ve kabin kapıları; yatay eksende kayan, güçle çalıştırılan otomatik tipte olmalıdır.",ÜB.FR.41,R.04,null,null,"[""modul_g_tam""]",null,null
MAD-0861,861,02 - Kuyu Boyunca,81-71,Standart / ÜB.FR.41,5.4.1.1. | ZA: 1.5.2 2.1,Durak ve kabin kapı malzemelerinin yanmazlık sınıfı,"Kapı panelleri/çerçevelerinin yanmaz malzemeden, dekoratif yüzeylerin kategoriye göre uygun yanmazlık sınıfından (Kategori 1: sınırlı alevlenebilir, Kategori 2: yanmaz) olduğunu belgeden kontrol edin.",D,Çizim/Hesap,null,null,null,null,null,null,null,null,null,true,null,null,[],null,"Durak ve kabin kapısı için kullanılan malzemeler aşağıdakilere uygun olmalıdır: a) Dekoratif amaçlı son yüzey işlemleri hariç, kapı panellerinde, çerçevelerinde/pervazlarında kullanılan malzemeler yanmaz, örneğin EN 13501-1 Sınıf A1’e uygun, olmalıdır. b) Dekoratif son yüzey işlemleri için kullanılan malzemeler; 1) Kategori 1 asansörler için sınırlı ölçüde alevlenebilir, örneğin EN 13501-1 Sınıf C’ye uygun, 2) Kategori 2 asansörler için yanmaz, örneğin EN 13501-1 Sınıf A2’ye uygun olmalıdır.",ÜB.FR.41,R.04,null,null,"[""modul_g_tam""]",null,null
MAD-0862,862,02 - Kuyu Boyunca,81-71,Standart / ÜB.FR.41,5.4.1.2. | ZA: 1.5.2 2.1,Kapı takımlarının sarkaç darbe deneyine dayanımı,"Kapı takımlarının yumuşak sarkaç darbe deneyine (Kategori 1: 700 mm, Kategori 2: 1000 mm düşme yüksekliği) arızasız/deformasyonsuz dayandığını ve deney sonrası çalışır kaldığını test edin.",B,Test,null,null,null,null,null,null,null,null,null,true,null,null,[],null,"Malzemelerinden bağımsız olarak durak ve kabin kapı takımları, çerçeveleri ve bağlantı parçalarıyla birlikte EN 81-20, Madde 5.3.5.3.4 a)’da belirtilen yumuşak sarkaç darbe deneyine, bileşenlerde arıza olmaksızın veya kapıların düzgün işlemesini bozacak kalıcı deformasyon yaşanmaksızın dayanmalıdır. Deneyden sonra kapı takımları çalışır durumda kalmalıdır. Deneyler için cisim düşme yükseklikleri şu şekilde alınmalıdır: a) Kategori 1 asansörler için: 700 mm; b) Kategori 2 asansörler için: 1 000 mm.",ÜB.FR.41,R.04,null,null,"[""modul_g_tam""]",null,null
MAD-0863,863,02 - Kuyu Boyunca,81-71,Standart / ÜB.FR.41,5.4.1.4. | ZA: 1.5.2 2.1,Kategori 2 cam panel yasağı,Kategori 2 asansörlerde kapılarda cam panel kullanılmadığını gözle kontrol edin.,A,Görsel,null,null,null,null,null,null,null,null,null,true,"Asansör Kategori 1 (kuyusu kısmi mahfazalı) ise bu madde uygulanmaz. Kategori, MAD-0847/MAD-0848 ile belirlenir.",null,[],null,Kategori 2 asansörlerde cam panel kullanılmamalıdır.,ÜB.FR.41,R.04,null,null,"[""modul_g_tam""]",null,null
MAD-0864,864,02 - Kuyu Boyunca,81-71,Standart / ÜB.FR.41,5.4.1.5. | ZA: 1.5.2 2.1,Durak-kabin kapı ön kenar aralığı,"Kategori 2'de durak ve kabin kapı ön kenarları arasındaki mesafenin 35 mm'yi aşmadığını, gerekli uzunluk ve açı şartlarını sağladığını ölçün.",B,Test,null,null,null,null,null,null,null,null,null,true,"Asansör Kategori 1 (kuyusu kısmi mahfazalı) ise bu madde uygulanmaz. Kategori, MAD-0847/MAD-0848 ile belirlenir.",null,[],null,"Kategori 2 asansörler için her bir durak kapısı veya kapıların ön kenarlarındaki ekler ile kabin kapısı/kapıları veya kapıların ön kenarlarındaki ekler arasındaki mesafe 35 mm’yi aşmamalıdır. Bu mesafe, ön kenardan itibaren en az 75 mm’lik bir uzunluk boyunca muhafaza edilmeli ve en fazla 45°lik bir açıyla kapı panelinin arkasına doğru dönmelidir.",ÜB.FR.41,R.04,null,null,"[""modul_g_tam""]",null,null
MAD-0865,865,02 - Kuyu Boyunca,81-71,Standart / ÜB.FR.41,5.4.1.6. | ZA: 1.5.2 2.1,Kategori 2 kapı-kuyu arası çubuk sokma testi,Kategori 2'de asansör girişinden kuyu içine 10 mm çapında çubuk sokulamadığını test edin.,B,Test,null,null,null,null,null,null,null,null,null,true,"Asansör Kategori 1 (kuyusu kısmi mahfazalı) ise bu madde uygulanmaz. Kategori, MAD-0847/MAD-0848 ile belirlenir.",null,[],null,"Kategori 2 asansörlerde, girişin kattaki asansör girişi tarafından kuyunun içine doğru 10 mm çapında bir çubuğun sokulması mümkün olmamalıdır.",ÜB.FR.41,R.04,null,null,"[""modul_g_tam""]",null,null
MAD-0866,866,02 - Kuyu Boyunca,81-71,Standart / ÜB.FR.41,5.4.1.8. | ZA: 1.5.2 2.1,Kategori 2 kapı ön kenar profili,Kategori 2'de kabin/durak kapısı ön kenar profilinin kapının entegre parçası olarak biçimlendirildiğini gözle kontrol edin.,A,Görsel,null,null,null,null,null,null,null,null,null,true,"Asansör Kategori 1 (kuyusu kısmi mahfazalı) ise bu madde uygulanmaz. Kategori, MAD-0847/MAD-0848 ile belirlenir.",null,[],null,"Kategori 2 asansörlerde kabinin ve durak kapılarının ön kenar profili, kapının entegre bir parçası olarak biçimlendirilmelidir.",ÜB.FR.41,R.04,null,null,"[""modul_g_tam""]",null,null
MAD-0867,867,02 - Kuyu Boyunca,81-71,Standart / ÜB.FR.41,5.4.2.1. | ZA: 1.5.2 2.1,Kabin yokken durak kapısı açılmasını önleyen emniyet sistemi,"Kabin bulunmayan katta, acil durum açma anahtarı veya izinli araç dışında durak kapısının açılmasını engelleyen emniyet sisteminin varlığını doğrulayın.","A,C,D",Görsel + Ölçüm + Çizim/Hesap,null,Ölçülen değer,null,null,null,null,null,null,null,true,null,null,[],null,"Kabinin mevcut olmadığı bulunmadığı herhangi bir katta, EN 81-20, Madde 5.3.9.3.1’de belirtilen acil durum açma anahtarı ile veya Ek E’de belirtilen nesneler kullanılarak açılmasını, devre dışı bırakılmadıkça, durak kapılarının açılmasını engelleyen bir emniyet sistemi bulunmalıdır.",ÜB.FR.41,R.04,null,null,"[""modul_g_tam""]",null,null
MAD-0868,868,05 - Elektrik ve Test,81-71,Standart / ÜB.FR.41,5.4.2.2. | ZA: 1.5.2 2.1,Emniyet sisteminin elle devreye alma/çıkarma tertibatı,"Emniyet sistemini elle devreye alma/çıkarma tertibatının (makina dairesi/kontrol kabini/acil durum panelinde) mevcut ve piktogramla işaretli olduğunu, ayrıca ana giriş katında işaretlendiğini kontrol edin.",C,Ölçüm,null,Ölçülen değer,null,null,null,null,null,null,null,true,null,null,[],null,"Bu sistemin elle devreye alınması ve devreden çıkarılmasını sağlayacak bir tertibat aşağıdaki yerlerden en az birinde mevcut bulunmalıdır: a) makina dairesi; b) kontrol kabini; c) acil durum ve muayene paneli. Tertibat, Ek C'de gösterilen piktogramlarla açık şekilde işaretlenmelidir. Bu piktogram ayrıca binanın ana giriş/çıkış katındaki asansör girişinin üzerine veya yanına yerleştirilmelidir.",ÜB.FR.41,R.04,null,null,"[""modul_g_tam""]",null,null
MAD-0869,869,05 - Elektrik ve Test,81-71,Standart / ÜB.FR.41,5.4.2.4. | ZA: 1.5.2 2.1,Emniyet sisteminin yedek güçle çalışma süresi,"Ana güç kesildiğinde sistemin yedek güçle en az 2 saat çalıştığını, ana anahtar kesildiğinde derhal devre dışı kaldığını test edin.",C,Ölçüm,null,Ölçülen değer,null,null,null,null,null,null,null,true,null,null,[],null,"Ana güç kaynağının arızalanması durumunda, sistem bir yedek güç kaynağıyla en az iki saat boyunca çalışır durumda kalmalıdır. Ana anahtar bağlantısının kesilmesi durumunda sistem derhal devre dışı kalmalıdır.",ÜB.FR.41,R.04,null,null,"[""modul_g_tam""]",null,null
MAD-0870,870,03 - Kabin ve Kabin Üstü,81-71,Standart / ÜB.FR.41,5.4.5. | ZA: 1.5.2 2.1,Kabin kapılarının mekanik kilitleme tertibatı,Kabin kapılarının her durumda mekanik bir kilitleme tertibatına sahip olduğunu kontrol edin.,C,Ölçüm,null,Ölçülen değer,null,null,null,null,null,null,null,true,null,null,[],null,Kabin kapıları her durumda bir mekanik kilitleme tertibatı ile donatılmalıdır.,ÜB.FR.41,R.04,null,null,"[""modul_g_tam""]",null,null
MAD-0871,871,03 - Kabin ve Kabin Üstü,81-71,Standart / ÜB.FR.41,5.5.1.1.,Kabin duvarlarının mekanik dayanımı,"Kabin duvarlarının mekanik dayanımının, durak kapıları için tanımlanan (Kategori 1/2) dayanım şartına en az eşit olduğunu doğrulayın.",B,Test,null,null,null,null,null,null,null,null,null,true,null,null,[],null,Kabin duvarlarının mekanik dayanımı; Madde 5.4.1.2 a veya b ' de durak kapıları için belirtilenlerden uygun olanına en azından eşit olmalıdır.,ÜB.FR.41,R.04,null,null,"[""modul_g_tam""]",null,null
MAD-0872,872,03 - Kabin ve Kabin Üstü,81-71,Standart / ÜB.FR.41,5.5.1.2.,Kategori 1 kabin tavanının yük taşıma ve sabitleme şartı,Kategori 1 kabin tavanının 150 kg'lık asılı yükü taşıdığını ve yetkisiz kişilerce 60 saniyede yerinden oynatılamayacak şekilde sabitlendiğini test edin.,"C,D",Ölçüm + Çizim/Hesap,null,Ölçülen değer,null,null,null,null,null,null,null,true,"Asansör Kategori 2 (kuyusu tam mahfazalı) ise bu madde uygulanmaz. Kategori, MAD-0847/MAD-0848 ile belirlenir.",null,[],null,"Kategori 1 asansörler için kabin tavanları: a) insanların asılarak tutunabileceği herhangi bir noktadan uygulanacak 150 kg’lık bir kütleyi taşıyabilmeli; b) elle veya Ek E’de açıklanan bir nesne kullanılarak, 60 saniye süre içerisinde yetkisiz kişiler tarafından yerinin değiştirilmesini önleyecek şekilde sabitlenmelidir.",ÜB.FR.41,R.04,null,null,"[""modul_g_tam""]",null,null
MAD-0873,873,03 - Kabin ve Kabin Üstü,81-71,Standart / ÜB.FR.41,5.5.1.3.,Kategori 2 kabin tavanının tutunmayı önleyen tasarımı,Kategori 2 kabin tavanının hiçbir noktadan asılıp tutunulamayacak şekilde tasarlandığını gözle kontrol edin.,A,Görsel,null,null,null,null,null,null,null,null,null,true,"Asansör Kategori 1 (kuyusu kısmi mahfazalı) ise bu madde uygulanmaz. Kategori, MAD-0847/MAD-0848 ile belirlenir.",null,[],null,"Kategori 2 asansörlerde tavan, insanların hiçbir noktadan asılarak tutunamayacağı şekilde tasarlanmalıdır.",ÜB.FR.41,R.04,null,null,"[""modul_g_tam""]",null,null
MAD-0874,874,03 - Kabin ve Kabin Üstü,81-71,Standart / ÜB.FR.41,5.5.1.4.,Kabin gövde malzemesinin yanmazlığı,Kabin gövde malzemesinin yanmaz olduğunu belgeden doğrulayın.,D,Çizim/Hesap,null,null,null,null,null,null,null,null,null,true,null,null,[],null,Kabin gövdesi için kullanılan malzemeler yanmaz olmalıdır.,ÜB.FR.41,R.04,null,null,"[""modul_g_tam""]",null,null
MAD-0875,875,03 - Kabin ve Kabin Üstü,81-71,Standart / ÜB.FR.41,5.5.1.6.,Kabin döşeme malzemesinin takılma tehlikesine karşı sabitlenmesi,Kabin döşeme malzemesinin kesildiğinde takılma tehlikesi oluşturmayacak şekilde sabitlendiğini kontrol edin.,D,Çizim/Hesap,null,null,null,null,null,null,null,null,null,true,null,null,[],null,"Tüm kabin döşeme malzemeleri, kesildiklerinde tökezlenme/takılma tehlikesi oluşması önlenecek şekilde sabitlenmelidir.",ÜB.FR.41,R.04,null,null,"[""modul_g_tam""]",null,null
MAD-0876,876,03 - Kabin ve Kabin Üstü,81-71,Standart / ÜB.FR.41,5.5.1.7.,Kategori 2 tırabzanların kuvvet dayanımı,Kategori 2 tırabzanların en olumsuz noktada 2500 N'luk kuvvete dayandığını doğrulayın.,D,Çizim/Hesap,null,null,null,null,null,null,null,null,null,true,"Asansör Kategori 1 (kuyusu kısmi mahfazalı) ise bu madde uygulanmaz. Kategori, MAD-0847/MAD-0848 ile belirlenir.",null,[],null,"Kategori 2 asansörlerindeki tüm tırabzanlar, en olumsuz noktada, herhangi bir yönde uygulanan 2 500 N'luk bir kuvveti taşıyabilmelidir.",ÜB.FR.41,R.04,null,null,"[""modul_g_tam""]",null,null
MAD-0877,877,03 - Kabin ve Kabin Üstü,81-71,Standart / ÜB.FR.41,5.5.1.8.,Kategori 2 kabin aynasının montaj ve cam şartı,Kategori 2 kabin aynasının gömme monte edildiğini ve cam ise lamine olduğunu kontrol edin.,"A,D",Görsel + Çizim/Hesap,null,null,null,null,null,null,null,null,null,true,"Asansör Kategori 1 (kuyusu kısmi mahfazalı) ise bu madde uygulanmaz. Kategori, MAD-0847/MAD-0848 ile belirlenir.",null,[],null,"Kategori 2 asansörlerinde ayna bulunduğu durumlarda, aynalar: a) çıkıntı yapmayacak (gömme olacak) şekilde takılmış olmalı, b) camdan imal edilmiş ise lamine olmalıdır.",ÜB.FR.41,R.04,null,null,"[""modul_g_tam""]",null,null
MAD-0878,878,03 - Kabin ve Kabin Üstü,81-71,Standart / ÜB.FR.41,5.5.1.9.,Kategori 1 kabin donatılarının özel aletle sökülebilmesi,Kategori 1 kabin donatılarının yalnızca özel aletle sökülebildiğini test edin.,C,Ölçüm,null,Ölçülen değer,null,null,null,null,null,null,null,true,"Asansör Kategori 2 (kuyusu tam mahfazalı) ise bu madde uygulanmaz. Kategori, MAD-0847/MAD-0848 ile belirlenir.",null,[],null,"Kategori 1 asansörler için, kabin donatıları ve bağlantıları yerlerinden yalnızca özel aletler kullanılarak çıkarılabilecek yapıda olmalıdır.",ÜB.FR.41,R.04,null,null,"[""modul_g_tam""]",null,null
MAD-0879,879,03 - Kabin ve Kabin Üstü,81-71,Standart / ÜB.FR.41,5.5.1.9.,Kategori 2 kabin donatı bağlantılarının gizliliği,Kategori 2 kabin donatı bağlantılarının kullanıcı tarafından görülemeyecek şekilde tespit edildiğini kontrol edin.,C,Ölçüm,null,Ölçülen değer,null,null,null,null,null,null,null,true,"Asansör Kategori 1 (kuyusu kısmi mahfazalı) ise bu madde uygulanmaz. Kategori, MAD-0847/MAD-0848 ile belirlenir.",null,[],null,"Kategori 2 asansörler için, kabin donatıları ve bağlantıları yerlerine kullanıcılar tarafından görülemeyecek bağlantılar ile tespit edilmelidir.",ÜB.FR.41,R.04,null,null,"[""modul_g_tam""]",null,null
MAD-0880,880,03 - Kabin ve Kabin Üstü,81-71,Standart / ÜB.FR.41,(devam),Kabin aydınlatma şiddeti,Kabin zemin seviyesi ve kumanda tertibatında en az 100 lüks aydınlatma şiddeti olduğunu ölçün.,"A,C,D",Görsel + Ölçüm + Çizim/Hesap,null,Aydınlatma Şiddeti,null,null,null,null,null,100,>=,true,null,null,[],null,"Kategori 1 ve Kategori 2 asansörler için; kabinler, zemin seviyesinde ve kumanda tertibatlarında en az 100 lüks şiddetinde bir ışık yoğunluğu sağlayacak sabit bir aydınlatma tesisatı ile teçhiz edilmelidir.",ÜB.FR.41,R.04,null,null,"[""modul_g_tam""]",null,null
MAD-0881,881,03 - Kabin ve Kabin Üstü,81-71,Standart / ÜB.FR.41,(devam),Kategori 2 el tutamağının kuvvet dayanımı,Kategori 2'de el tutamağının en olumsuz noktada herhangi yönden 2500 N'luk kuvvete dayandığını doğrulayın.,"A,B,C,D",Görsel + Test + Ölçüm + Çizim/Hesap,null,Dayanım,null,null,null,null,null,null,null,true,"Asansör Kategori 1 (kuyusu kısmi mahfazalı) ise bu madde uygulanmaz. Kategori, MAD-0847/MAD-0848 ile belirlenir.",null,[],null,"Kategori 2 asansörler için; herhangi bir el tutamağı, en tercih edilmeyen noktasına herhangi bir yönden uygulanan 2500 N’luk noktasal kuvvete mukavemet göstermelidir.",ÜB.FR.41,R.04,null,null,"[""modul_g_tam""]",null,null
MAD-0882,882,03 - Kabin ve Kabin Üstü,81-71,Standart / ÜB.FR.41,5.7.,Alarm düğmesinin ses süresi ve seviyesi,"Kabin katta kapıları açık değilken alarm düğmesine basıldığında, kapılar açılana kadar veya en az 60 saniye 70-85 dB(A) arası duyulabilir bir sesin çıktığını test edin.","B,C",Test + Ölçüm,null,Ses Seviyesi,null,null,null,null,null,null,null,true,null,null,[],null,"Kabin katta kapıları açıkta durumda değilse, alarm düğmesinin çalıştırılması bir tertibatın 60 s boyunca veya kabin kapıları açılıncaya kadar ses çıkarmasına sebep olmalı ve bu sesin seviyesi 70 dB(A) ile 85 dB(A) arasında ayarlanabilecek şekilde kabin içerisinden, duyulabilmelidir.",ÜB.FR.41,R.04,null,null,"[""modul_g_tam""]",null,null
MAD-0883,883,08 - TS EN 81-71 Tahribata Dayanıklı,81-71,Standart / ÜB.FR.41,5.9.,Alarm,İşaretler ve işaretlemeler (sabitlenmiş),null,null,null,null,null,null,null,null,null,null,null,false,null,null,[],null,null,null,null,null,null,"[""modul_g_tam""]",null,null
MAD-0884,884,02 - Kuyu Boyunca,81-71,Standart / ÜB.FR.41,(devam),Kamuya açık işaretlerin sökülmeye karşı sabitlenmesi,Kamuya açık işaret ve işaretlemelerin belirtilen araçlarla yerinden çıkarılamadığını kontrol edin.,C,Ölçüm,null,Ölçülen değer,null,null,null,null,null,null,null,true,null,null,[],null,"Kamuya açık işaret ve işaretlemeler; Ek E’de belirtilen araçlarla yerlerinden çıkarılamayacak şekilde tespit edilmeli,",ÜB.FR.41,R.04,null,null,"[""modul_g_tam""]",null,null
MAD-0885,885,02 - Kuyu Boyunca,81-71,Standart / ÜB.FR.41,(devam),Kamuya açık işaretlerin okunaksızlaştırmaya karşı dayanımı,Kamuya açık işaretlerin 60 saniye içinde okunamaz hale getirilemediğini test edin.,"B,D",Test + Çizim/Hesap,null,null,null,null,null,null,null,null,null,true,null,null,[],null,"Kamuya açık işaret ve işaretlemeler; Ek E’de listelenen araçlardan biri kullanılarak 60 saniye içerisinde okunamaz hâle getirilememeli,",ÜB.FR.41,R.04,null,null,"[""modul_g_tam""]",null,null
MAD-0886,886,03 - Kabin ve Kabin Üstü,81-71,Standart / ÜB.FR.41,(devam),Kumanda paneli sembollerinin tahribata karşı okunabilirliği,Kumanda paneli sembol/işaretlerinin 60 saniyelik tahribat denemesinden sonra okunur kaldığını test edin.,"B,D",Test + Çizim/Hesap,null,null,null,null,null,null,null,null,null,true,null,null,[],null,Kumanda tablası yüz plâkası veya butonlar üzerindeki sembol ve işaretlemeler ile aktarılan herhangi bir bilgi 60 saniye içerisinde Ek E’de listelenen araçlarla tahrip edildiğinde okunur hâlde kalmalıdır.,ÜB.FR.41,R.04,null,null,"[""modul_g_tam""]",null,null
MAD-0887,887,08 - TS EN 81-71 Tahribata Dayanıklı,81-71,Standart / ÜB.FR.41,(devam),Diğer Kontroller,TS EN 81-71 standardına göre ek düzenlemeler yapılmalıdır.,null,null,null,null,null,null,null,null,null,null,null,false,null,null,[],null,null,null,null,null,null,"[""modul_g_tam""]",null,null
MAD-0888,888,08 - TS EN 81-71 Tahribata Dayanıklı,81-71,Standart / ÜB.FR.41,"Yukarıda Yöntem kısmında belirtilen numaralandırma; a Tedarik edilen bileşenlerin görsel incelemesinde gerekli özelliklerin doğrulanması için gözle muayene kullanılır. b Bir performans doğrulaması/deneyi, sağlanan özelliklerin, gerekliliği karşılayacak şekilde işlevlerini yerine getirdiğini doğrular. c Ölçüm, gerekliliklerin belirtilen sınırlara kadar karşılandığını, aletlerin kullanımıyla doğrular. d Çizimler/hesaplamalar, tedarik edilen bileşenlerin tasarım karakteristiklerinin gereklilikleri karşıladığını doğrular. e İlgili noktanın ele alındığını talimat el kitabında veya işaretleyerek doğrular. | ZA: Yukarıda Yöntem kısmında belirtilen numaralandırma; a Tedarik edilen bileşenlerin görsel incelemesinde gerekli özelliklerin doğrulanması için gözle muayene kullanılır. b Bir performans doğrulaması/deneyi, sağlanan özelliklerin, gerekliliği karşılayacak şekilde işlevlerini yerine getirdiğini doğrular. c Ölçüm, gerekliliklerin belirtilen sınırlara kadar karşılandığını, aletlerin kullanımıyla doğrular. d Çizimler/hesaplamalar, tedarik edilen bileşenlerin tasarım karakteristiklerinin gereklilikleri karşıladığını doğrular. e İlgili noktanın ele alındığını talimat el kitabında veya işaretleyerek doğrular.",Diğer Kontroller,"Yukarıda Yöntem kısmında belirtilen numaralandırma; a Tedarik edilen bileşenlerin görsel incelemesinde gerekli özelliklerin doğrulanması için gözle muayene kullanılır. b Bir performans doğrulaması/deneyi, sağlanan özelliklerin, gerekliliği karşılayacak şekilde işlevlerini yerine getirdiğini doğrular. c Ölçüm, gerekliliklerin belirtilen sınırlara kadar karşılandığını, aletlerin kullanımıyla doğrular. d Çizimler/hesaplamalar, tedarik edilen bileşenlerin tasarım karakteristiklerinin gereklilikleri karşıladığını doğrular. e İlgili noktanın ele alındığını talimat el kitabında veya işaretleyerek doğrular.","YukarıdaYöntemkısmındabelirtilennumaralandırma;aTedarikedilenbileşenleringörselincelemesindegerekliözelliklerindoğrulanmasıiçingözlemuayenekullanılır.bBirperformansdoğrulaması/deneyi,sağlananözelliklerin,gerekliliğikarşılayacakşekildeişlevleriniyerinegetirdiğinidoğrular.cÖlçüm,gerekliliklerinbelirtilensınırlarakadarkarşılandığını,aletlerinkullanımıyladoğrular.dÇizimler/hesaplamalar,tedarikedilenbileşenlerintasarımkarakteristikleriningerekliliklerikarşıladığınıdoğrular.eİlgilinoktanınelealındığınıtalimatelkitabındaveyaişaretleyerekdoğrular.",null,null,null,null,null,null,null,null,null,null,false,null,null,[],null,null,null,null,null,null,"[""modul_g_tam""]",null,null
MAD-0889,889,00 - Ön Kontrol,81-73,Standart / ÜB.FR.42,Genel şart,TS EN 81-73 uygulanması gereken bina yüksekliği,"Bina yüksekliğinin 21,50 m'yi veya yapı yüksekliğinin 30,50 m'yi aştığı durumlarda asansörün TS EN 81-73 şartlarını sağladığını kontrol edin.",null,null,null,Bina yüksekliği,null,Yapı yüksekliği,null,null,null,null,null,true,null,null,[],null,"Bina yüksekliği 21.50 m’den, yapı yüksekliği 30.50 m’den fazla olan binalardaki asansörler yangın anında davranış standardı olan TS EN 81-73 şartlarını sağlamalıdır.",ÜB.FR.42,R.04,null,null,"[""modul_g_tam""]",null,null
MAD-0890,890,09 - TS EN 81-73 Yangın Davranışı,81-73,Standart / ÜB.FR.42,5.1.2. | ZA: 1.6.2 4.4 4.10,Belirlenmiş durak/duraklar ve giriş sinyali/sinyalleri,Belirlenmiş durak/duraklar ve giriş sinyali/sinyalleri,null,null,null,null,null,null,null,null,null,null,null,false,null,null,[],null,null,null,null,null,null,"[""modul_g_tam""]",null,null
MAD-0891,891,05 - Elektrik ve Test,81-73,Standart / ÜB.FR.42,(devam) | ZA: 1.6.2 4.4 4.10,Belirlenmiş durak için kumanda sisteminde giriş sinyali,Asansörün bir veya birden fazla belirlenmiş durakta çalıştığını ve her belirlenmiş durak için kumanda sisteminde karşılık gelen bir giriş sinyali bulunduğunu kontrol edin.,"A,B",Görsel + Test,null,null,null,null,null,null,null,null,null,true,null,null,[],null,"Asansör bir veya birden fazla belirlenmiş durakta çalışmalıdır. Belirlenmiş her durak için, asansör kumanda sisteminde karşılığı olan bir giriş sinyali olmalıdır.",ÜB.FR.42,R.04,null,null,"[""modul_g_tam""]",null,null
MAD-0892,892,05 - Elektrik ve Test,81-73,Standart / ÜB.FR.42,(devam) | ZA: 1.6.2 4.4 4.10,Yangın sinyali süresince normal çağrıların devre dışı bırakılması,Yangın sinyali sıfırlanana kadar diğer çağırma araçlarından (durak çağrıları) gelen sinyallerin yok sayıldığını test edin.,"A,B",Görsel + Test,null,null,null,null,null,null,null,null,null,true,null,null,[],null,"Yangın sinyali sıfırlanana kadar, diğer çağırma araçlarından gelen sinyaller yok sayılmalıdır.(durak çağrıları)",ÜB.FR.42,R.04,null,null,"[""modul_g_tam""]",null,null
MAD-0893,893,05 - Elektrik ve Test,81-73,Standart / ÜB.FR.42,5.1.3. | ZA: 1.6.2 4.4 4.10,Çağırma aracının gerçekleştirilme yöntemi,"Asansörü çağıran sinyalin elle bir aygıtla (anahtarlı şalter, itfaiyeci asansörü anahtarı vb.) mı yoksa otomatik bir kaynaktan (BMS, yangın algılama sistemi) mı geldiğini belirleyip belgede/işaretlerde teyit edin.","A,B",Görsel + Test,null,null,null,null,null,null,null,null,null,true,null,null,[],null,"Asansörü çağırmak için sinyal(ler) oluşturan bir çağırma aracı, aşağıdakilerden en az biri yoluyla gerçekleştirilmelidir: a) elle çağırma aygıtı, ör. anahtarlı şalter, bir itfaiyeci asansörünün itfaiyeci asansörü anahtarı (EN 81-72: 2020) veya b) otomatik araçlar, ör. BMS, yangın algılama sistemi.",ÜB.FR.42,R.04,null,null,"[""modul_g_tam""]",null,null
MAD-0894,894,05 - Elektrik ve Test,81-73,Standart / ÜB.FR.42,5.1.4. | ZA: 4.4 4.10,Elle çağırma aygıtının konum kararlılığı,"Elle çağırma aygıtını (anahtarlı şalter) her iki konumda da test edin; ara konumda takılı kalmadığını, iki kararlı konum arasında net geçiş yaptığını doğrulayın.","A,B",Görsel + Test,null,null,null,null,null,null,null,null,null,true,null,null,[],null,Elle çağırma aygıtı; iki konumda kararlı çalışmalıdır.,ÜB.FR.42,R.04,null,null,"[""modul_g_tam""]",null,null
MAD-0895,895,05 - Elektrik ve Test,81-73,Standart / ÜB.FR.42,(devam) | ZA: 4.4 4.10,Elle çağırma aygıtının konum göstergesi,Elle çağırma aygıtının hangi konumda olduğunu (normal/yangın) net bir görsel göstergeyle belirttiğini kontrol edin; anahtar konumunda belirsizlik/hata riski olmadığını doğrulayın.,"A,E",Görsel + Talimat/İşaret,null,null,null,null,null,null,null,null,null,true,null,null,[],null,Elle çağırma aygıtı; anahtarın konumu ile ilgili herhangi bir hatayı önlemek için hangi konumda olduğu konusunda net görsel gösterge ile donatılmalıdır.,ÜB.FR.42,R.04,null,null,"[""modul_g_tam""]",null,null
MAD-0896,896,05 - Elektrik ve Test,81-73,Standart / ÜB.FR.42,(devam) | ZA: 4.4 4.10,Elle çağırma aygıtının işaretlenmesi,"Elle çağırma aygıtının üzerinde/yanında amacını belirten bir işaret olduğunu, herkesin erişebildiği konumdaysa bu işaretin en az 50 mm boyutunda olduğunu kontrol edin.","A,E",Görsel + Talimat/İşaret,null,null,null,null,null,null,null,null,null,true,null,null,[],null,"Elle çağırma aygıtı; amacına uygun olarak işaretlenmelidir. Herkes tarafından erişilebilir olduğunda, işaretin ebadı, EN ISO 7010:P020, “Yangın anında asansörü kullanmayınız” ibaresine metni dâhil olmaksızın uygun ve en az 50 mm olmalıdır.",ÜB.FR.42,R.04,null,null,"[""modul_g_tam""]",null,null
MAD-0897,897,05 - Elektrik ve Test,81-73,Standart / ÜB.FR.42,(devam) | ZA: 4.4 4.10,Elle çağırma aygıtının yeri,Elle çağırma aygıtının binanın yönetim merkezinde veya belirlenmiş durakta konumlandırıldığını doğrulayın.,A,Görsel,null,null,null,null,null,null,null,null,null,true,null,null,[],null,Elle çağırma aygıtı; binanın yönetim merkezinde veya belirlenmiş durakta yer almalıdır.,ÜB.FR.42,R.04,null,null,"[""modul_g_tam""]",null,null
MAD-0898,898,05 - Elektrik ve Test,81-73,Standart / ÜB.FR.42,(devam) | ZA: 4.4 4.10,Elle çağırma aygıtının hatalı kullanıma karşı korunması,Elle çağırma aygıtının hatalı/yetkisiz kullanıma karşı korunduğunu (örn. cam panel arkası veya güvenli alan) ve herkesin erişebildiği konumdaysa sıfırlama için özel alet gerektiğini kontrol edin.,A,Görsel,null,null,null,null,null,null,null,null,null,true,null,null,[],null,"Elle çağırma aygıtı; hatalı kullanımlara karşı, örneğin, cam bir panel arkasına veya güvenli bir alana yerleştirilerek, korunmalıdır. Bu aygıtlar herkes tarafından erişilebilir olduğunda sıfırlanması için özel bir alet gerekir.",ÜB.FR.42,R.04,null,null,"[""modul_g_tam""]",null,null
MAD-0899,899,05 - Elektrik ve Test,81-73,Standart / ÜB.FR.42,5.1.5. | ZA: 4.4 4.10,Arızalı durdurmada asansörün yeniden harekete geçmemesi,"Bir arıza nedeniyle asansör durduğunda, yangın algılama sisteminden gelen sinyalin asansörü yeniden harekete geçirmediğini test edin.","A,B",Görsel + Test,null,null,null,null,null,null,null,null,null,true,null,null,[],null,"Bir arıza nedeniyle asansörün durdurulması hâlinde, yangın algılama sisteminden asansör kumanda sistemine gelen bir sinyal, asansörü harekete geçirmemelidir.",ÜB.FR.42,R.04,null,null,"[""modul_g_tam""]",null,null
MAD-0900,900,02 - Kuyu Boyunca,81-73,Standart / ÜB.FR.42,5.1.6. | ZA: 4.4 4.10,Yasak işareti,"Asansörün yanına, tüm duraklardan görülebilecek şekilde en az 50 mm boyutunda 'Yangın anında asansörü kullanmayınız' yasak işaretinin (EN ISO 7010 P020) yerleştirildiğini kontrol edin.","A,E",Görsel + Talimat/İşaret,null,null,null,null,null,null,null,null,null,true,null,null,[],null,"EN ISO 7010:2020, P020'deki “Yangın anında asansörü kullanmayınız” ifadesine uygun olan yasak işareti, tüm duraklardan kolayca görülebilecek şekilde asansörün yanına yerleştirilmelidir. Bu işaretin büyüklüğü en az 50 mm olmalıdır. “Yangın anında asansörü kullanmayınız” yazısı işarete eklenebilir.",ÜB.FR.42,R.04,null,null,"[""modul_g_tam""]",null,null
MAD-0901,901,09 - TS EN 81-73 Yangın Davranışı,81-73,Standart / ÜB.FR.42,5.3.,Yasak işareti,Çağırma araçlarından bir sinyal alındığında asansörün davranışı,null,null,null,null,null,null,null,null,null,null,null,false,null,null,[],null,null,null,null,null,null,"[""modul_g_tam""]",null,null
MAD-0902,902,05 - Elektrik ve Test,81-73,Standart / ÜB.FR.42,5.3.1. | ZA: 4.4 4.10,Çağırma sinyalinin diğer güvenlik fonksiyonlarını geçersiz kılmaması,"Yangın çağırma sinyali aktifken elektrik güvenlik devrelerinin, bakım kumandasının, acil durum kumandasının, sismik modun ve uzaktan alarm sisteminin işlevini koruduğunu test edin.",A,Görsel,null,null,null,null,null,null,null,null,null,true,null,null,[],null,"Çağırma araçlarından gelen giriş sinyalleri aşağıda belirtilenlerin hiçbirini geçersiz kılmamalıdır: a) elektrik güvenlik aygıtları; b) bakım kumandası (EN 81-20, 5.12.1.5); c) acil durum elektrik kumandası (EN 81-20, 5.12.1.6); d) asansörün sismik moddaki davranışı (EN 81-77, 5.10.4); e) uzaktan alarm sistemi.",ÜB.FR.42,R.04,null,null,"[""modul_g_tam""]",null,null
MAD-0903,903,05 - Elektrik ve Test,81-73,Standart / ÜB.FR.42,5.3.2. | ZA: 4.1 4.4 4.10,Yangın sinyalinde durak ve kabin kumandalarının devre dışı kalması,Yangın sinyali alındığında tüm durak ve kabin içi çağrı kumandalarının işlevsiz hale geldiğini ve mevcut çağrıların iptal edildiğini test edin.,"A,B",Görsel + Test,null,null,null,null,null,null,null,null,null,true,null,null,[],null,"Otomatik yangın algılama ve alarm sisteminden veya elle çağırma tertibatından yangını gösteren bir sinyal alındığında, tüm durak kumandaları ve kabindeki kumandalar işlevsiz hâle gelmeli ve tüm mevcut çağrılar iptal edilmelidir.",ÜB.FR.42,R.04,null,null,"[""modul_g_tam""]",null,null
MAD-0904,904,03 - Kabin ve Kabin Üstü,81-73,Standart / ÜB.FR.42,(devam) | ZA: 4.1 4.4 4.10,Yangın sinyalinde kapı açma ve alarm butonlarının çalışır kalması,Yangın sinyali sırasında kapı açma butonunun ve acil durum alarm butonunun çalışır durumda kaldığını doğrulayın.,"A,B",Görsel + Test,null,null,null,null,null,null,null,null,null,true,null,null,[],null,"Otomatik yangın algılama ve alarm sisteminden veya elle çağırma tertibatından yangını gösteren bir sinyal alındığında, kapı açık ve acil durum alarm düğmeleri çalışır durumda olmalıdır.",ÜB.FR.42,R.04,null,null,"[""modul_g_tam""]",null,null
MAD-0905,905,05 - Elektrik ve Test,81-73,Standart / ÜB.FR.42,(devam) | ZA: 4.1 4.4 4.10,Bakım/acil durum kumandasında işitsel sinyal,"Asansör bakım kumandası, acil durum elektrik kumandası veya bakım kontrolü altındayken kabin ve makine mahallinde işitsel sinyalin duyulduğunu test edin.","A,B",Görsel + Test,null,null,null,null,null,null,null,null,null,true,null,null,[],null,"Otomatik yangın algılama ve alarm sisteminden veya elle çağırma tertibatından yangını gösteren bir sinyal alındığında, asansör; bakım kumandası, acil durum elektrik kumandası veya herhangi bir bakım kontrolü altına alındığında ve bu işlem süresince kabinde ve ilgili makine mahallerinde işitsel bir sinyal duyulmalıdır.",ÜB.FR.42,R.04,null,null,"[""modul_g_tam""]",null,null
MAD-0906,906,05 - Elektrik ve Test,81-73,Standart / ÜB.FR.42,(devam) | ZA: 4.1 4.4 4.10,İşitsel sinyalin ses seviyesi ayarı,İşitsel sinyalin ses seviyesinin 35-65 dB(A) arasında ayarlanabilir olduğunu ve bakım/acil durum kumandasından çıkınca sinyalin kesildiğini kontrol edin.,"A,B,C",Görsel + Test + Ölçüm,null,Ölçülen Değer,null,null,null,null,null,null,null,true,null,null,[],null,"İşitsel sinyal 55 dB(A) olarak ayarlanan işitsel uyarının ağırlıklandırmalı ses basıncı seviyesi 35 dB(A) ile 65 dB(A) arasında ayarlanabilir olmalıdır. Asansör bakım kumandasından, acil durum elektrik kumandasından veya herhangi bir bakım kontrolünden çıkarıldığında işitsel sinyal iptal edilmelidir.",ÜB.FR.42,R.04,null,null,"[""modul_g_tam""]",null,null
MAD-0907,907,05 - Elektrik ve Test,81-73,Standart / ÜB.FR.42,(devam) | ZA: 4.1 4.4 4.10,Durakta duran asansörün kapanıp belirlenmiş sahanlığa gitmesi,"Durakta duran asansörün kapılarının kapanıp durmaksızın belirlenmiş sahanlığa gittiğini, kapanma sırasında kabin içinde işitsel sinyal duyulduğunu test edin.","A,B",Görsel + Test,null,null,null,null,null,null,null,null,null,true,null,null,[],null,Durakta durmuş bir asansörün kapıları kapanmalı ve durmaksızın belirtilen sahanlığa gitmelidir. Kapılar kapanana kadar kabin içerisinde bir işitsel sinyal duyulmalıdır.,ÜB.FR.42,R.04,null,null,"[""modul_g_tam""]",null,null
MAD-0908,908,05 - Elektrik ve Test,81-73,Standart / ÜB.FR.42,(devam) | ZA: 4.1 4.4 4.10,Kapı koruma aygıtı arızasında düşük enerjili çalışma,"Kapının fiilî açık kalma süresi 20 saniyeyi aştığında kapı koruma aygıtının devre dışı bırakıldığını, kapı kinetik enerjisinin 4 J ile sınırlandığını ve her kapanışta akustik sinyal verildiğini kontrol edin.","A,B,C",Görsel + Test + Ölçüm,null,Ölçülen değer,null,null,null,null,null,null,null,true,null,null,[],null,"Kapının fiilî açık kalma süresi en fazla 20 s’yi geçtiğinde, kapı koruma aygıt(lar)ı devre dışı bırakılmalı ve asansör çalışmaya devam ediyorsa, kapıların kinetik enerjisi 4 J ile sınırlandırılmalı ve kapının/kapıların her kapanışında bir akustik sinyal çalışmalıdır.",ÜB.FR.42,R.04,null,null,"[""modul_g_tam""]",null,null
MAD-0909,909,05 - Elektrik ve Test,81-73,Standart / ÜB.FR.42,(devam) | ZA: 4.1 4.4 4.10,Kapıları açık bekleyen elle/otomatik olmayan kapılı asansörün davranışı,"Elle/otomatik olmayan kapılı asansörün, kapıları açıkken durakta hareketsiz kaldığını; kapılar kapalıyken durmaksızın belirlenmiş sahanlığa gittiğini test edin.","A,B",Görsel + Test,null,null,null,null,null,null,null,null,null,true,null,null,[],null,"Elle çalıştırılan veya otomatik olmayan ve elektrikle çalıştırılan kapıları bulunan bir asansör, kapıları açık şekilde bir durakta duruyorsa, o durakta hareketsiz olarak kalmalıdır. Kapılar kapalıysa asansör, durmaksızın belirlenmiş sahanlığa gitmelidir.",ÜB.FR.42,R.04,null,null,"[""modul_g_tam""]",null,null
MAD-0910,910,05 - Elektrik ve Test,81-73,Standart / ÜB.FR.42,(devam) | ZA: 4.1 4.4 4.10,Ters yöne giden asansörün belirlenmiş sahanlığa dönüşü,"Belirlenmiş sahanlığın tersi yöne giden asansörün normal durup, mümkün olan en yakın durakta kapı açmadan yön değiştirip belirlenmiş sahanlığa döndüğünü test edin.","A,B",Görsel + Test,null,null,null,null,null,null,null,null,null,true,null,null,[],null,"Belirlenmiş duraktan diğer yöne gitmekte olan bir asansör normal şekilde durmalı, mümkün olan en yakın durakta kapılarını açmadan yönünü değiştirmeli ve belirlenmiş sahanlığa geri dönmelidir.",ÜB.FR.42,R.04,null,null,"[""modul_g_tam""]",null,null
MAD-0911,911,05 - Elektrik ve Test,81-73,Standart / ÜB.FR.42,(devam) | ZA: 4.1 4.4 4.10,Belirlenmiş sahanlığa giden asansörün durmadan devam etmesi,Belirlenmiş sahanlığa doğru giden asansörün yolda durmadan (veya durmuşsa kapı açmadan) sahanlığa ulaştığını test edin.,"A,B",Görsel + Test,null,null,null,null,null,null,null,null,null,true,null,null,[],null,"Belirlenmiş sahanlığa doğru gitmekte olan bir asansör, belirlenmiş sahanlığa doğru yoluna hiç durmaksızın devam etmelidir. Eğer asansör bir katta durmaya başlamışsa, normal şekilde durması ve kapılarını açmadan belirlenmiş sahanlığa doğru yoluna devam etmesi kabul edilebilir.",ÜB.FR.42,R.04,null,null,"[""modul_g_tam""]",null,null
MAD-0912,912,05 - Elektrik ve Test,81-73,Standart / ÜB.FR.42,5.3.3. | ZA: 4.4 4.10,Hidrolik asansörlerde kayma önleme sisteminin devre dışı bırakılması,Hidrolik tahrikli asansörlerde otomatik en-aşağı-kat sevk (kayma önleme) işlevinin yangın modunda devre dışı kaldığını test edin.,"A,B",Görsel + Test,null,null,null,null,null,null,null,null,null,true,null,null,[],null,Hidrolik tahrikli asansörlerde elektrikli kayma önleme sisteminin otomatik en aşağı kata sevk etme işlemi devre dışı bırakılmalıdır.,ÜB.FR.42,R.04,null,null,"[""modul_g_tam""]",null,null
MAD-0913,913,05 - Elektrik ve Test,81-73,Standart / ÜB.FR.42,5.3.4. | ZA: 4.4 4.10,Bağlı asansör grubunda arızanın diğerlerini etkilememesi,Bağlantılı asansör grubunda bir asansörün arızasının diğer asansörlerin belirlenmiş sahanlığa dönüşünü engellemediğini test edin.,"A,B",Görsel + Test,null,null,null,null,null,null,null,null,null,true,null,null,[],null,"Bağlantılı asansörler grubundaki bir asansörün arızası, diğer asansörlerin belirlenmiş sahanlığa dönüşünü etkilememelidir.",ÜB.FR.42,R.04,null,null,"[""modul_g_tam""]",null,null
MAD-0914,914,02 - Kuyu Boyunca,81-73,Standart / ÜB.FR.42,5.3.5. | ZA: 4.4 4.10,Belirlenmiş durakta kapı açılması ve tahliye uyarısı,Asansör belirlenmiş durağa vardığında kapıların açıldığını ve sesli/görsel tahliye uyarısının (örn. 'asansörü şimdi terk ediniz') verildiğini test edin.,"A,B,E",Görsel + Test + Talimat/İşaret,null,null,null,null,null,null,null,null,null,true,null,null,[],null,"Asansör kabini belirlenmiş durağa vardığında, elektrikle çalışan kapıları olan asansörler, kapılarını açmalı ve sesli (ör. sözlü mesaj) ve/veya görsel uyarılar (ör. “yangın alarmı - asansör devre dışı - şimdi asansörü terk ediniz” gibi yazılı bildirimler) yapmalıdır.",ÜB.FR.42,R.04,null,null,"[""modul_g_tam""]",null,null
MAD-0915,915,02 - Kuyu Boyunca,81-73,Standart / ÜB.FR.42,(devam) | ZA: 4.4 4.10,Bekleme süresi aşımında kapıların kapanıp hizmet dışı bırakılması,Belirlenmiş durakta kapı bekleme süresi 20 saniyeyi aştığında kapıların kapanıp asansörün hizmet dışı bırakıldığını test edin.,"A,B",Görsel + Test,null,null,null,null,null,null,null,null,null,true,null,null,[],null,"Asansör kabini belirlenmiş durağa vardığında, kapının fiilî bekleme süresi en fazla 20 saniyeyi aştığında, kabin ve durak kapıları kapatılmalı ve asansör hizmet dışı bırakılmalıdır.",ÜB.FR.42,R.04,null,null,"[""modul_g_tam""]",null,null
MAD-0916,916,02 - Kuyu Boyunca,81-73,Standart / ÜB.FR.42,(devam) | ZA: 4.4 4.10,Belirlenmiş durakta kapı açma ve alarm butonlarının çalışırlığı,Belirlenmiş durakta kapı açma ve acil durum alarm butonlarının çalışır durumda kaldığını doğrulayın.,"A,B",Görsel + Test,null,null,null,null,null,null,null,null,null,true,null,null,[],null,"Asansör kabini belirlenmiş durağa vardığında, kapı açma ve acil durum alarm butonları çalışır durumda olmalıdır.",ÜB.FR.42,R.04,null,null,"[""modul_g_tam""]",null,null
MAD-0917,917,02 - Kuyu Boyunca,81-73,Standart / ÜB.FR.42,(devam) | ZA: 4.4 4.10,İtfaiye personeli için kat çağrısıyla kapı açma süresi,"Belirlenmiş duraktan gelen kat çağrısının, o duraktaki asansörün kapılarını en fazla 20 saniye açık tuttuğunu (itfaiye personelinin kabini kontrol edebilmesi için) test edin.","A,B",Görsel + Test,null,null,null,null,null,null,null,null,null,true,null,null,[],null,"İtfaiye personelinin, kabinin katta olup olmadığını ve içeride insanların mahsur kalıp kalmadığını kontrol etmesini sağlamak için, belirlenmiş duraktan gelen kat çağrısı, karşılık gelen belirlenmiş durakta bulunan asansörün kapılarının en fazla 20 s açılmasını sağlamalıdır.",ÜB.FR.42,R.04,null,null,"[""modul_g_tam""]",null,null
MAD-0918,918,02 - Kuyu Boyunca,81-73,Standart / ÜB.FR.42,(devam) | ZA: 4.4 4.10,Güvenli alanda kapılar açık bekleme istisnası,"Ulusal yönetmeliğe göre güvenli alan sağlanan duraklarda asansörün kapıları açık, hizmet dışı şekilde bu alanda bekleyebildiğini doğrulayın.","A,B",Görsel + Test,null,null,null,null,null,null,null,null,null,true,null,null,[],null,"Ulusal yönetmeliklere göre ve belirlenen durak(lar)da asansör kat kapılarının önünde güvenli bir alan sağlandığında asansör, kabin ve durak kapıları açık olarak bu alanda durur vaziyette bulunabilir. Asansör hizmet dışı bırakılmalıdır.",ÜB.FR.42,R.04,null,null,"[""modul_g_tam""]",null,null
MAD-0919,919,02 - Kuyu Boyunca,81-73,Standart / ÜB.FR.42,(devam) | ZA: 4.4 4.10,Kilit açılma bölgesinde kapıların elle açılabilmesi,"Kilit açılma bölgesinde durakta, kapıların hem duraktan (acil kilit açma anahtarıyla) hem kabin içinden 300 N'u aşmayan bir kuvvetle elle açılabildiğini test edin.","A,B,C",Görsel + Test + Ölçüm,null,Ölçülen değer,null,null,null,null,null,null,null,true,null,null,[],null,"Asansör kabini belirlenmiş durağa vardığında, her durumda, kapılar eğer kilit açılma bölgesinde duruyorsa, 300 N’dan daha büyük olmayan bir kuvvet ile aşağıdaki konumlarda kabin ve durak kapısını elle açmak mümkün olmalıdır: a) durak kapısının kilidi acil durum kilit açma anahtarı ile veya kabin kapısı tarafından açıldıktan sonra duraktan, b) kabinin içinden.",ÜB.FR.42,R.04,null,null,"[""modul_g_tam""]",null,null
MAD-0920,920,02 - Kuyu Boyunca,81-73,Standart / ÜB.FR.42,5.3.6. | ZA: 4.4 4.10,Elle açılan kapılı asansörlerde hizmet dışı bırakma ve tahliye uyarısı,Elle açılan kapılı asansörlerin belirlenmiş durakta hizmet dışı bırakılıp kapıların açıldığını ve sesli/görsel tahliye uyarısının verildiğini test edin.,"A,B,E",Görsel + Test + Talimat/İşaret,null,null,null,null,null,null,null,null,null,true,null,null,[],null,"Asansör kabini belirlenmiş durağa varıldığında, elle açılan kapılara sahip asansörler hizmet dışı bırakılmalı, kapı(lar) açılmalı ve işitsel (ör. sözlü mesaj) ve/veya görsel uyarı (ör. “yangın alarmı- asansör devre dışı - şimdi asansörü terk ediniz” gibi yazılı bildirimler) yapılmalıdır.",ÜB.FR.42,R.04,null,null,"[""modul_g_tam""]",null,null
MAD-0921,921,05 - Elektrik ve Test,81-73,Standart / ÜB.FR.42,5.3.7. | ZA: 4.4 4.10,Yangın sinyali sıfırlanınca otomatik normal çalışmaya dönüş,Yangın algılama sistemi veya yetkili elle sıfırlama sonrası asansörün otomatik olarak normal çalışmaya döndüğünü test edin.,"A,B",Görsel + Test,null,null,null,null,null,null,null,null,null,true,null,null,[],null,Otomatik yangın algılama sistemi sıfırlandığında bu sistemden gelen elektrik sinyali ile veya yalnızca yetkili kişilerce sıfırlanabilecek şekilde tasarımlanmış elle çağırma sisteminin sıfırlanması ile asansör otomatik olarak normal çalışacak hâle gelmelidir.,ÜB.FR.42,R.04,null,null,"[""modul_g_tam""]",null,null
MAD-0922,922,09 - TS EN 81-73 Yangın Davranışı,81-73,Standart / ÜB.FR.42,"Yukarıda Yöntem kısmında belirtilen numaralandırma; a Tedarik edilen bileşenlerin görsel incelemesinde gerekli özelliklerin doğrulanması için gözle muayene kullanılır. b Bir performans doğrulaması/deneyi, sağlanan özelliklerin, gerekliliği karşılayacak şekilde işlevlerini yerine getirdiğini doğrular. c Ölçüm, gerekliliklerin belirtilen sınırlara kadar karşılandığını, aletlerin kullanımıyla doğrular. d Çizimler/hesaplamalar, tedarik edilen bileşenlerin tasarım karakteristiklerinin gereklilikleri karşıladığını doğrular. e İlgili noktanın ele alındığını talimat el kitabında veya işaretleyerek doğrular. | ZA: Yukarıda Yöntem kısmında belirtilen numaralandırma; a Tedarik edilen bileşenlerin görsel incelemesinde gerekli özelliklerin doğrulanması için gözle muayene kullanılır. b Bir performans doğrulaması/deneyi, sağlanan özelliklerin, gerekliliği karşılayacak şekilde işlevlerini yerine getirdiğini doğrular. c Ölçüm, gerekliliklerin belirtilen sınırlara kadar karşılandığını, aletlerin kullanımıyla doğrular. d Çizimler/hesaplamalar, tedarik edilen bileşenlerin tasarım karakteristiklerinin gereklilikleri karşıladığını doğrular. e İlgili noktanın ele alındığını talimat el kitabında veya işaretleyerek doğrular.",Yasak işareti,"Yukarıda Yöntem kısmında belirtilen numaralandırma; a Tedarik edilen bileşenlerin görsel incelemesinde gerekli özelliklerin doğrulanması için gözle muayene kullanılır. b Bir performans doğrulaması/deneyi, sağlanan özelliklerin, gerekliliği karşılayacak şekilde işlevlerini yerine getirdiğini doğrular. c Ölçüm, gerekliliklerin belirtilen sınırlara kadar karşılandığını, aletlerin kullanımıyla doğrular. d Çizimler/hesaplamalar, tedarik edilen bileşenlerin tasarım karakteristiklerinin gereklilikleri karşıladığını doğrular. e İlgili noktanın ele alındığını talimat el kitabında veya işaretleyerek doğrular.","YukarıdaYöntemkısmındabelirtilennumaralandırma;aTedarikedilenbileşenleringörselincelemesindegerekliözelliklerindoğrulanmasıiçingözlemuayenekullanılır.bBirperformansdoğrulaması/deneyi,sağlananözelliklerin,gerekliliğikarşılayacakşekildeişlevleriniyerinegetirdiğinidoğrular.cÖlçüm,gerekliliklerinbelirtilensınırlarakadarkarşılandığını,aletlerinkullanımıyladoğrular.dÇizimler/hesaplamalar,tedarikedilenbileşenlerintasarımkarakteristikleriningerekliliklerikarşıladığınıdoğrular.eİlgilinoktanınelealındığınıtalimatelkitabındaveyaişaretleyerekdoğrular.",null,null,null,null,null,null,null,null,null,null,false,null,null,[],null,null,null,null,null,null,"[""modul_g_tam""]",null,null
MAD-0923,923,03 - Kabin ve Kabin Üstü,81-70,Standart / ÜB.FR.43,Genel şart,Kabin tipi seçimi,"Bu bölümdeki tip-bağımlı maddeler (asgari boyutlar, geri hareket görüş desteği, el tutamağı, serbest giriş açıklığı vb.) burada seçtiğiniz kabin tipine göre değerlendirilir. Aşağıdan sahadaki kabinin tipini seçin: Tip 1 — genişlik 1000 mm, derinlik 1300 mm (450 kg); refakatsiz tekerlekli sandalye kullanıcısı; yalnız tip 2 kurulumuna imkân vermeyen mevcut binalarda. Tip 2 — genişlik 1100 mm, derinlik 1400 mm (630 kg); tekerlekli sandalye kullanıcısı + refakatçi; yeni binalarda asgari tip. Tip 3 — genişlik 1100 mm, derinlik 2100 mm (1000 kg); C sınıfı tekerlekli sandalye + sedye taşıma; kamusal alanlar. Tip 4 — genişlik 1600/derinlik 1400 mm veya genişlik 1400/derinlik 1600 mm (1000 kg); tekerlekli sandalyenin kabin içinde dönebildiği tip; bitişik duvarlı kapılarda asgari. Tip 5 — genişlik 2000/derinlik 1400 mm veya genişlik 1400/derinlik 2000 mm (1275 kg); tekerlekli sandalyenin döndüğü, birkaç yolcu daha alan en büyük tip.",null,null,null,null,null,null,null,null,null,null,null,true,null,null,"[{""id"":""kabin_tipi_secimi"",""tur"":""secim"",""etiket"":""Kabin tipi"",""secenekler"":[""Tip 1"",""Tip 2"",""Tip 3"",""Tip 4"",""Tip 5""],""paylasimli_anahtar"":""kabin_tipi_secimi"",""referans_metni"":""Bu bölümdeki diğer tip-bağımlı maddeler bu seçime göre otomatik değerlendirilir.""}]",null,"Kabin tipi, sayısı ve boyutları. Kabin genişliği: kabinin yapı duvarlarının iç yüzeyleri arasındaki, ön girişe paralel ölçülen yatay mesafe. Kabin derinliği: kabinin yapı duvarlarının iç yüzeyleri arasındaki, genişliğe dik ölçülen yatay mesafe.",ÜB.FR.43,R.04,null,null,"[""modul_g_tam""]",null,null
MAD-0924,924,03 - Kabin ve Kabin Üstü,81-70,Standart / ÜB.FR.43,5.3.1. | ZA: 1.2,Tip 1 kabinin asgari boyutları ve kullanım amacı,"Tip 1 kabinler için asgari kabin boyutları; kabin genişliği: 1000 mm , Kabin derinliği: 1300 mm (450 kg) olmalıdır. Bu kabin, yanında refakatçisi olmayan bir tekerlekli sandalye kullanıcısını barındırır Yalnızca, yapı kısıtlarının tip 2 kabin kurulumuna imkân vermediği mevcut binalardakullanılmalıdır",C,Ölçüm,null,null,null,null,null,null,null,null,null,true,null,null,[],"{""paylasimli_anahtar"":""kabin_tipi_secimi"",""operator"":""icermez"",""deger"":""Tip 1""}","Tip 1 kabinler için asgari kabin boyutları; kabin genişliği: 1000 mm , Kabin derinliği: 1300 mm (450 kg) olmalıdır. Bu kabin, yanında refakatçisi olmayan bir tekerlekli sandalye kullanıcısını barındırır Yalnızca, yapı kısıtlarının tip 2 kabin kurulumuna imkân vermediği mevcut binalardakullanılmalıdır",ÜB.FR.43,R.04,null,null,"[""modul_g_tam""]",null,null
MAD-0925,925,03 - Kabin ve Kabin Üstü,81-70,Standart / ÜB.FR.43,(devam) | ZA: 1.2,Tip 2 kabinin asgari boyutları ve kullanım amacı,"Tip 2 kabinler için asgari kabin boyutları; kabin genişliği: 1100 mm , Kabin derinliği: 1400 mm (630 kg) olmalıdır. Bu kabin, bir tekerlekli sandalye kullanıcısını ve yanında bir refakatçiyi barındırır. Yeni binalar için monte edilecek kabinin asgari boyutları Tip 2 kabin için verilen minimum ölçülerde olmalıdır.",C,Ölçüm,null,null,null,null,null,null,null,null,null,true,null,null,[],"{""paylasimli_anahtar"":""kabin_tipi_secimi"",""operator"":""icermez"",""deger"":""Tip 2""}","Tip 2 kabinler için asgari kabin boyutları; kabin genişliği: 1100 mm , Kabin derinliği: 1400 mm (630 kg) olmalıdır. Bu kabin, bir tekerlekli sandalye kullanıcısını ve yanında bir refakatçiyi barındırır. Yeni binalar için monte edilecek kabinin asgari boyutları Tip 2 kabin için verilen minimum ölçülerde olmalıdır.",ÜB.FR.43,R.04,null,null,"[""modul_g_tam""]",null,null
MAD-0926,926,03 - Kabin ve Kabin Üstü,81-70,Standart / ÜB.FR.43,(devam) | ZA: 1.2,Tip 3 kabinin asgari boyutları ve kullanım amacı,"Tip 3 kabinler için asgari kabin boyutları; kabin genişliği: 1100 mm , Kabin derinliği: 2100 mm (1000 kg) olmalıdır. Bu kabin C sınıfı tekerlekli sandalyeli bir kullanıcıyı ve başka yolcuları barındırır. Ayrıca sedyelerin taşınmasına da olanak verir. Kamusal alanlardaki kabinler (ör. dış mekanlar, istasyonlar vb.) ve C sınıfı tekerlekli sandalyelerin taşınmasının sağlanacağı araçlar için tavsiye edilen boyut",C,Ölçüm,null,null,null,null,null,null,null,null,null,true,null,null,[],"{""paylasimli_anahtar"":""kabin_tipi_secimi"",""operator"":""icermez"",""deger"":""Tip 3""}","Tip 3 kabinler için asgari kabin boyutları; kabin genişliği: 1100 mm , Kabin derinliği: 2100 mm (1000 kg) olmalıdır. Bu kabin C sınıfı tekerlekli sandalyeli bir kullanıcıyı ve başka yolcuları barındırır. Ayrıca sedyelerin taşınmasına da olanak verir. Kamusal alanlardaki kabinler (ör. dış mekanlar, istasyonlar vb.) ve C sınıfı tekerlekli sandalyelerin taşınmasının sağlanacağı araçlar için tavsiye edilen boyut",ÜB.FR.43,R.04,null,null,"[""modul_g_tam""]",null,null
MAD-0927,927,03 - Kabin ve Kabin Üstü,81-70,Standart / ÜB.FR.43,(devam) | ZA: 1.2,Tip 4 kabinin asgari boyutları ve kullanım amacı,"Tip 4 kabinler için asgari kabin boyutları; Kabin genişliği: 1600 mm, kabin derinliği: 1400 veya kabin genişliği:1400 , kabin derinliği: 1600 mm (1000 kg) olmalıdır. Bu kabin bir tekerlekli sandalye kullanıcısını veaz sayıda başka yolcuyu barındırır. Ayrıcabir tekerlekli sandalyenin kabin içerisinde döndürülmesine olanak verir. Bitişik duvarlarda kapıları olan kabinler için asgari boyutlar tip 4 e uygun olmalıdır.",C,Ölçüm,null,null,null,null,null,null,null,null,null,true,null,null,[],"{""paylasimli_anahtar"":""kabin_tipi_secimi"",""operator"":""icermez"",""deger"":""Tip 4""}","Tip 4 kabinler için asgari kabin boyutları; Kabin genişliği: 1600 mm, kabin derinliği: 1400 veya kabin genişliği:1400 , kabin derinliği: 1600 mm (1000 kg) olmalıdır. Bu kabin bir tekerlekli sandalye kullanıcısını veaz sayıda başka yolcuyu barındırır. Ayrıcabir tekerlekli sandalyenin kabin içerisinde döndürülmesine olanak verir. Bitişik duvarlarda kapıları olan kabinler için asgari boyutlar tip 4 e uygun olmalıdır.",ÜB.FR.43,R.04,null,null,"[""modul_g_tam""]",null,null
MAD-0928,928,03 - Kabin ve Kabin Üstü,81-70,Standart / ÜB.FR.43,(devam) | ZA: 1.2,Tip 5 kabinin asgari boyutları ve kullanım amacı,"Tip 5 kabinler için asgari kabin boyutları; Kabin genişliği: 2000 mm, kabin derinliği: 1400 veya kabin genişliği:1400, kabin derinliği: 2000 mm (1275 kg) olmalıdır. Bu kabin bir tekerlekli sandalye kullanıcısını ve başka birkaç yolcuyu barındırır. Ayrıca bir tekerlekli sandalyenin kabin içerisinde döndürülmesine olanak verir.",C,Ölçüm,null,null,null,null,null,null,null,null,null,true,null,null,[],"{""paylasimli_anahtar"":""kabin_tipi_secimi"",""operator"":""icermez"",""deger"":""Tip 5""}","Tip 5 kabinler için asgari kabin boyutları; Kabin genişliği: 2000 mm, kabin derinliği: 1400 veya kabin genişliği:1400, kabin derinliği: 2000 mm (1275 kg) olmalıdır. Bu kabin bir tekerlekli sandalye kullanıcısını ve başka birkaç yolcuyu barındırır. Ayrıca bir tekerlekli sandalyenin kabin içerisinde döndürülmesine olanak verir.",ÜB.FR.43,R.04,null,null,"[""modul_g_tam""]",null,null
MAD-0929,929,03 - Kabin ve Kabin Üstü,81-70,Standart / ÜB.FR.43,5.3.2.3. | ZA: 1.2,"Tip 1, 2 ve 3 kabinlerde geri hareket görüş desteği","1., 2. ve 3. tip kabinlerde geçerlidir (kabinin tipini bu bölümün başındaki ""Kabin tipi seçimi"" maddesinden görün). Geri geri giderken yolcuların arkalarındaki engelleri gözleyebilmeleri için bir aygıt (ör. ayna) kurulduğunu kontrol edin.",A,Görsel,null,null,null,null,null,null,null,null,null,true,null,null,[],null,"1., 2. ve 3. tip kabinler için, geri geri giderken yolcuların arkalarındaki engelleri gözleyebilmeleri için bir aygıt kurulmalıdır.",ÜB.FR.43,R.04,null,null,"[""modul_g_tam""]",null,null
MAD-0930,930,03 - Kabin ve Kabin Üstü,81-70,Standart / ÜB.FR.43,5.3.1. | ZA: 1.2,Kabin iç kaplamalarının net kabin ölçülerine etkisi,"Kabin boyutları, kabinin yapı duvarları arasından ölçülmelidir. Duvarlar üzerinde bulunan, Çizelge 3'te verilen asgari kabin boyutlarını azaltan dekoratif uygulamaların kalınlığı 15 mm'yi aşmamalıdır.",C,Ölçüm,null,Dekoratif Uygulamaların Kalınlığı,null,null,null,null,null,null,null,true,null,null,"[{""id"":""dekoratif_kaplama_kalinligi"",""etiket"":""Kabin içi dekoratif kaplamanın en büyük kalınlığı"",""birim"":""mm"",""tur"":""sayi"",""kaynak"":""ÜB.FR.43 R.04 — TS EN 81-70 Erişilebilirlik Kontrol Formu"",""referans_metni"":""En fazla 15 mm""}]",null,"Kabin boyutları, kabinin yapı duvarları arasından ölçülmelidir. Duvarlar üzerinde bulunan, Çizelge 3'te verilen asgari kabin boyutlarını azaltan dekoratif uygulamaların kalınlığı 15 mm'yi aşmamalıdır.",ÜB.FR.43,R.04,null,null,"[""modul_g_tam"",""saha_teyidi_e"",""saha_teyidi_h1""]",null,null
MAD-0931,931,03 - Kabin ve Kabin Üstü,81-70,Standart / ÜB.FR.43,(devam) | ZA: 1.2,Kabin ve kapı özelliklerinin onaylı projeye uygunluğu,"Asansörün kabin ölçüleri, kapı ölçüleri, kapı tipi, hızı ve durak sayısı ilgili idarenin onaylı avan veya uygulama projelerine uygun olmalıdır.","A,C",Görsel + Ölçüm,null,null,null,null,null,null,null,null,null,true,null,null,[],null,"Asansörün kabin ölçüleri, kapı ölçüleri, kapı tipi, hızı ve durak sayısı ilgili idarenin onaylı avan veya uygulama projelerine uygun olmalıdır.",ÜB.FR.43,R.04,null,null,"[""modul_g_tam""]",null,null
MAD-0932,932,03 - Kabin ve Kabin Üstü,81-70,Standart / ÜB.FR.43,(devam) | ZA: 1.2,Erişilebilir asansör sağlanması,"Kamuya açık binalardaki (Otel, sinema, tiyatro, hastane, lokanta, okul, yurt, lokal, işyeri (belediye kamu binaları ve benzeri), açık ve kapalı spor tesisleri, eğitim ve dinlenme tesisi ve benzeri binalar) asansörlerde tüm katlara hizmet eden (mevcut binalarda en az bir adet) engelli kişiler için erişim sağlamaya yönelik tedbirler alınmalıdır.",E,Talimat/İşaret,null,null,null,null,null,null,null,null,null,true,null,null,[],null,"Kamuya açık binalardaki (Otel, sinema, tiyatro, hastane, lokanta, okul, yurt, lokal, işyeri (belediye kamu binaları ve benzeri), açık ve kapalı spor tesisleri, eğitim ve dinlenme tesisi ve benzeri binalar) asansörlerde tüm katlara hizmet eden (mevcut binalarda en az bir adet) engelli kişiler için erişim sağlamaya yönelik tedbirler alınmalıdır.",ÜB.FR.43,R.04,null,null,"[""modul_g_tam""]",null,null
MAD-0933,933,03 - Kabin ve Kabin Üstü,81-70,Standart / ÜB.FR.43,(devam) | ZA: 1.2,Tek asansörlü binada erişilebilir kabin ve kapı ölçüleri,"Planlı Alanlar İmar Yönetmeliği kapsamında asansörde engelli kişiler için erişim sağlamaya yönelik Tek asansörlü binalarda asansör kabininin dar kenarı (1,20) m. ve alanı (1,80) m2 den, kapı genişliği ise (0,90) m. den az olamaz. (Büyükşehir belediyelerinin yayımlamış olduğu imar yönetmelikleri varsa boyutlar büyükşehir imar yönetmeliklerine uygun olmalıdır.)","C,E",Ölçüm + Talimat/İşaret,null,null,null,null,null,null,null,null,null,true,null,null,[],null,"Planlı Alanlar İmar Yönetmeliği kapsamında asansörde engelli kişiler için erişim sağlamaya yönelik Tek asansörlü binalarda asansör kabininin dar kenarı (1,20) m. ve alanı (1,80) m2 den, kapı genişliği ise (0,90) m. den az olamaz. (Büyükşehir belediyelerinin yayımlamış olduğu imar yönetmelikleri varsa boyutlar büyükşehir imar yönetmeliklerine uygun olmalıdır.)",ÜB.FR.43,R.04,null,null,"[""modul_g_tam""]",null,null
MAD-0934,934,03 - Kabin ve Kabin Üstü,81-70,Standart / ÜB.FR.43,(devam) | ZA: 1.2,Birden fazla asansörlü binada erişilebilir kabin sayısı ve ölçüleri,"Planlı Alanlar İmar Yönetmeliği kapsamında birden fazla asansör bulunan binalarda engelli kişiler için erişim sağlamaya yönelik asansör sayısının yarısı kadar asansörün ölçüleri asansör kabininin dar kenarı (1,20) m. ve alanı (1,80) m2 den, kapı genişliği ise (0,90) m. den az olamaz.(Büyükşehir belediyelerinin yayımlamış olduğu imar yönetmelikleri varsa boyutlar büyükşehir imar yönetmeliklerine uygun olmalıdır.)","C,E",Ölçüm + Talimat/İşaret,null,null,null,null,null,null,null,null,null,true,null,null,[],null,"Planlı Alanlar İmar Yönetmeliği kapsamında birden fazla asansör bulunan binalarda engelli kişiler için erişim sağlamaya yönelik asansör sayısının yarısı kadar asansörün ölçüleri asansör kabininin dar kenarı (1,20) m. ve alanı (1,80) m2 den, kapı genişliği ise (0,90) m. den az olamaz.(Büyükşehir belediyelerinin yayımlamış olduğu imar yönetmelikleri varsa boyutlar büyükşehir imar yönetmeliklerine uygun olmalıdır.)",ÜB.FR.43,R.04,null,null,"[""modul_g_tam""]",null,null
MAD-0935,935,03 - Kabin ve Kabin Üstü,81-70,Standart / ÜB.FR.43,5.2.1. | ZA: 1.2,Durak ve kabin kapı kontrolleri,Durak ve kabin kapıları otomatik işleyen yatay kayar kapılar olmalıdır.,C,Ölçüm,null,Ölçülen değer,null,null,null,null,null,null,null,true,null,null,[],null,Durak ve kabin kapıları otomatik işleyen yatay kayar kapılar olmalıdır.,ÜB.FR.43,R.04,null,null,"[""modul_g_tam""]",null,null
MAD-0936,936,03 - Kabin ve Kabin Üstü,81-70,Standart / ÜB.FR.43,(devam),Durak ve kabin kapı kontrolleri,"Kabinin tipini bu bölümün başındaki ""Kabin tipi seçimi"" maddesinden görün. Asgari net açıklık genişliği tipe göre değişir: Tip 1 için 800 mm, Tip 2/3/4 için 900 mm, Tip 5 için 1100 mm (mevcut binalarda Tip 2 için asgari 800 mm kabul edilir). Uygulama yalnız 800 mm’lik ortak tabanı otomatik kontrol eder; Tip 2 ve üzerinde gerçek eşiğin 900/1100 mm olduğunu siz doğrulayın.",C,Ölçüm,null,null,null,null,null,null,null,800,>=,true,null,null,[],null,"Serbest giriş açıklığı Net açıklık genişliği asgari, Tip 1 kabinler için 800 mm, Tip 2, Tip 3 ve Tip 4 kabinler için 900 mm ve Tip 5 kabinler için 1100 mm olmalıdır. Mevcut binalarda net açıklık genişliği Tip 2 kabinler için asgari 800 mm olmalıdır.",ÜB.FR.43,R.04,null,null,"[""modul_g_tam""]",null,null
MAD-0937,937,03 - Kabin ve Kabin Üstü,81-70,Standart / ÜB.FR.43,(devam),Durak ve kabin kapı kontrolleri,"Kapının yerinin kolayca bulunabilmesi için, kapı rengi ve renk tonu kendini çevreleyen duvarın rengiyle zıtlık oluşturmalıdır.",A,Görsel,null,null,null,null,null,null,null,null,null,true,null,null,[],null,"Kapının yerinin kolayca bulunabilmesi için, kapı rengi ve renk tonu kendini çevreleyen duvarın rengiyle zıtlık oluşturmalıdır.",ÜB.FR.43,R.04,null,null,"[""modul_g_tam""]",null,null
MAD-0938,938,03 - Kabin ve Kabin Üstü,81-70,Standart / ÜB.FR.43,(devam),Durak ve kabin kapı kontrolleri,"Engelliler tarafından kullanılması amaçlanan asansörün kabin kapısında kabin kapı eşiğinden 25 mm ile 1800 mm yukarı bir mesafeye kadar kapsayan (örneğin, ışın perdesi) ve kullanıcı ile kapanan kapı panel/panellerinin ön kenarları arasındaki fiziksel teması önleyecek bir algılayıcı olmalıdır.","A,B,C,D,E",Görsel + Test + Ölçüm + Çizim/Hesap + Talimat/İşaret,null,Başlangıç Ölçüsü,null,Bitiş Ölçüsü,null,null,null,null,null,true,null,null,"[{""id"":""isik_perdesi_baslangic"",""etiket"":""Koruyucu algılama alanının eşikten başlangıç yüksekliği"",""birim"":""mm"",""tur"":""sayi"",""kaynak"":""ÜB.FR.43 R.04 — TS EN 81-70 Erişilebilirlik Kontrol Formu"",""referans_metni"":""En fazla 25 mm""},{""id"":""isik_perdesi_bitis"",""etiket"":""Koruyucu algılama alanının eşikten bitiş yüksekliği"",""birim"":""mm"",""tur"":""sayi"",""kaynak"":""ÜB.FR.43 R.04 — TS EN 81-70 Erişilebilirlik Kontrol Formu"",""referans_metni"":""En az 1800 mm""}]",null,"Engelliler tarafından kullanılması amaçlanan asansörün kabin kapısında kabin kapı eşiğinden 25 mm ile 1800 mm yukarı bir mesafeye kadar kapsayan (örneğin, ışın perdesi) ve kullanıcı ile kapanan kapı panel/panellerinin ön kenarları arasındaki fiziksel teması önleyecek bir algılayıcı olmalıdır.",ÜB.FR.43,R.04,null,null,"[""modul_g_tam"",""saha_teyidi_e"",""saha_teyidi_h1""]",null,null
MAD-0939,939,03 - Kabin ve Kabin Üstü,81-70,Standart / ÜB.FR.43,(devam),Durak ve kabin kapı kontrolleri,"Bina girişinden itibaren mümkün olan bütün katlarda, durak katlarına engelsiz olarak erişilebilmelidir.",E,Talimat/İşaret,null,null,null,null,null,null,null,null,null,true,null,null,[],null,"Bina girişinden itibaren mümkün olan bütün katlarda, durak katlarına engelsiz olarak erişilebilmelidir.",ÜB.FR.43,R.04,null,null,"[""modul_g_tam""]",null,null
MAD-0940,940,03 - Kabin ve Kabin Üstü,81-70,Standart / ÜB.FR.43,(devam),Durak ve kabin kapı kontrolleri,Engelli kullanımı için tasarlanan asansör bina girişinden açıkça görülemiyor ise girişten itibaren yönlendirme işaretleri olmalıdır.,"A,E",Görsel + Talimat/İşaret,null,null,null,null,null,null,null,null,null,true,null,null,[],null,Engelli kullanımı için tasarlanan asansör bina girişinden açıkça görülemiyor ise girişten itibaren yönlendirme işaretleri olmalıdır.,ÜB.FR.43,R.04,null,null,"[""modul_g_tam""]",null,null
MAD-0941,941,03 - Kabin ve Kabin Üstü,81-70,Standart / ÜB.FR.43,(devam),Durak ve kabin kapı kontrolleri,Engelli kullanımı için tasarlanan asansörlerde kabinin katlarda durma hassasiyeti ± 10 mm. olmalıdır ve kabinin katlarda kat seviyesinden ± 20 mm. kayması durumunda otomatik seviyeleme olmalıdır.,"A,C",Görsel + Ölçüm,null,Durma Hassasiyeti,null,null,null,null,null,null,null,true,null,null,"[{""id"":""durma_hassasiyeti"",""etiket"":""Ölçülen en büyük durma seviye farkı"",""birim"":""mm"",""tur"":""sayi"",""kaynak"":""ÜB.FR.43 R.04 — TS EN 81-70 Erişilebilirlik Kontrol Formu"",""referans_metni"":""±10 mm sınırı sahada gözlenen en büyük mutlak değer üzerinden kontrol edilir.""},{""id"":""yeniden_seviyeleme_sapmasi"",""etiket"":""Yeniden seviyeleme öncesi gözlenen en büyük sapma"",""birim"":""mm"",""tur"":""sayi"",""kaynak"":""ÜB.FR.43 R.04 — TS EN 81-70 Erişilebilirlik Kontrol Formu"",""referans_metni"":""±20 mm sınırı sahada gözlenen en büyük mutlak değer üzerinden kontrol edilir.""}]",null,Engelli kullanımı için tasarlanan asansörlerde kabinin katlarda durma hassasiyeti ± 10 mm. olmalıdır ve kabinin katlarda kat seviyesinden ± 20 mm. kayması durumunda otomatik seviyeleme olmalıdır.,ÜB.FR.43,R.04,null,null,"[""modul_g_tam"",""saha_teyidi_e"",""saha_teyidi_h1""]",null,null
MAD-0942,942,03 - Kabin ve Kabin Üstü,81-70,Standart / ÜB.FR.43,(devam),Durak ve kabin kapı kontrolleri,Her katta asansör kapısının açıldığı sahanlığın genişliği (derinliği); asansör kapısı sürme kapı ise en az 120 cm asansör kapısı dışa açılan kapı ise en az 150 cm olmalıdır. (Yeniden yapılacak veya tadilat sırasında değiştirilecek sahanlık ölçüleri en az 150 cm x 150 cm olmalıdır.),C,Ölçüm,null,Ölçülen değer,null,null,null,null,null,120,>=,true,null,null,"[{""id"":""sahanlik_net_genisligi"",""etiket"":""Durak kapısı önündeki net sahanlık genişliği"",""birim"":""mm"",""tur"":""sayi"",""kaynak"":""ÜB.FR.43 R.04 — TS EN 81-70 Erişilebilirlik Kontrol Formu"",""referans_metni"":""Sahada görülen net değer kaydedilir.""},{""id"":""sahanlik_net_derinligi"",""etiket"":""Durak kapısı önündeki net sahanlık derinliği"",""birim"":""mm"",""tur"":""sayi"",""kaynak"":""ÜB.FR.43 R.04 — TS EN 81-70 Erişilebilirlik Kontrol Formu"",""referans_metni"":""Sahada görülen net değer kaydedilir.""}]",null,Her katta asansör kapısının açıldığı sahanlığın genişliği (derinliği); asansör kapısı sürme kapı ise en az 120 cm asansör kapısı dışa açılan kapı ise en az 150 cm olmalıdır. (Yeniden yapılacak veya tadilat sırasında değiştirilecek sahanlık ölçüleri en az 150 cm x 150 cm olmalıdır.),ÜB.FR.43,R.04,null,null,"[""modul_g_tam"",""saha_teyidi_e"",""saha_teyidi_h1""]",null,null
MAD-0943,943,03 - Kabin ve Kabin Üstü,81-70,Standart / ÜB.FR.43,(devam),Durak ve kabin kapı kontrolleri,"Asansörün önündeki sahanlıktan asansör kabinine erişimde eşik, basamak veya kot farkı olmamalıdır. (6 mm’ye kadar olan seviye farklılıkları için özel bir kenar düzenlemesi gerekmemektedir. 6 mm -13 mm arasındaki seviye farklılıkları 1:2'den daha fazla olmayan bir eğimle düzenlenebilir. 13 mm’den daha fazla olan seviye farklılıkları için 1:12 geçmeyecek şekilde uygun biçimde rampa yapılmalıdır.)",C,Ölçüm,null,Kot Farkı,null,null,null,null,null,null,null,true,null,null,"[{""id"":""kabin_sahanlik_kot_farki"",""etiket"":""Kabin eşiği ile sahanlık arasındaki en büyük kot farkı"",""birim"":""mm"",""tur"":""sayi"",""kaynak"":""ÜB.FR.43 R.04 — TS EN 81-70 Erişilebilirlik Kontrol Formu"",""referans_metni"":""Sahada görülen en büyük mutlak değer kaydedilir.""}]",null,"Asansörün önündeki sahanlıktan asansör kabinine erişimde eşik, basamak veya kot farkı olmamalıdır. (6 mm’ye kadar olan seviye farklılıkları için özel bir kenar düzenlemesi gerekmemektedir. 6 mm -13 mm arasındaki seviye farklılıkları 1:2'den daha fazla olmayan bir eğimle düzenlenebilir. 13 mm’den daha fazla olan seviye farklılıkları için 1:12 geçmeyecek şekilde uygun biçimde rampa yapılmalıdır.)",ÜB.FR.43,R.04,null,null,"[""modul_g_tam"",""saha_teyidi_e"",""saha_teyidi_h1""]",null,null
MAD-0944,944,03 - Kabin ve Kabin Üstü,81-70,Standart / ÜB.FR.43,5.3.2.4.,Durak ve kabin kapı kontrolleri,"Asansörün kurulduğu ortam dikkate alınarak, özellikle de yolcuların kabine genel olarak ıslak pabuçlarla girmesinin beklendiği yerlerde kabin zemini kaydırmaz zemin olmalıdır.","A,B",Görsel + Test,null,null,null,null,null,null,null,null,null,true,null,null,[],null,"Asansörün kurulduğu ortam dikkate alınarak, özellikle de yolcuların kabine genel olarak ıslak pabuçlarla girmesinin beklendiği yerlerde kabin zemini kaydırmaz zemin olmalıdır.",ÜB.FR.43,R.04,null,null,"[""modul_g_tam""]",null,null
MAD-0945,945,03 - Kabin ve Kabin Üstü,81-70,Standart / ÜB.FR.43,(devam),Durak ve kabin kapı kontrolleri,Asansör lobilerinde kullanılan malzemenin aynısı asansör kabini zemini için de kullanılabilir.,null,null,null,null,null,null,null,null,null,null,null,true,null,null,[],null,Asansör lobilerinde kullanılan malzemenin aynısı asansör kabini zemini için de kullanılabilir.,ÜB.FR.43,R.04,null,null,"[""modul_g_tam""]",null,null
MAD-0946,946,10 - TS EN 81-70 Erişilebilirlik,81-70,Standart / ÜB.FR.43,(devam),Durak ve kabin kapı kontrolleri,Durak ve kabin içi sinyal ve işaret kontrolleri,null,null,null,null,null,null,null,null,null,null,null,false,null,null,[],null,Durak ve kabin içi sinyal ve işaret kontrolleri,ÜB.FR.43,R.04,null,null,"[""modul_g_tam""]",null,null
MAD-0947,947,03 - Kabin ve Kabin Üstü,81-70,Standart / ÜB.FR.43,(devam) | ZA: 1.6,Durak ve kabin kapı kontrolleri,"Asansör kapısının yanında bilgilendirici ve/veya uyarıcı işaretler olmalıdır. Tanımlama işaretlemelerinin harfleri asgarî 40 mm okunaklı olmalı ve çevresiyle renk zıtlığı oluşturmalıdır. Yerden 1,80 ilâ 2,50 m yukarıda olmalıdır. (""ASANSÖR"" yazısı ve sembolü(ISO 7000, Sembol no 0100))","A,B,C",Görsel + Test + Ölçüm,null,Harf yüksekliği,null,Yükseklik,null,null,null,null,null,true,null,null,"[{""id"":""asansor_isareti_harf_yuksekligi"",""etiket"":""“ASANSÖR” işaretindeki harf yüksekliği"",""birim"":""mm"",""tur"":""sayi"",""kaynak"":""ÜB.FR.43 R.04 — TS EN 81-70 Erişilebilirlik Kontrol Formu"",""referans_metni"":""En az 40 mm""},{""id"":""asansor_isareti_yerden_yuksekligi"",""etiket"":""“ASANSÖR” işaretinin yerden yüksekliği"",""birim"":""mm"",""tur"":""sayi"",""kaynak"":""ÜB.FR.43 R.04 — TS EN 81-70 Erişilebilirlik Kontrol Formu"",""referans_metni"":""1800 mm ile 2500 mm arasında""}]",null,"Asansör kapısının yanında bilgilendirici ve/veya uyarıcı işaretler olmalıdır. Tanımlama işaretlemelerinin harfleri asgarî 40 mm okunaklı olmalı ve çevresiyle renk zıtlığı oluşturmalıdır. Yerden 1,80 ilâ 2,50 m yukarıda olmalıdır. (""ASANSÖR"" yazısı ve sembolü(ISO 7000, Sembol no 0100))",ÜB.FR.43,R.04,null,null,"[""modul_g_tam"",""saha_teyidi_e"",""saha_teyidi_h1""]",null,null
MAD-0948,948,03 - Kabin ve Kabin Üstü,81-70,Standart / ÜB.FR.43,(devam) | ZA: 1.6,Durak ve kabin kapı kontrolleri,Durak göstergeleri aydınlatılmış sinyaller ile oklar olmalı ve durak kapılarının üzerine veya onlara bitişik yerleştirilmelidir.,"A,B,C",Görsel + Test + Ölçüm,null,Ölçülen değer,null,null,null,null,null,null,null,true,null,null,[],null,Durak göstergeleri aydınlatılmış sinyaller ile oklar olmalı ve durak kapılarının üzerine veya onlara bitişik yerleştirilmelidir.,ÜB.FR.43,R.04,null,null,"[""modul_g_tam""]",null,null
MAD-0949,949,03 - Kabin ve Kabin Üstü,81-70,Standart / ÜB.FR.43,(devam) | ZA: 1.6,Durak ve kabin kapı kontrolleri,"Gösterge okları, yatay düzlemde duraktan en az 140°lik ve dikey aşağı düzlemde yataydan 70°lik bir bakma açısı ile bitmiş zemin seviyesinin üzerinde 1 800 mm ile 2 500 mm arasında konumlandırılmalıdır.","A,B,C",Görsel + Test + Ölçüm,null,Yükseklik,null,null,null,null,null,null,null,true,null,null,"[{""id"":""durak_gosterge_oku_yuksekligi"",""etiket"":""Durak gösterge oklarının yerden yüksekliği"",""birim"":""mm"",""tur"":""sayi"",""kaynak"":""ÜB.FR.43 R.04 — TS EN 81-70 Erişilebilirlik Kontrol Formu"",""referans_metni"":""1800 mm ile 2500 mm arasında""}]",null,"Gösterge okları, yatay düzlemde duraktan en az 140°lik ve dikey aşağı düzlemde yataydan 70°lik bir bakma açısı ile bitmiş zemin seviyesinin üzerinde 1 800 mm ile 2 500 mm arasında konumlandırılmalıdır.",ÜB.FR.43,R.04,null,null,"[""modul_g_tam"",""saha_teyidi_e"",""saha_teyidi_h1""]",null,null
MAD-0950,950,03 - Kabin ve Kabin Üstü,81-70,Standart / ÜB.FR.43,(devam) | ZA: 1.6,Durak ve kabin kapı kontrolleri,Gösterge okların yüksekliği en az 40 mm olmalıdır.,"A,B,C",Görsel + Test + Ölçüm,null,Gösterge Okların Yüksekliği,null,null,null,null,null,40,>=,true,null,null,"[{""id"":""durak_gosterge_oku_boyu"",""etiket"":""Durak gösterge okunun yüksekliği"",""birim"":""mm"",""tur"":""sayi"",""kaynak"":""ÜB.FR.43 R.04 — TS EN 81-70 Erişilebilirlik Kontrol Formu"",""referans_metni"":""En az 40 mm""}]",null,Gösterge okların yüksekliği en az 40 mm olmalıdır.,ÜB.FR.43,R.04,null,null,"[""modul_g_tam"",""saha_teyidi_e"",""saha_teyidi_h1""]",null,null
MAD-0951,951,03 - Kabin ve Kabin Üstü,81-70,Standart / ÜB.FR.43,(devam) | ZA: 1.6,Durak ve kabin kapı kontrolleri,"Tek asansörler için gösterge okları kabinin içine, bitmiş zemin seviyesinden 1 600 mm ile 2 000 mm arasında bir yükseklikte yerleştirilebilir ve kapılar açık olduğunda duraktan net olarak görünür olmalıdır.","A,B,C",Görsel + Test + Ölçüm,null,Yükseklik,null,null,null,null,null,null,null,true,null,null,"[{""id"":""kabin_ici_durak_oku_yuksekligi"",""etiket"":""Kabin içindeki durak gösterge okunun yerden yüksekliği"",""birim"":""mm"",""tur"":""sayi"",""kaynak"":""ÜB.FR.43 R.04 — TS EN 81-70 Erişilebilirlik Kontrol Formu"",""referans_metni"":""1600 mm ile 2000 mm arasında""}]",null,"Tek asansörler için gösterge okları kabinin içine, bitmiş zemin seviyesinden 1 600 mm ile 2 000 mm arasında bir yükseklikte yerleştirilebilir ve kapılar açık olduğunda duraktan net olarak görünür olmalıdır.",ÜB.FR.43,R.04,null,null,"[""modul_g_tam"",""saha_teyidi_e"",""saha_teyidi_h1""]",null,null
MAD-0952,952,03 - Kabin ve Kabin Üstü,81-70,Standart / ÜB.FR.43,(devam) | ZA: 1.6,Durak ve kabin kapı kontrolleri,"Okların yanmasına bir işitsel sinyal eşlik etmelidir. İşitsel sinyaller yukarı için bir ses ve aşağı için iki ses olmalıdır. Örneğin; Yukarı için bir ses, Aşağı için iki ses.","B,C",Test + Ölçüm,null,Ölçülen değer,null,null,null,null,null,null,null,true,null,null,[],null,"Okların yanmasına bir işitsel sinyal eşlik etmelidir. İşitsel sinyaller yukarı için bir ses ve aşağı için iki ses olmalıdır. Örneğin; Yukarı için bir ses, Aşağı için iki ses.",ÜB.FR.43,R.04,null,null,"[""modul_g_tam""]",null,null
MAD-0953,953,03 - Kabin ve Kabin Üstü,81-70,Standart / ÜB.FR.43,(devam) | ZA: 1.6,Durak ve kabin kapı kontrolleri,Durakta bir işitsel sinyal kapıların açılmaya başladığını belirtmelidir. Eğer ses seviyesi 45 dB(A) veya üzerindeyse kapı sesinin kendisi yeterlidir.,"B,C",Test + Ölçüm,null,Ses Seviyesi,null,null,null,null,null,null,null,true,null,null,[],null,Durakta bir işitsel sinyal kapıların açılmaya başladığını belirtmelidir. Eğer ses seviyesi 45 dB(A) veya üzerindeyse kapı sesinin kendisi yeterlidir.,ÜB.FR.43,R.04,null,null,"[""modul_g_tam""]",null,null
MAD-0954,954,03 - Kabin ve Kabin Üstü,81-70,Standart / ÜB.FR.43,"5.4.2.5.2. | ZA: 1.6.1,1.6.2",Durak ve kabin kapı kontrolleri,"Kabin durduğunda sözlü olarak (Türkçe), kabin konumu bildirilmelidir.","B,C",Test + Ölçüm,null,Ölçülen değer,null,null,null,null,null,null,null,true,null,null,[],null,"Kabin durduğunda sözlü olarak (Türkçe), kabin konumu bildirilmelidir.",ÜB.FR.43,R.04,null,null,"[""modul_g_tam""]",null,null
MAD-0955,955,03 - Kabin ve Kabin Üstü,81-70,Standart / ÜB.FR.43,"5.4.2.5.1. | ZA: 1.6.1,1.6.2",Durak ve kabin kapı kontrolleri,Kabin işletim panelinin içine veya üzerine bir konum sinyali yerleştirilmelidir. Sinyalin merkez hattı bitmiş zemin seviyesinden 1 600 mm ile 1 800 mm arasında konumlandırılmalıdır.,"A,C",Görsel + Ölçüm,null,Yükseklik,null,null,null,null,null,null,null,true,null,null,"[{""id"":""kabin_display_merkez_yuksekligi"",""etiket"":""Kabin konum göstergesi merkez hattının yerden yüksekliği"",""birim"":""mm"",""tur"":""sayi"",""kaynak"":""ÜB.FR.43 R.04 — TS EN 81-70 Erişilebilirlik Kontrol Formu"",""referans_metni"":""1600 mm ile 1800 mm arasında""}]",null,Kabin işletim panelinin içine veya üzerine bir konum sinyali yerleştirilmelidir. Sinyalin merkez hattı bitmiş zemin seviyesinden 1 600 mm ile 1 800 mm arasında konumlandırılmalıdır.,ÜB.FR.43,R.04,null,null,"[""modul_g_tam"",""saha_teyidi_e"",""saha_teyidi_h1""]",null,null
MAD-0956,956,03 - Kabin ve Kabin Üstü,81-70,Standart / ÜB.FR.43,"(devam) | ZA: 1.6.1,1.6.2",Durak ve kabin kapı kontrolleri,"Başka yerlere, ör. kabin kapısının üzerine veya ikinci bir kabin işletim panelinin üzerine ilave göstergeler yerleştirilebilir.","A,C",Görsel + Ölçüm,null,Ölçülen değer,null,null,null,null,null,null,null,true,null,null,[],null,"Başka yerlere, ör. kabin kapısının üzerine veya ikinci bir kabin işletim panelinin üzerine ilave göstergeler yerleştirilebilir.",ÜB.FR.43,R.04,null,null,"[""modul_g_tam""]",null,null
MAD-0957,957,03 - Kabin ve Kabin Üstü,81-70,Standart / ÜB.FR.43,"(devam) | ZA: 1.6.1,1.6.2",Durak ve kabin kapı kontrolleri,Kat numaralarının yüksekliği 30 mm ile 60 mm arasında olmalıdır.,"A,C",Görsel + Ölçüm,null,Yükseklik,null,null,null,null,null,null,null,true,null,null,"[{""id"":""kat_numarasi_yuksekligi"",""etiket"":""Kabin göstergesindeki kat numarası yüksekliği"",""birim"":""mm"",""tur"":""sayi"",""kaynak"":""ÜB.FR.43 R.04 — TS EN 81-70 Erişilebilirlik Kontrol Formu"",""referans_metni"":""30 mm ile 60 mm arasında""}]",null,Kat numaralarının yüksekliği 30 mm ile 60 mm arasında olmalıdır.,ÜB.FR.43,R.04,null,null,"[""modul_g_tam"",""saha_teyidi_e"",""saha_teyidi_h1""]",null,null
MAD-0958,958,03 - Kabin ve Kabin Üstü,81-70,Standart / ÜB.FR.43,"(devam) | ZA: 1.6.1,1.6.2",Durak ve kabin kapı kontrolleri,"Bir işitsel sinyal veya sesli anons gerekli olduğunda, ses seviyesi 35 dB(A) ile üst sınırı en az 65 dB(A) arasında ve yerin şartlarına uyacak şekilde ayarlanabilir olmalıdır.","B,C,E",Test + Ölçüm + Talimat/İşaret,null,Ses Seviyesi,null,null,null,null,null,null,null,true,null,null,[],null,"Bir işitsel sinyal veya sesli anons gerekli olduğunda, ses seviyesi 35 dB(A) ile üst sınırı en az 65 dB(A) arasında ve yerin şartlarına uyacak şekilde ayarlanabilir olmalıdır.",ÜB.FR.43,R.04,null,null,"[""modul_g_tam""]",null,null
MAD-0959,959,03 - Kabin ve Kabin Üstü,81-70,Standart / ÜB.FR.43,"(devam) | ZA: 1.6.1,1.6.2",Durak ve kabin kapı kontrolleri,Gürültülü ortamlarda (ör. Tren istasyonlarındaki duraklar) azami ses seviyesi 80 dB(A)'ya kadar ayarlanabilir olmalıdır. Ayar aracı yalnızca yetkilendirilmiş kişilerce erişilebilir olmalıdır.,"B,C,E",Test + Ölçüm + Talimat/İşaret,null,Ses Seviyesi,null,null,null,null,null,null,null,true,null,null,[],null,Gürültülü ortamlarda (ör. Tren istasyonlarındaki duraklar) azami ses seviyesi 80 dB(A)'ya kadar ayarlanabilir olmalıdır. Ayar aracı yalnızca yetkilendirilmiş kişilerce erişilebilir olmalıdır.,ÜB.FR.43,R.04,null,null,"[""modul_g_tam""]",null,null
MAD-0960,960,03 - Kabin ve Kabin Üstü,81-70,Standart / ÜB.FR.43,(devam),Durak ve kabin kapı kontrolleri,Çağrının veya işlevin kaydedildiğini görsel ve işitsel sinyal ile yolculara bildirmek için gereklidir. İşitsel sinyal uygun olmalıdır ve çağrı zaten kaydedilmiş olsa bile butonun her bir ayrı işlemi üzerine sinyal verilmelidir.,"B,C",Test + Ölçüm,null,Ölçülen değer,null,null,null,null,null,null,null,true,null,null,[],null,Çağrının veya işlevin kaydedildiğini görsel ve işitsel sinyal ile yolculara bildirmek için gereklidir. İşitsel sinyal uygun olmalıdır ve çağrı zaten kaydedilmiş olsa bile butonun her bir ayrı işlemi üzerine sinyal verilmelidir.,ÜB.FR.43,R.04,null,null,"[""modul_g_tam""]",null,null
MAD-0961,961,03 - Kabin ve Kabin Üstü,81-70,Standart / ÜB.FR.43,5.4.2.3.5. | ZA: 1.6.1 1.6.2,Kabin kumanda panellerinin yerleri,"Kabin kumanda paneli ortadan açılan kapılı asansörlerde, kabine girerken sağ tarafta yer almalıdır.","A,C",Görsel + Ölçüm,null,Kumanda Paneli Bulunduğu Taraf,null,null,null,null,null,null,null,true,null,null,[],null,"Kabin kumanda paneli ortadan açılan kapılı asansörlerde, kabine girerken sağ tarafta yer almalıdır.",ÜB.FR.43,R.04,null,null,"[""modul_g_tam""]",null,null
MAD-0962,962,03 - Kabin ve Kabin Üstü,81-70,Standart / ÜB.FR.43,(devam) | ZA: 1.6.1 1.6.2,Kabin kumanda panellerinin yerleri,"Kabin kumanda paneli yana açılan kapılı asansörlerde, kapının kapanma kenarı tarafında yer almalıdır.","A,C",Görsel + Ölçüm,null,Kumanda Paneli Bulunduğu Taraf,null,null,null,null,null,null,null,true,null,null,[],null,"Kabin kumanda paneli yana açılan kapılı asansörlerde, kapının kapanma kenarı tarafında yer almalıdır.",ÜB.FR.43,R.04,null,null,"[""modul_g_tam""]",null,null
MAD-0963,963,03 - Kabin ve Kabin Üstü,81-70,Standart / ÜB.FR.43,(devam) | ZA: 1.6.1 1.6.2,Kabin kumanda panellerinin yerleri,Kabin genişliği 1600 mm'yi aştığında kabinin her iki yan duvarı üzerinde de bir kabin işletim paneli olmalıdır.,"A,C",Görsel + Ölçüm,null,null,null,null,null,null,null,null,null,true,null,null,[],null,Kabin genişliği 1600 mm'yi aştığında kabinin her iki yan duvarı üzerinde de bir kabin işletim paneli olmalıdır.,ÜB.FR.43,R.04,null,null,"[""modul_g_tam""]",null,null
MAD-0964,964,03 - Kabin ve Kabin Üstü,81-70,Standart / ÜB.FR.43,(devam) | ZA: 1.6.1 1.6.2,Kabin kumanda panellerinin yerleri,"Bitişik kapıları olan kabinlerde, kabinin kapı olmayan her duvarı üzerinde bir kabin işletim paneli olmalıdır.","A,C",Görsel + Ölçüm,null,Kumanda Paneli Bulunduğu Taraf,null,null,null,null,null,null,null,true,null,null,[],null,"Bitişik kapıları olan kabinlerde, kabinin kapı olmayan her duvarı üzerinde bir kabin işletim paneli olmalıdır.",ÜB.FR.43,R.04,null,null,"[""modul_g_tam""]",null,null
MAD-0965,965,03 - Kabin ve Kabin Üstü,81-70,Standart / ÜB.FR.43,5.4.2.1. | ZA: 1.6.1 1.6.2,Kat ve durak butonları,"Kabin içi ve durak kat butonları, bitmiş zemin seviyesi ile en aşağıdaki butonun merkez hattı arasındaki asgari yükseklik 850 mm olmalıdır. (kapı kapatma butonu ve ilave kumanda aygıtları farklı yükseklikte konumlandırılabilir.)",C,Ölçüm,null,Yükseklik,null,null,null,null,null,null,null,true,null,null,"[{""id"":""kabin_en_alt_buton_merkez_yuksekligi"",""etiket"":""Kabin kasetindeki en alt buton merkezinin yerden yüksekliği"",""birim"":""mm"",""tur"":""sayi"",""kaynak"":""ÜB.FR.43 R.04 — TS EN 81-70 Erişilebilirlik Kontrol Formu"",""referans_metni"":""En az 850 mm""},{""id"":""durak_en_alt_buton_merkez_yuksekligi"",""etiket"":""Durak kasetindeki en alt buton merkezinin yerden yüksekliği"",""birim"":""mm"",""tur"":""sayi"",""kaynak"":""ÜB.FR.43 R.04 — TS EN 81-70 Erişilebilirlik Kontrol Formu"",""referans_metni"":""En az 850 mm""}]",null,"Kabin içi ve durak kat butonları, bitmiş zemin seviyesi ile en aşağıdaki butonun merkez hattı arasındaki asgari yükseklik 850 mm olmalıdır. (kapı kapatma butonu ve ilave kumanda aygıtları farklı yükseklikte konumlandırılabilir.)",ÜB.FR.43,R.04,null,null,"[""modul_g_tam"",""saha_teyidi_e"",""saha_teyidi_h1""]",null,null
MAD-0966,966,03 - Kabin ve Kabin Üstü,81-70,Standart / ÜB.FR.43,(devam) | ZA: 1.6.1 1.6.2,Kat ve durak butonları,İmdat ve kapı butonlarının merkez hattı kabin tabanından en az 850 mm yüksekliğe yerleştirilmelidir.,C,Ölçüm,null,Yükseklik,null,null,null,null,null,850,>=,true,null,null,"[{""id"":""imdat_kapi_buton_merkez_yuksekligi"",""etiket"":""İmdat ve kapı butonları merkez hattının kabin tabanından yüksekliği"",""birim"":""mm"",""tur"":""sayi"",""kaynak"":""ÜB.FR.43 R.04 — TS EN 81-70 Erişilebilirlik Kontrol Formu"",""referans_metni"":""En az 850 mm""}]",null,İmdat ve kapı butonlarının merkez hattı kabin tabanından en az 850 mm yüksekliğe yerleştirilmelidir.,ÜB.FR.43,R.04,null,null,"[""modul_g_tam"",""saha_teyidi_e"",""saha_teyidi_h1""]",null,null
MAD-0967,967,03 - Kabin ve Kabin Üstü,81-70,Standart / ÜB.FR.43,(devam) | ZA: 1.6.1 1.6.2,Kat ve durak butonları,Kat kumanda butonlarının en üstteki butonun merkez hattı ile zemin seviyesi arasındaki azamî mesafe 1100 mm olmalıdır.,C,Ölçüm,null,Yükseklik,null,null,null,null,null,null,null,true,null,null,"[{""id"":""durak_en_ust_buton_merkez_yuksekligi"",""etiket"":""Durak kasetindeki en üst buton merkezinin yerden yüksekliği"",""birim"":""mm"",""tur"":""sayi"",""kaynak"":""ÜB.FR.43 R.04 — TS EN 81-70 Erişilebilirlik Kontrol Formu"",""referans_metni"":""En fazla 1100 mm""}]",null,Kat kumanda butonlarının en üstteki butonun merkez hattı ile zemin seviyesi arasındaki azamî mesafe 1100 mm olmalıdır.,ÜB.FR.43,R.04,null,null,"[""modul_g_tam"",""saha_teyidi_e"",""saha_teyidi_h1""]",null,null
MAD-0968,968,03 - Kabin ve Kabin Üstü,81-70,Standart / ÜB.FR.43,(devam) | ZA: 1.6.1 1.6.2,Kat ve durak butonları,Kabin kumanda butonlarının en üstteki butonun merkez hattı ile zemin seviyesi arasındaki azamî mesafe 1200 mm olmalıdır. (Tercihen 1100 mm olmalıdır.),C,Ölçüm,null,Yükseklik,null,null,null,null,null,null,null,true,null,null,"[{""id"":""kabin_en_ust_buton_merkez_yuksekligi"",""etiket"":""Kabin kasetindeki en üst buton merkezinin yerden yüksekliği"",""birim"":""mm"",""tur"":""sayi"",""kaynak"":""ÜB.FR.43 R.04 — TS EN 81-70 Erişilebilirlik Kontrol Formu"",""referans_metni"":""En fazla 1200 mm; 1100 mm tercih edilir.""}]",null,Kabin kumanda butonlarının en üstteki butonun merkez hattı ile zemin seviyesi arasındaki azamî mesafe 1200 mm olmalıdır. (Tercihen 1100 mm olmalıdır.),ÜB.FR.43,R.04,null,null,"[""modul_g_tam"",""saha_teyidi_e"",""saha_teyidi_h1""]",null,null
MAD-0969,969,03 - Kabin ve Kabin Üstü,81-70,Standart / ÜB.FR.43,(devam) | ZA: 1.6.1 1.6.2,Kat ve durak butonları,Herhangi bir butonun merkez hattı ile bitişik duvarların köşesi arasındaki asgari yanal mesafe; dış kat butonları için: 500 mm (Tercihen 700 mm) butonun yerleştirilebileceği herhangi bir girintinin derinliği 250 mm ile sınırlı olmalıdır.,C,Ölçüm,null,Yanal Mesafe,null,Girinti Derinliği,null,null,null,null,null,true,null,null,"[{""id"":""durak_butonu_kose_yanal_mesafe"",""etiket"":""Durak butonu merkezi ile bitişik duvar köşesi arasındaki yanal mesafe"",""birim"":""mm"",""tur"":""sayi"",""kaynak"":""ÜB.FR.43 R.04 — TS EN 81-70 Erişilebilirlik Kontrol Formu"",""referans_metni"":""En az 500 mm; 700 mm tercih edilir.""},{""id"":""durak_butonu_girinti_derinligi"",""etiket"":""Durak butonunun bulunduğu girintinin derinliği"",""birim"":""mm"",""tur"":""sayi"",""kaynak"":""ÜB.FR.43 R.04 — TS EN 81-70 Erişilebilirlik Kontrol Formu"",""referans_metni"":""En fazla 250 mm""}]",null,Herhangi bir butonun merkez hattı ile bitişik duvarların köşesi arasındaki asgari yanal mesafe; dış kat butonları için: 500 mm (Tercihen 700 mm) butonun yerleştirilebileceği herhangi bir girintinin derinliği 250 mm ile sınırlı olmalıdır.,ÜB.FR.43,R.04,null,null,"[""modul_g_tam"",""saha_teyidi_e"",""saha_teyidi_h1""]",null,null
MAD-0970,970,03 - Kabin ve Kabin Üstü,81-70,Standart / ÜB.FR.43,(devam),Kat ve durak butonları,"Herhangi bir butonun merkez hattı ile bitişik duvarların köşesi arasındaki asgari yanal mesafe; İç kaset butonları için, herhangi bir butonun merkez hattı ile kabin duvarları arasındaki asgari yanal mesafe 400 mm dir.",C,Ölçüm,null,Yanal Mesafe,null,null,null,null,null,null,null,true,null,null,"[{""id"":""kabin_butonu_kose_yanal_mesafe"",""etiket"":""Kabin butonu merkezi ile bitişik duvar köşesi arasındaki yanal mesafe"",""birim"":""mm"",""tur"":""sayi"",""kaynak"":""ÜB.FR.43 R.04 — TS EN 81-70 Erişilebilirlik Kontrol Formu"",""referans_metni"":""En az 400 mm""}]",null,"Herhangi bir butonun merkez hattı ile bitişik duvarların köşesi arasındaki asgari yanal mesafe; İç kaset butonları için, herhangi bir butonun merkez hattı ile kabin duvarları arasındaki asgari yanal mesafe 400 mm dir.",ÜB.FR.43,R.04,null,null,"[""modul_g_tam"",""saha_teyidi_e"",""saha_teyidi_h1""]",null,null
MAD-0971,971,03 - Kabin ve Kabin Üstü,81-70,Standart / ÜB.FR.43,(devam),Kat ve durak butonları,Dış kat kapısı kumanda butonlarının düzenlenmesi düşey olarak sıralanmalıdır.,A,Görsel,null,null,null,null,null,null,null,null,null,true,null,null,[],null,Dış kat kapısı kumanda butonlarının düzenlenmesi düşey olarak sıralanmalıdır.,ÜB.FR.43,R.04,null,null,"[""modul_g_tam""]",null,null
MAD-0972,972,03 - Kabin ve Kabin Üstü,81-70,Standart / ÜB.FR.43,5.4.2.3.1. | ZA: 1.6.1 1.6.2,Kat ve durak butonları,Kabin içi kat seçimi butonları alarm ve kapı butonlarının üzerine yerleştirilmelidir.,A,Görsel,null,null,null,null,null,null,null,null,null,true,null,null,[],null,Kabin içi kat seçimi butonları alarm ve kapı butonlarının üzerine yerleştirilmelidir.,ÜB.FR.43,R.04,null,null,"[""modul_g_tam""]",null,null
MAD-0973,973,03 - Kabin ve Kabin Üstü,81-70,Standart / ÜB.FR.43,(devam) | ZA: 1.6.1 1.6.2,Kat ve durak butonları,Tek bir yatay sıra için kat seçimi butonlarının sırası soldan sağa doğru olmalıdır.,A,Görsel,null,null,null,null,null,null,null,null,null,true,null,null,[],null,Tek bir yatay sıra için kat seçimi butonlarının sırası soldan sağa doğru olmalıdır.,ÜB.FR.43,R.04,null,null,"[""modul_g_tam""]",null,null
MAD-0974,974,03 - Kabin ve Kabin Üstü,81-70,Standart / ÜB.FR.43,(devam) | ZA: 1.6.1 1.6.2,Kat ve durak butonları,Tek bir düşey sıra için kat seçimi butonlarının sırası aşağıdan yukarıya doğru olmalı ve çok sayıda düşey sıra için soldan sağa doğru ve ardından aşağıdan yukarıya doğru olmalıdır.,A,Görsel,null,null,null,null,null,null,null,null,null,true,null,null,[],null,Tek bir düşey sıra için kat seçimi butonlarının sırası aşağıdan yukarıya doğru olmalı ve çok sayıda düşey sıra için soldan sağa doğru ve ardından aşağıdan yukarıya doğru olmalıdır.,ÜB.FR.43,R.04,null,null,"[""modul_g_tam""]",null,null
MAD-0975,975,03 - Kabin ve Kabin Üstü,81-70,Standart / ÜB.FR.43,5.4.2.3.2. | ZA: 1.6.1 1.6.2,Kat ve durak butonları,"Kat seçimi butonları: Binanın kat adlandırmaları ile tutarlı, semboller ile belirlenmiş (ör. sayılar, karakterler veya piktogramlar), tercihen: −2, −1, 0, 1, 2, vb.",A,Görsel,null,null,null,null,null,null,null,null,null,true,null,null,[],null,"Kat seçimi butonları: Binanın kat adlandırmaları ile tutarlı, semboller ile belirlenmiş (ör. sayılar, karakterler veya piktogramlar), tercihen: −2, −1, 0, 1, 2, vb.",ÜB.FR.43,R.04,null,null,"[""modul_g_tam""]",null,null
MAD-0976,976,03 - Kabin ve Kabin Üstü,81-70,Standart / ÜB.FR.43,(devam) | ZA: 1.6.1 1.6.2,Kat ve durak butonları,Alarm butonu: çan şeklinde sembol ile sarı,A,Görsel,null,null,null,null,null,null,null,null,null,true,null,null,[],null,Alarm butonu: çan şeklinde sembol ile sarı,ÜB.FR.43,R.04,null,null,"[""modul_g_tam""]",null,null
MAD-0977,977,03 - Kabin ve Kabin Üstü,81-70,Standart / ÜB.FR.43,5.4.2.5.3. | ZA: 1.6.1 1.6.2,Kat ve durak butonları,"Alarm sistemi, aşağıdakilerden oluşan kumanda panelinin içine veya üzerine entegre edilmiş görsel ve işitsel sinyallerle teçhiz edilmelidir: a) Alarmın başlangıcından alarmın sonuna kadar aydınlatılan sarı bir grafik sembol; b) Alarmın başlangıcından sesli iletişimin kurulmasına kadar süren bir işitsel sinyal; c) Sesli iletişim esnasında aydınlatılan yeşil bir grafik sembol.","A,B,C",Görsel + Test + Ölçüm,null,Ölçülen değer,null,null,null,null,null,null,null,true,null,null,[],null,"Alarm sistemi, aşağıdakilerden oluşan kumanda panelinin içine veya üzerine entegre edilmiş görsel ve işitsel sinyallerle teçhiz edilmelidir: a) Alarmın başlangıcından alarmın sonuna kadar aydınlatılan sarı bir grafik sembol; b) Alarmın başlangıcından sesli iletişimin kurulmasına kadar süren bir işitsel sinyal; c) Sesli iletişim esnasında aydınlatılan yeşil bir grafik sembol.",ÜB.FR.43,R.04,null,null,"[""modul_g_tam""]",null,null
MAD-0978,978,03 - Kabin ve Kabin Üstü,81-70,Standart / ÜB.FR.43,(devam) | ZA: 1.6.1 1.6.2,Kapı açma butonu sembolü,"Kabin içi kapı açma butonunun üzerinde uluslararası ""kapı açma"" piktogramı (ISO 7000-2864 — birbirinden ayrılan iki ok) bulunduğunu kontrol edin.",A,Görsel,null,null,null,null,null,null,null,null,null,true,null,null,[],null,Kapı açma butonu: sembolü ile belirtilmiş;,ÜB.FR.43,R.04,null,null,"[""modul_g_tam""]",null,null
MAD-0979,979,03 - Kabin ve Kabin Üstü,81-70,Standart / ÜB.FR.43,(devam) | ZA: 1.6.1 1.6.2,Kapı kapama butonu sembolü,"Kabin içinde kapı kapama butonu varsa (zorunlu değildir), üzerinde uluslararası ""kapı kapama"" piktogramının (ISO 7000-2863 — birbirine yaklaşan iki ok) bulunduğunu kontrol edin.",A,Görsel,null,null,null,null,null,null,null,null,null,true,null,null,[],null,"Mevcutsa, kapı kapama butonu: sembolü ile belirtilmiş olmalıdır.",ÜB.FR.43,R.04,null,null,"[""modul_g_tam""]",null,null
MAD-0980,980,03 - Kabin ve Kabin Üstü,81-70,Standart / ÜB.FR.43,5.2.2. | ZA: 1.2,Kat ve durak butonları,"Kapının açık kalma süresi, asansörün kurulduğu şartlara uyması için en az 2 s ile 20 s arasında ayarlanabilir olmalıdır. Ayar aracı yalnızca yetkilendirilmiş kişilerce erişilebilir olmalıdır.","B,C,E",Test + Ölçüm + Talimat/İşaret,null,Kapı Açık Kalma Süresi,null,null,null,null,null,null,null,true,null,null,[],null,"Kapının açık kalma süresi, asansörün kurulduğu şartlara uyması için en az 2 s ile 20 s arasında ayarlanabilir olmalıdır. Ayar aracı yalnızca yetkilendirilmiş kişilerce erişilebilir olmalıdır.",ÜB.FR.43,R.04,null,null,"[""modul_g_tam""]",null,null
MAD-0981,981,03 - Kabin ve Kabin Üstü,81-70,Standart / ÜB.FR.43,(devam) | ZA: 1.2,Kat ve durak butonları,Hareket kabiliyeti az olan bireyler için kapılarda en az 6 s'lik açık kalma süresine ihtiyaç vardır. Kapının açık kalma süresini azaltmak için bir kapı kapatma butonu bulunabilir.,"B,C,E",Test + Ölçüm + Talimat/İşaret,null,Ölçülen değer,null,null,null,null,null,null,null,true,null,null,[],null,Hareket kabiliyeti az olan bireyler için kapılarda en az 6 s'lik açık kalma süresine ihtiyaç vardır. Kapının açık kalma süresini azaltmak için bir kapı kapatma butonu bulunabilir.,ÜB.FR.43,R.04,null,null,"[""modul_g_tam""]",null,null
MAD-0982,982,03 - Kabin ve Kabin Üstü,81-70,Standart / ÜB.FR.43,(devam) | ZA: 1.2,Kat ve durak butonları,"Çağrı butonları, imdat, kapı butonları ve diğer fonksiyon butonlarının üstünde, ve en az çağrı butonlarının çalışan kısımları arasındaki mesafenin iki katı mesafe ile ayrılmış olmalıdır.",C,Ölçüm,null,Butonlar Arası Mesafe,null,null,null,null,null,null,null,true,null,null,"[{""id"":""fonksiyon_cagri_buton_ayrimi"",""etiket"":""Fonksiyon butonları ile çağrı butonları arasındaki en küçük mesafe"",""birim"":""mm"",""tur"":""sayi"",""kaynak"":""ÜB.FR.43 R.04 — TS EN 81-70 Erişilebilirlik Kontrol Formu"",""referans_metni"":""Çağrı butonlarının çalışan kısımları arasındaki mesafenin en az iki katı""}]",null,"Çağrı butonları, imdat, kapı butonları ve diğer fonksiyon butonlarının üstünde, ve en az çağrı butonlarının çalışan kısımları arasındaki mesafenin iki katı mesafe ile ayrılmış olmalıdır.",ÜB.FR.43,R.04,null,null,"[""modul_g_tam"",""saha_teyidi_e"",""saha_teyidi_h1""]",null,null
MAD-0983,983,03 - Kabin ve Kabin Üstü,81-70,Standart / ÜB.FR.43,(devam) | ZA: 1.2,Kat ve durak butonları,"Görme engelliler için dokunmayla hissedilebilen şekillerin rahat algılanabilmeleri için durak ve kabin kat kumanda buton sembollerinin konumu butonların çalışan kısımlarının üzerinde veya 10 mm ilâ 15 mm solunda olmalıdır. Kabartma şeklin profili en az yüksekliği 0,8 mm (tavsye edilen 1 mm) olmalıdır.",C,Ölçüm,null,Ölçülen değer,null,null,null,null,null,null,null,true,null,null,"[{""id"":""kabartma_profil_yuksekligi"",""etiket"":""Dokunmayla hissedilebilen kabartmanın profil yüksekliği"",""birim"":""mm"",""tur"":""sayi"",""kaynak"":""ÜB.FR.43 R.04 — TS EN 81-70 Erişilebilirlik Kontrol Formu"",""referans_metni"":""En az 0,8 mm; 1 mm tavsiye edilir.""}]",null,"Görme engelliler için dokunmayla hissedilebilen şekillerin rahat algılanabilmeleri için durak ve kabin kat kumanda buton sembollerinin konumu butonların çalışan kısımlarının üzerinde veya 10 mm ilâ 15 mm solunda olmalıdır. Kabartma şeklin profili en az yüksekliği 0,8 mm (tavsye edilen 1 mm) olmalıdır.",ÜB.FR.43,R.04,null,null,"[""modul_g_tam"",""saha_teyidi_e"",""saha_teyidi_h1""]",null,null
MAD-0984,984,03 - Kabin ve Kabin Üstü,81-70,Standart / ÜB.FR.43,(devam) | ZA: 1.2,Kat ve durak butonları,Butonların çalışan kısımlarının asgarî alanları 490 mm2 ve butonların çalışan kısımlarının asgarî boyutları yuva çapı 20 mm olmalıdır.,C,Ölçüm,null,Ölçülen değer,null,null,null,null,null,null,null,true,null,null,"[{""id"":""buton_calisan_kisim_cap"",""etiket"":""Buton çalışan kısmının en küçük çapı / boyutu"",""birim"":""mm"",""tur"":""sayi"",""kaynak"":""ÜB.FR.43 R.04 — TS EN 81-70 Erişilebilirlik Kontrol Formu"",""referans_metni"":""En az 20 mm; çalışan alan en az 490 mm² olmalıdır.""}]",null,Butonların çalışan kısımlarının asgarî alanları 490 mm2 ve butonların çalışan kısımlarının asgarî boyutları yuva çapı 20 mm olmalıdır.,ÜB.FR.43,R.04,null,null,"[""modul_g_tam"",""saha_teyidi_e"",""saha_teyidi_h1""]",null,null
MAD-0985,985,03 - Kabin ve Kabin Üstü,81-70,Standart / ÜB.FR.43,(devam) | ZA: 1.2,Kat ve durak butonları,Butonların çalışan kısımlarının yüz plâkasından veya çevresindekilerden gözle (renk zıtlığı) ve dokunma (kabartma) ile ayırt edilebilir olmalıdır. Yüz plakası çevresiyle (butonlar ile) zıtlık oluşturacak renkte olmalıdır.,"A,C",Görsel + Ölçüm,null,Ölçülen değer,null,null,null,null,null,null,null,true,null,null,[],null,Butonların çalışan kısımlarının yüz plâkasından veya çevresindekilerden gözle (renk zıtlığı) ve dokunma (kabartma) ile ayırt edilebilir olmalıdır. Yüz plakası çevresiyle (butonlar ile) zıtlık oluşturacak renkte olmalıdır.,ÜB.FR.43,R.04,null,null,"[""modul_g_tam""]",null,null
MAD-0986,986,03 - Kabin ve Kabin Üstü,81-70,Standart / ÜB.FR.43,(devam) | ZA: 1.2,Kat ve durak butonları,İç kumanda butonlarında binanın çıkış katını gösteren buton diğer butonların ötesinde 5 mm ± 1 mm çıkıntılı (tercihen yeşil),"A,C",Görsel + Ölçüm,null,Ölçülen değer,null,null,null,null,null,null,null,true,null,null,"[{""id"":""cikis_kati_butonu_cikintisi"",""etiket"":""Çıkış katı butonunun diğer butonlara göre çıkıntısı"",""birim"":""mm"",""tur"":""sayi"",""kaynak"":""ÜB.FR.43 R.04 — TS EN 81-70 Erişilebilirlik Kontrol Formu"",""referans_metni"":""5 mm ± 1 mm""}]",null,İç kumanda butonlarında binanın çıkış katını gösteren buton diğer butonların ötesinde 5 mm ± 1 mm çıkıntılı (tercihen yeşil),ÜB.FR.43,R.04,null,null,"[""modul_g_tam"",""saha_teyidi_e"",""saha_teyidi_h1""]",null,null
MAD-0987,987,03 - Kabin ve Kabin Üstü,81-70,Standart / ÜB.FR.43,(devam) | ZA: 1.2,Kat ve durak butonları,İç ve kat kumanda buton sembollerinin konumu butonların çalışan kısımlarının üzerinde veya 10 mm ilâ 15 mm solunda olmalıdır.,"A,C",Görsel + Ölçüm,null,Butonlar Arası Mesafe,null,null,null,null,null,null,null,true,null,null,"[{""id"":""buton_sembolu_yanal_ofset"",""etiket"":""Kabartma sembolün butonun solundaki yanal mesafesi"",""birim"":""mm"",""tur"":""sayi"",""kaynak"":""ÜB.FR.43 R.04 — TS EN 81-70 Erişilebilirlik Kontrol Formu"",""referans_metni"":""Buton üzerinde değilse 10 mm ile 15 mm solunda""}]",null,İç ve kat kumanda buton sembollerinin konumu butonların çalışan kısımlarının üzerinde veya 10 mm ilâ 15 mm solunda olmalıdır.,ÜB.FR.43,R.04,null,null,"[""modul_g_tam"",""saha_teyidi_e"",""saha_teyidi_h1""]",null,null
MAD-0988,988,03 - Kabin ve Kabin Üstü,81-70,Standart / ÜB.FR.43,(devam) | ZA: 1.2,Kat ve durak butonları,"Semboller, kabartma olarak, arka planla parlaklık karşıtlığına sahip, 15 mm ila 40 mm yüksekliğinde olmalıdır.","A,C",Görsel + Ölçüm,null,Ölçülen değer,null,null,null,null,null,null,null,true,null,null,"[{""id"":""kabartma_sembol_yuksekligi"",""etiket"":""Kabartma sembol yüksekliği"",""birim"":""mm"",""tur"":""sayi"",""kaynak"":""ÜB.FR.43 R.04 — TS EN 81-70 Erişilebilirlik Kontrol Formu"",""referans_metni"":""15 mm ile 40 mm arasında""}]",null,"Semboller, kabartma olarak, arka planla parlaklık karşıtlığına sahip, 15 mm ila 40 mm yüksekliğinde olmalıdır.",ÜB.FR.43,R.04,null,null,"[""modul_g_tam"",""saha_teyidi_e"",""saha_teyidi_h1""]",null,null
MAD-0989,989,03 - Kabin ve Kabin Üstü,81-70,Standart / ÜB.FR.43,(devam) | ZA: 1.2,Kat ve durak butonları,"Braille alfabesi, dokunmayla hissedilebilen şekiller için tamamlayıcı ve bağımsız bir özellik olarak kullanılabilir ve uzun metinlere ihtiyaç duyulduğunda faydalı olur.” Braille alfabesi, butonun kenarında o kata ait açıklayıcı bir metin mevcutsa (örneğin buton kenarında lokanta, lobi, otopark yazısı gibi) faydalı olur. Halihazırda buton üzerindeki kabartma sayesinde görme engelliler butonu seçebilmektedirler.","A,C",Görsel + Ölçüm,null,Ölçülen değer,null,null,null,null,null,null,null,true,null,null,[],null,"Braille alfabesi, dokunmayla hissedilebilen şekiller için tamamlayıcı ve bağımsız bir özellik olarak kullanılabilir ve uzun metinlere ihtiyaç duyulduğunda faydalı olur.” Braille alfabesi, butonun kenarında o kata ait açıklayıcı bir metin mevcutsa (örneğin buton kenarında lokanta, lobi, otopark yazısı gibi) faydalı olur. Halihazırda buton üzerindeki kabartma sayesinde görme engelliler butonu seçebilmektedirler.",ÜB.FR.43,R.04,null,null,"[""modul_g_tam""]",null,null
MAD-0990,990,03 - Kabin ve Kabin Üstü,81-70,Standart / ÜB.FR.43,5.3.2.1.,Kabin içi donanımlar,Kabin işletim paneli tarafında en az bir el tutamağı monte edilmelidir.,"A,C",Görsel + Ölçüm,null,Ölçülen değer,null,null,null,null,null,null,null,true,null,null,[],null,Kabin işletim paneli tarafında en az bir el tutamağı monte edilmelidir.,ÜB.FR.43,R.04,null,null,"[""modul_g_tam""]",null,null
MAD-0991,991,03 - Kabin ve Kabin Üstü,81-70,Standart / ÜB.FR.43,(devam),Kabin içi donanımlar,"El tutamağı, kumanda aygıtlarına engel teşkil etmemek için kabin işletim panelinin olduğu yerde kesintiye uğramalıdır.","A,C",Görsel + Ölçüm,null,Ölçülen değer,null,null,null,null,null,null,null,true,null,null,[],null,"El tutamağı, kumanda aygıtlarına engel teşkil etmemek için kabin işletim panelinin olduğu yerde kesintiye uğramalıdır.",ÜB.FR.43,R.04,null,null,"[""modul_g_tam""]",null,null
MAD-0992,992,03 - Kabin ve Kabin Üstü,81-70,Standart / ÜB.FR.43,(devam),Kabin içi donanımlar,"Eğer kabin işletim panelinin daha kısa olan tarafı en az 400 mm toplam boyutunda bir el tutamağını barındıramayacaksa, bu hâlde el tutamağı işletim panelinin yalnızca bir tarafına kurulabilir.","A,C",Görsel + Ölçüm,null,Ölçülen değer,null,null,null,null,null,400,>=,true,null,null,[],null,"Eğer kabin işletim panelinin daha kısa olan tarafı en az 400 mm toplam boyutunda bir el tutamağını barındıramayacaksa, bu hâlde el tutamağı işletim panelinin yalnızca bir tarafına kurulabilir.",ÜB.FR.43,R.04,null,null,"[""modul_g_tam""]",null,null
MAD-0993,993,03 - Kabin ve Kabin Üstü,81-70,Standart / ÜB.FR.43,(devam),Kabin içi donanımlar,"El tutamağının kavrama kısmı, 30 mm ile 45 mm arasında en kesit boyutlarında ve asgari 10 mm yarıçapında olmalıdır.","A,C",Görsel + Ölçüm,null,Tutamağın Kavrama Kısmı En Kesit Boyutu,null,null,null,null,null,10,>=,true,null,null,"[{""id"":""kupeste_kavrama_kesiti"",""etiket"":""Küpeşte kavrama kısmının en kesit boyutu"",""birim"":""mm"",""tur"":""sayi"",""kaynak"":""ÜB.FR.43 R.04 — TS EN 81-70 Erişilebilirlik Kontrol Formu"",""referans_metni"":""30 mm ile 45 mm arasında""},{""id"":""kupeste_kavrama_yaricapi"",""etiket"":""Küpeşte kavrama kısmının en küçük yarıçapı"",""birim"":""mm"",""tur"":""sayi"",""kaynak"":""ÜB.FR.43 R.04 — TS EN 81-70 Erişilebilirlik Kontrol Formu"",""referans_metni"":""En az 10 mm""}]",null,"El tutamağının kavrama kısmı, 30 mm ile 45 mm arasında en kesit boyutlarında ve asgari 10 mm yarıçapında olmalıdır.",ÜB.FR.43,R.04,null,null,"[""modul_g_tam"",""saha_teyidi_e"",""saha_teyidi_h1""]",null,null
MAD-0994,994,03 - Kabin ve Kabin Üstü,81-70,Standart / ÜB.FR.43,(devam),Kabin içi donanımlar,Duvar ile el tutamağının kavrama kısmı arasındaki mesafe en az 35 mm olmalıdır.,"A,C",Görsel + Ölçüm,null,Ölçülen değer,null,null,null,null,null,35,>=,true,null,null,"[{""id"":""kupeste_duvar_acikligi"",""etiket"":""Duvar ile küpeşte kavrama kısmı arasındaki açıklık"",""birim"":""mm"",""tur"":""sayi"",""kaynak"":""ÜB.FR.43 R.04 — TS EN 81-70 Erişilebilirlik Kontrol Formu"",""referans_metni"":""En az 35 mm""}]",null,Duvar ile el tutamağının kavrama kısmı arasındaki mesafe en az 35 mm olmalıdır.,ÜB.FR.43,R.04,null,null,"[""modul_g_tam"",""saha_teyidi_e"",""saha_teyidi_h1""]",null,null
MAD-0995,995,03 - Kabin ve Kabin Üstü,81-70,Standart / ÜB.FR.43,(devam),Kabin içi donanımlar,"El tutamağının kavrama kısmının üst kenarının yüksekliği, bitmiş zemin seviyesinden 900 mm ± 25 mm yukarıda olmalıdır.","A,C",Görsel + Ölçüm,null,Ölçülen değer,null,null,null,null,null,null,null,true,null,null,"[{""id"":""kupeste_ust_kenar_yuksekligi"",""etiket"":""Küpeşte kavrama kısmı üst kenarının yerden yüksekliği"",""birim"":""mm"",""tur"":""sayi"",""kaynak"":""ÜB.FR.43 R.04 — TS EN 81-70 Erişilebilirlik Kontrol Formu"",""referans_metni"":""900 mm ± 25 mm""}]",null,"El tutamağının kavrama kısmının üst kenarının yüksekliği, bitmiş zemin seviyesinden 900 mm ± 25 mm yukarıda olmalıdır.",ÜB.FR.43,R.04,null,null,"[""modul_g_tam"",""saha_teyidi_e"",""saha_teyidi_h1""]",null,null
MAD-0996,996,03 - Kabin ve Kabin Üstü,81-70,Standart / ÜB.FR.43,(devam),Kabin içi donanımlar,"El tutamağının uçları kapatılmalıdır. Eğer çıkıntı yapan uçlara çarpma riski varsa, örneğin tutunma kolu, kabin işletim panelinin önünde bitiyorsa, el tutamağı duvara doğru döndürülmelidir.","A,C",Görsel + Ölçüm,null,Ölçülen değer,null,null,null,null,null,null,null,true,null,null,[],null,"El tutamağının uçları kapatılmalıdır. Eğer çıkıntı yapan uçlara çarpma riski varsa, örneğin tutunma kolu, kabin işletim panelinin önünde bitiyorsa, el tutamağı duvara doğru döndürülmelidir.",ÜB.FR.43,R.04,null,null,"[""modul_g_tam""]",null,null
MAD-0997,997,03 - Kabin ve Kabin Üstü,81-70,Standart / ÜB.FR.43,(devam),Kabin içi donanımlar,"Kabinin tipini bu bölümün başındaki ""Kabin tipi seçimi"" maddesinden görün. Tip 1, 2 ve 3’te, giriş genişliği kısıtlanacaksa el tutamağı yalnız karşı yan duvara monte edilebilir. Tip 4 ve 5’te karşı yan duvara veya arka duvara ikinci bir el tutamağı monte edilmiş olmalıdır.","A,C",Görsel + Ölçüm,null,null,null,null,null,null,null,null,null,true,null,null,[],null,"1, 2 ve 3. tip kabinler için, eğer kabin giriş genişliğini kısıtlayacaksa, el tutamağı karşıdaki yan duvara monte edilebilir. 4 ve 5. tip kabinler için karşıdaki yan duvara veya arka duvara ikinci bir el tutamağı monte edilmelidir.",ÜB.FR.43,R.04,null,null,"[""modul_g_tam""]",null,null
MAD-0998,998,03 - Kabin ve Kabin Üstü,81-70,Standart / ÜB.FR.43,5.3.2.2.,Kabin içi donanımlar,"Kabinde katlanabilir koltuk bulunduğunda aşağıdaki özelliklere sahip olmalıdır a)Koltuk yüksekliği, tabandan (bitmiş zemin seviyesi) : (500 ± 25) mm olmalı, b)Koltuk Derinlik : (300 - 400) mm. Genişlik : (400 - 500) mm. olmalı, c)Taşıma kapasitesi : 120 kg olmalı,","B,C",Test + Ölçüm,null,Koltuk Yükseklik,null,Derinlik,null,null,null,null,null,true,null,null,"[{""id"":""katlanir_koltuk_yuksekligi"",""etiket"":""Katlanabilir koltuğun yerden yüksekliği"",""birim"":""mm"",""tur"":""sayi"",""kaynak"":""ÜB.FR.43 R.04 — TS EN 81-70 Erişilebilirlik Kontrol Formu"",""referans_metni"":""500 mm ± 25 mm""},{""id"":""katlanir_koltuk_derinligi"",""etiket"":""Katlanabilir koltuk derinliği"",""birim"":""mm"",""tur"":""sayi"",""kaynak"":""ÜB.FR.43 R.04 — TS EN 81-70 Erişilebilirlik Kontrol Formu"",""referans_metni"":""300 mm ile 400 mm arasında""},{""id"":""katlanir_koltuk_genisligi"",""etiket"":""Katlanabilir koltuk genişliği"",""birim"":""mm"",""tur"":""sayi"",""kaynak"":""ÜB.FR.43 R.04 — TS EN 81-70 Erişilebilirlik Kontrol Formu"",""referans_metni"":""400 mm ile 500 mm arasında""},{""id"":""katlanir_koltuk_tasima_kapasitesi"",""etiket"":""Katlanabilir koltuğun beyan edilen taşıma kapasitesi"",""birim"":""kg"",""tur"":""sayi"",""kaynak"":""ÜB.FR.43 R.04 — TS EN 81-70 Erişilebilirlik Kontrol Formu"",""referans_metni"":""En az 120 kg""}]",null,"Kabinde katlanabilir koltuk bulunduğunda aşağıdaki özelliklere sahip olmalıdır a)Koltuk yüksekliği, tabandan (bitmiş zemin seviyesi) : (500 ± 25) mm olmalı, b)Koltuk Derinlik : (300 - 400) mm. Genişlik : (400 - 500) mm. olmalı, c)Taşıma kapasitesi : 120 kg olmalı,",ÜB.FR.43,R.04,null,null,"[""modul_g_tam"",""saha_teyidi_e"",""saha_teyidi_h1""]",null,null
MAD-0999,999,03 - Kabin ve Kabin Üstü,81-70,Standart / ÜB.FR.43,(devam),Kabin içi donanımlar,"Kabin aydınlatması, minimum 100 lüks şiddetinde olmalıdır.","A,C,D,E",Görsel + Ölçüm + Çizim/Hesap + Talimat/İşaret,null,Aydınlatma Şiddeti,null,null,null,null,null,null,null,true,null,null,[],null,"Kabin aydınlatması, minimum 100 lüks şiddetinde olmalıdır.",ÜB.FR.43,R.04,null,null,"[""modul_g_tam""]",null,null
MAD-1000,1000,03 - Kabin ve Kabin Üstü,81-70,Standart / ÜB.FR.43,5.4.3.1.1. | ZA: 1.6.1 1.6.2,Diğer Kontroller,Tuş takımı ile ilgili eksiklikler TS EN 81-70 standardına uygun olarak giderilmelidir.,"A,C",Görsel + Ölçüm,null,Ölçülen değer,null,null,null,null,null,null,null,true,null,null,"[{""id"":""tus_takimi_genisligi"",""etiket"":""Tuş takımı genişliği"",""birim"":""mm"",""tur"":""sayi"",""kaynak"":""ÜB.FR.43 R.04 — TS EN 81-70 Erişilebilirlik Kontrol Formu"",""referans_metni"":""Sahada görülen değer kaydedilir; kriter madde metninden değerlendirilir.""},{""id"":""tus_takimi_yuksekligi"",""etiket"":""Tuş takımı yüksekliği"",""birim"":""mm"",""tur"":""sayi"",""kaynak"":""ÜB.FR.43 R.04 — TS EN 81-70 Erişilebilirlik Kontrol Formu"",""referans_metni"":""Sahada görülen değer kaydedilir; kriter madde metninden değerlendirilir.""},{""id"":""tus_takimi_buton_araligi"",""etiket"":""Tuş takımındaki basmalı butonlar arasındaki mesafe"",""birim"":""mm"",""tur"":""sayi"",""kaynak"":""ÜB.FR.43 R.04 — TS EN 81-70 Erişilebilirlik Kontrol Formu"",""referans_metni"":""Sahada görülen değer kaydedilir; kriter madde metninden değerlendirilir.""}]",null,Tuş takımı ile ilgili eksiklikler TS EN 81-70 standardına uygun olarak giderilmelidir.,ÜB.FR.43,R.04,null,null,"[""modul_g_tam"",""saha_teyidi_e"",""saha_teyidi_h1""]",null,null
MAD-1001,1001,03 - Kabin ve Kabin Üstü,81-70,Standart / ÜB.FR.43,5.4.3.1.3. | ZA: 1.6.1 1.6.2,Dokunmatik ekran ölçüleri (TS EN 81-70),"Bu madde yalnız kabinde dokunmatik ekran arayüzü varsa doldurulur. Ekranın genişlik, yükseklik, üzerindeki sembol boyu ve görüntüleme merkezinin yerden yüksekliğini ölçüp kaydedin; uygunluk kararı bu ölçülerin TS EN 81-70’in ilgili maddesiyle resmi kıyaslanmasıyla verilir, AVES Saha otomatik karar vermez.","A,B,C",Görsel + Test + Ölçüm,null,Ölçülen değer,null,null,null,null,null,null,null,true,Kabinde dokunmatik ekran arayüzü yoksa (standart buton/tuş takımı kullanılıyorsa) bu madde uygulanmaz.,null,"[{""id"":""dokunmatik_ekran_genisligi"",""etiket"":""Dokunmatik ekran genişliği"",""birim"":""mm"",""tur"":""sayi"",""kaynak"":""ÜB.FR.43 R.04 — TS EN 81-70 Erişilebilirlik Kontrol Formu"",""referans_metni"":""Sahada görülen değer kaydedilir; kriter madde metninden değerlendirilir.""},{""id"":""dokunmatik_ekran_yuksekligi"",""etiket"":""Dokunmatik ekran yüksekliği"",""birim"":""mm"",""tur"":""sayi"",""kaynak"":""ÜB.FR.43 R.04 — TS EN 81-70 Erişilebilirlik Kontrol Formu"",""referans_metni"":""Sahada görülen değer kaydedilir; kriter madde metninden değerlendirilir.""},{""id"":""dokunmatik_sembol_boyu"",""etiket"":""Dokunmatik ekrandaki sembol boyu"",""birim"":""mm"",""tur"":""sayi"",""kaynak"":""ÜB.FR.43 R.04 — TS EN 81-70 Erişilebilirlik Kontrol Formu"",""referans_metni"":""Sahada görülen değer kaydedilir; kriter madde metninden değerlendirilir.""},{""id"":""dokunmatik_goruntuleme_yuksekligi"",""etiket"":""Dokunmatik ekran görüntüleme merkezinin yerden yüksekliği"",""birim"":""mm"",""tur"":""sayi"",""kaynak"":""ÜB.FR.43 R.04 — TS EN 81-70 Erişilebilirlik Kontrol Formu"",""referans_metni"":""Sahada görülen değer kaydedilir; kriter madde metninden değerlendirilir.""}]",null,Dokunmatik ekran ile ilgili eksiklikler TS EN 81-70 standardına uygun olarak giderilmelidir.,ÜB.FR.43,R.04,null,null,"[""modul_g_tam"",""saha_teyidi_e"",""saha_teyidi_h1""]",null,null
MAD-1002,1002,03 - Kabin ve Kabin Üstü,81-70,Standart / ÜB.FR.43,5.4.3.1.2. | ZA: 1.6.1 1.6.2,Erişilebilirlik butonu ölçüleri (TS EN 81-70),"Bu madde yalnız kabinde ayrı bir ""erişilebilirlik butonu"" varsa doldurulur. Butonun yerden yüksekliğini ölçüp kaydedin; uygunluk kararı bu ölçünün TS EN 81-70’in ilgili maddesiyle resmi kıyaslanmasıyla verilir, AVES Saha otomatik karar vermez.","A,B,E",Görsel + Test + Talimat/İşaret,null,Yükseklik,null,null,null,null,null,null,null,true,Kabinde ayrı bir erişilebilirlik butonu yoksa bu madde uygulanmaz.,null,"[{""id"":""erisilebilirlik_butonu_yuksekligi"",""etiket"":""Erişilebilirlik butonu merkezinin yerden yüksekliği"",""birim"":""mm"",""tur"":""sayi"",""kaynak"":""ÜB.FR.43 R.04 — TS EN 81-70 Erişilebilirlik Kontrol Formu"",""referans_metni"":""Sahada görülen değer kaydedilir; kriter madde metninden değerlendirilir.""}]",null,Erişilebilirlik butonu ile ilgili eksiklikler TS EN 81-70 standardına uygun olarak giderilmelidir.,ÜB.FR.43,R.04,null,null,"[""modul_g_tam"",""saha_teyidi_e"",""saha_teyidi_h1""]",null,null
MAD-1003,1003,03 - Kabin ve Kabin Üstü,81-70,Standart / ÜB.FR.43,5.4.2.2.2. | ZA: 1.6.1 1.6.2,Büyük boy tuş takımı ölçüleri (TS EN 81-70),"Bu madde yalnız kabinde standart tuş takımına ek/alternatif ""büyük boy tuş takımı"" varsa doldurulur. Tuş takımının dış boyutunu, üzerindeki sembol yüksekliğini, butonlar arası mesafeyi ve (eğik panel ise) panel derinliğini ölçüp kaydedin; uygunluk kararı bu ölçülerin TS EN 81-70’in ilgili maddesiyle resmi kıyaslanmasıyla verilir, AVES Saha otomatik karar vermez.","A,C",Görsel + Ölçüm,null,Ölçülen değer,null,null,null,null,null,null,null,true,Kabinde büyük boy tuş takımı yoksa bu madde uygulanmaz.,null,"[{""id"":""buyuk_tus_takimi_boyutu"",""etiket"":""Büyük boy tuş takımının en büyük dış boyutu"",""birim"":""mm"",""tur"":""sayi"",""kaynak"":""ÜB.FR.43 R.04 — TS EN 81-70 Erişilebilirlik Kontrol Formu"",""referans_metni"":""Sahada görülen değer kaydedilir; kriter madde metninden değerlendirilir.""},{""id"":""buyuk_tus_sembol_yuksekligi"",""etiket"":""Büyük boy tuş takımındaki sembol yüksekliği"",""birim"":""mm"",""tur"":""sayi"",""kaynak"":""ÜB.FR.43 R.04 — TS EN 81-70 Erişilebilirlik Kontrol Formu"",""referans_metni"":""Sahada görülen değer kaydedilir; kriter madde metninden değerlendirilir.""},{""id"":""buyuk_tus_buton_araligi"",""etiket"":""Büyük boy tuş takımındaki butonlar arası mesafe"",""birim"":""mm"",""tur"":""sayi"",""kaynak"":""ÜB.FR.43 R.04 — TS EN 81-70 Erişilebilirlik Kontrol Formu"",""referans_metni"":""Sahada görülen değer kaydedilir; kriter madde metninden değerlendirilir.""},{""id"":""egik_panel_derinligi"",""etiket"":""Eğik panel derinliği"",""birim"":""mm"",""tur"":""sayi"",""kaynak"":""ÜB.FR.43 R.04 — TS EN 81-70 Erişilebilirlik Kontrol Formu"",""referans_metni"":""Sahada görülen değer kaydedilir; kriter madde metninden değerlendirilir.""}]",null,Büyük boy tuş takımları ile ilgili eksiklikler TS EN 81-70 standardına uygun olarak giderilmelidir.,ÜB.FR.43,R.04,null,null,"[""modul_g_tam"",""saha_teyidi_e"",""saha_teyidi_h1""]",null,null
MAD-1004,1004,10 - TS EN 81-70 Erişilebilirlik,81-70,Standart / ÜB.FR.43,"Yukarıda Yöntem kısmında belirtilen numaralandırma; a Tedarik edilen bileşenlerin görsel incelemesinde gerekli özelliklerin doğrulanması için gözle muayene kullanılır. b Bir performans doğrulaması/deneyi, sağlanan özelliklerin, gerekliliği karşılayacak şekilde işlevlerini yerine getirdiğini doğrular. c Ölçüm, gerekliliklerin belirtilen sınırlara kadar karşılandığını, aletlerin kullanımıyla doğrular. d Çizimler/hesaplamalar, tedarik edilen bileşenlerin tasarım karakteristiklerinin gereklilikleri karşıladığını doğrular. e İlgili noktanın ele alındığını talimat el kitabında veya işaretleyerek doğrular. | ZA: Yukarıda Yöntem kısmında belirtilen numaralandırma; a Tedarik edilen bileşenlerin görsel incelemesinde gerekli özelliklerin doğrulanması için gözle muayene kullanılır. b Bir performans doğrulaması/deneyi, sağlanan özelliklerin, gerekliliği karşılayacak şekilde işlevlerini yerine getirdiğini doğrular. c Ölçüm, gerekliliklerin belirtilen sınırlara kadar karşılandığını, aletlerin kullanımıyla doğrular. d Çizimler/hesaplamalar, tedarik edilen bileşenlerin tasarım karakteristiklerinin gereklilikleri karşıladığını doğrular. e İlgili noktanın ele alındığını talimat el kitabında veya işaretleyerek doğrular.",Diğer Kontroller,"Yukarıda Yöntem kısmında belirtilen numaralandırma; a Tedarik edilen bileşenlerin görsel incelemesinde gerekli özelliklerin doğrulanması için gözle muayene kullanılır. b Bir performans doğrulaması/deneyi, sağlanan özelliklerin, gerekliliği karşılayacak şekilde işlevlerini yerine getirdiğini doğrular. c Ölçüm, gerekliliklerin belirtilen sınırlara kadar karşılandığını, aletlerin kullanımıyla doğrular. d Çizimler/hesaplamalar, tedarik edilen bileşenlerin tasarım karakteristiklerinin gereklilikleri karşıladığını doğrular. e İlgili noktanın ele alındığını talimat el kitabında veya işaretleyerek doğrular.","YukarıdaYöntemkısmındabelirtilennumaralandırma;aTedarikedilenbileşenleringörselincelemesindegerekliözelliklerindoğrulanmasıiçingözlemuayenekullanılır.bBirperformansdoğrulaması/deneyi,sağlananözelliklerin,gerekliliğikarşılayacakşekildeişlevleriniyerinegetirdiğinidoğrular.cÖlçüm,gerekliliklerinbelirtilensınırlarakadarkarşılandığını,aletlerinkullanımıyladoğrular.dÇizimler/hesaplamalar,tedarikedilenbileşenlerintasarımkarakteristikleriningerekliliklerikarşıladığınıdoğrular.eİlgilinoktanınelealındığınıtalimatelkitabındaveyaişaretleyerekdoğrular.",null,null,null,null,null,null,null,null,null,null,false,null,null,[],null,"Yukarıda Yöntem kısmında belirtilen numaralandırma; a Tedarik edilen bileşenlerin görsel incelemesinde gerekli özelliklerin doğrulanması için gözle muayene kullanılır. b Bir performans doğrulaması/deneyi, sağlanan özelliklerin, gerekliliği karşılayacak şekilde işlevlerini yerine getirdiğini doğrular. c Ölçüm, gerekliliklerin belirtilen sınırlara kadar karşılandığını, aletlerin kullanımıyla doğrular. d Çizimler/hesaplamalar, tedarik edilen bileşenlerin tasarım karakteristiklerinin gereklilikleri karşıladığını doğrular. e İlgili noktanın ele alındığını talimat el kitabında veya işaretleyerek doğrular.",ÜB.FR.43,R.04,null,null,"[""modul_g_tam""]",null,null
MAD-1005,1005,06 - Saha Kapanışı,Genel,Saha Kapanış,KAP-01,Ana standart maddeleri ele alındı mı?,Bütün uygulanabilir ÜB.FR.38 maddelerinin işlendiğini doğrula.,null,null,null,null,null,null,null,null,null,null,null,false,null,null,[],null,null,null,null,null,null,"[""modul_g_tam""]",null,null
MAD-1006,1006,06 - Saha Kapanışı,Genel,Saha Kapanış,KAP-02,İlave standartlar kontrol edildi mi?,Uygulanabilir ek standart kontrol formlarını doğrula.,null,null,null,null,null,null,null,null,null,null,null,false,null,null,[],null,null,null,null,null,null,"[""modul_g_tam""]",null,null
MAD-1007,1007,06 - Saha Kapanışı,Genel,Saha Kapanış,KAP-03,Zorunlu ölçüler tamamlandı mı?,Eksik ölçüleri kontrol et.,null,null,null,null,null,null,null,null,null,null,null,true,null,null,[],null,null,null,null,null,null,"[""modul_g_tam""]",null,null
MAD-1008,1008,06 - Saha Kapanışı,Genel,Saha Kapanış,KAP-04,Test yapılamayan işlemler belirlendi mi?,Yapılamayan deneyleri eksik olarak işaretle.,null,null,null,null,null,null,null,null,null,null,null,true,null,null,[],null,null,null,null,null,null,"[""modul_g_tam""]",null,null
MAD-1009,1009,06 - Saha Kapanışı,Genel,Ek Mühendislik,KAP-05,Ek mühendislik bulguları tamamlandı mı?,Şüpheli ve kritik imalat maddelerinin cevapsız kalmadığını kontrol et.,null,null,Şüpheli uygulama|Kritik kusur,null,null,null,null,null,null,null,null,true,null,null,[],null,null,null,null,null,null,"[""modul_g_tam""]",null,null
